2025-04-18 00:07:24,858 - Indexer - INFO - Enhanced Indexer node started with rank 4 of 5
2025-04-18 00:07:24,871 - Indexer - INFO - Loaded AWS configuration from aws_config.json
2025-04-18 00:07:24,891 - Indexer - INFO - Found credentials in shared credentials file: ~/.aws/credentials
2025-04-18 00:07:26,443 - Indexer - INFO - Bucket web-crawler-data-storage does not exist. Creating...
2025-04-18 00:07:26,613 - Indexer - ERROR - Failed to create bucket: An error occurred (AccessDenied) when calling the CreateBucket operation: User: arn:aws:iam::405823273955:user/crawler-app is not authorized to perform: s3:CreateBucket on resource: "arn:aws:s3:::web-crawler-data-storage" because no identity-based policy allows the s3:CreateBucket action
2025-04-18 00:07:26,613 - Indexer - ERROR - Failed to initialize S3 client: An error occurred (AccessDenied) when calling the CreateBucket operation: User: arn:aws:iam::405823273955:user/crawler-app is not authorized to perform: s3:CreateBucket on resource: "arn:aws:s3:::web-crawler-data-storage" because no identity-based policy allows the s3:CreateBucket action
2025-04-18 00:07:26,617 - Indexer - INFO - CloudStorage initialized for data persistence
2025-04-18 00:07:31,600 - Indexer - WARNING - S3 client not initialized. Falling back to local storage.
2025-04-18 00:07:31,603 - Indexer - INFO - Successfully stored raw_html for https://www.python.org locally at crawled_data\raw_html\c137682bbb0946674f25d1d4bd9e07a0.html
2025-04-18 00:07:31,603 - Indexer - INFO - Stored raw HTML for https://www.python.org with result: local
2025-04-18 00:07:31,603 - Indexer - WARNING - S3 client not initialized. Falling back to local storage.
2025-04-18 00:07:31,605 - Indexer - INFO - Successfully stored processed_text for https://www.python.org locally at crawled_data\processed_text\c137682bbb0946674f25d1d4bd9e07a0.txt
2025-04-18 00:07:31,605 - Indexer - INFO - Stored processed text for https://www.python.org with result: local
2025-04-18 00:07:32,748 - Indexer - INFO - Successfully indexed https://www.python.org
2025-04-18 00:07:32,748 - Indexer - INFO - Extracted 10 keywords
2025-04-18 00:07:33,127 - Indexer - WARNING - S3 client not initialized. Falling back to local storage.
2025-04-18 00:07:33,135 - Indexer - INFO - Successfully stored raw_html for https://www.reddit.com locally at crawled_data\raw_html\30dd8fd5626b7e36783516a6e238baf2.html
2025-04-18 00:07:33,135 - Indexer - INFO - Stored raw HTML for https://www.reddit.com with result: local
2025-04-18 00:07:33,136 - Indexer - WARNING - S3 client not initialized. Falling back to local storage.
2025-04-18 00:07:33,139 - Indexer - INFO - Successfully stored processed_text for https://www.reddit.com locally at crawled_data\processed_text\30dd8fd5626b7e36783516a6e238baf2.txt
2025-04-18 00:07:33,140 - Indexer - INFO - Stored processed text for https://www.reddit.com with result: local
2025-04-18 00:07:33,264 - Indexer - INFO - Successfully indexed https://www.reddit.com
2025-04-18 00:07:33,264 - Indexer - INFO - Extracted 10 keywords
2025-04-18 00:07:33,493 - Indexer - WARNING - S3 client not initialized. Falling back to local storage.
2025-04-18 00:07:33,496 - Indexer - INFO - Successfully stored raw_html for https://www.wikipedia.org locally at crawled_data\raw_html\8d1d8a3956ab5668e1da4e3e7f856f08.html
2025-04-18 00:07:33,496 - Indexer - INFO - Stored raw HTML for https://www.wikipedia.org with result: local
2025-04-18 00:07:33,496 - Indexer - WARNING - S3 client not initialized. Falling back to local storage.
2025-04-18 00:07:33,498 - Indexer - INFO - Successfully stored processed_text for https://www.wikipedia.org locally at crawled_data\processed_text\8d1d8a3956ab5668e1da4e3e7f856f08.txt
2025-04-18 00:07:33,499 - Indexer - INFO - Stored processed text for https://www.wikipedia.org with result: local
2025-04-18 00:07:33,613 - Indexer - INFO - Successfully indexed https://www.wikipedia.org
2025-04-18 00:07:33,614 - Indexer - INFO - Extracted 10 keywords
2025-04-18 00:07:33,900 - Indexer - WARNING - S3 client not initialized. Falling back to local storage.
2025-04-18 00:07:33,902 - Indexer - INFO - Successfully stored raw_html for https://www.github.com locally at crawled_data\raw_html\1895ab41ad3a81f6fd0a194bbc337a22.html
2025-04-18 00:07:33,902 - Indexer - INFO - Stored raw HTML for https://www.github.com with result: local
2025-04-18 00:07:33,902 - Indexer - WARNING - S3 client not initialized. Falling back to local storage.
2025-04-18 00:07:33,902 - Indexer - INFO - Successfully stored processed_text for https://www.github.com locally at crawled_data\processed_text\1895ab41ad3a81f6fd0a194bbc337a22.txt
2025-04-18 00:07:33,902 - Indexer - INFO - Stored processed text for https://www.github.com with result: local
2025-04-18 00:07:34,156 - Indexer - INFO - Successfully indexed https://www.github.com
2025-04-18 00:07:34,156 - Indexer - INFO - Extracted 10 keywords
2025-04-18 00:07:34,315 - Indexer - WARNING - S3 client not initialized. Falling back to local storage.
2025-04-18 00:07:34,316 - Indexer - INFO - Successfully stored raw_html for https://docs.python.org locally at crawled_data\raw_html\ab87040aecf47a23a07dc06153094d21.html
2025-04-18 00:07:34,317 - Indexer - INFO - Stored raw HTML for https://docs.python.org with result: local
2025-04-18 00:07:34,317 - Indexer - WARNING - S3 client not initialized. Falling back to local storage.
2025-04-18 00:07:34,321 - Indexer - INFO - Successfully stored processed_text for https://docs.python.org locally at crawled_data\processed_text\ab87040aecf47a23a07dc06153094d21.txt
2025-04-18 00:07:34,322 - Indexer - INFO - Stored processed text for https://docs.python.org with result: local
2025-04-18 00:07:34,488 - Indexer - INFO - Successfully indexed https://docs.python.org
2025-04-18 00:07:34,488 - Indexer - INFO - Extracted 10 keywords
2025-04-18 00:07:35,500 - Indexer - WARNING - S3 client not initialized. Falling back to local storage.
2025-04-18 00:07:35,502 - Indexer - INFO - Successfully stored raw_html for https://pypi.org/ locally at crawled_data\raw_html\419defafa8b1d9a6418edbb446e9db79.html
2025-04-18 00:07:35,502 - Indexer - INFO - Stored raw HTML for https://pypi.org/ with result: local
2025-04-18 00:07:35,502 - Indexer - WARNING - S3 client not initialized. Falling back to local storage.
2025-04-18 00:07:35,502 - Indexer - INFO - Successfully stored processed_text for https://pypi.org/ locally at crawled_data\processed_text\419defafa8b1d9a6418edbb446e9db79.txt
2025-04-18 00:07:35,502 - Indexer - INFO - Stored processed text for https://pypi.org/ with result: local
2025-04-18 00:07:36,666 - Indexer - INFO - Successfully indexed https://pypi.org/
2025-04-18 00:07:36,666 - Indexer - INFO - Extracted 10 keywords
2025-04-18 00:07:36,805 - Indexer - WARNING - S3 client not initialized. Falling back to local storage.
2025-04-18 00:07:36,806 - Indexer - INFO - Successfully stored raw_html for https://www.python.org/psf/ locally at crawled_data\raw_html\491903eb8c7de2458019af2a1cd6a86c.html
2025-04-18 00:07:36,806 - Indexer - INFO - Stored raw HTML for https://www.python.org/psf/ with result: local
2025-04-18 00:07:36,808 - Indexer - WARNING - S3 client not initialized. Falling back to local storage.
2025-04-18 00:07:36,811 - Indexer - INFO - Successfully stored processed_text for https://www.python.org/psf/ locally at crawled_data\processed_text\491903eb8c7de2458019af2a1cd6a86c.txt
2025-04-18 00:07:36,812 - Indexer - INFO - Stored processed text for https://www.python.org/psf/ with result: local
2025-04-18 00:07:36,930 - Indexer - INFO - Successfully indexed https://www.python.org/psf/
2025-04-18 00:07:36,930 - Indexer - INFO - Extracted 10 keywords
2025-04-18 00:07:37,684 - Indexer - WARNING - S3 client not initialized. Falling back to local storage.
2025-04-18 00:07:37,692 - Indexer - INFO - Successfully stored raw_html for https://www.stackoverflow.com locally at crawled_data\raw_html\2415620324baad2a5308e2c497763b12.html
2025-04-18 00:07:37,693 - Indexer - INFO - Stored raw HTML for https://www.stackoverflow.com with result: local
2025-04-18 00:07:37,693 - Indexer - WARNING - S3 client not initialized. Falling back to local storage.
2025-04-18 00:07:37,699 - Indexer - INFO - Successfully stored processed_text for https://www.stackoverflow.com locally at crawled_data\processed_text\2415620324baad2a5308e2c497763b12.txt
2025-04-18 00:07:37,700 - Indexer - INFO - Stored processed text for https://www.stackoverflow.com with result: local
2025-04-18 00:07:38,031 - Indexer - INFO - Successfully indexed https://www.stackoverflow.com
2025-04-18 00:07:38,031 - Indexer - INFO - Extracted 10 keywords
2025-04-18 00:07:38,245 - Indexer - WARNING - S3 client not initialized. Falling back to local storage.
2025-04-18 00:07:38,248 - Indexer - INFO - Successfully stored raw_html for https://psfmember.org/civicrm/contribute/transact?reset=1&id=2 locally at crawled_data\raw_html\618bfe50d3538b5c56fc1f83e629ea52.html
2025-04-18 00:07:38,249 - Indexer - INFO - Stored raw HTML for https://psfmember.org/civicrm/contribute/transact?reset=1&id=2 with result: local
2025-04-18 00:07:38,249 - Indexer - WARNING - S3 client not initialized. Falling back to local storage.
2025-04-18 00:07:38,251 - Indexer - INFO - Successfully stored processed_text for https://psfmember.org/civicrm/contribute/transact?reset=1&id=2 locally at crawled_data\processed_text\618bfe50d3538b5c56fc1f83e629ea52.txt
2025-04-18 00:07:38,251 - Indexer - INFO - Stored processed text for https://psfmember.org/civicrm/contribute/transact?reset=1&id=2 with result: local
2025-04-18 00:07:38,427 - Indexer - INFO - Successfully indexed https://psfmember.org/civicrm/contribute/transact?reset=1&id=2
2025-04-18 00:07:38,429 - Indexer - INFO - Extracted 10 keywords
2025-04-18 00:07:38,530 - Indexer - WARNING - S3 client not initialized. Falling back to local storage.
2025-04-18 00:07:38,532 - Indexer - INFO - Successfully stored raw_html for https://www.linkedin.com/company/python-software-foundation/ locally at crawled_data\raw_html\d90ed6113df7505dad451d6f07e252ac.html
2025-04-18 00:07:38,534 - Indexer - INFO - Stored raw HTML for https://www.linkedin.com/company/python-software-foundation/ with result: local
2025-04-18 00:07:38,534 - Indexer - WARNING - S3 client not initialized. Falling back to local storage.
2025-04-18 00:07:38,538 - Indexer - INFO - Successfully stored processed_text for https://www.linkedin.com/company/python-software-foundation/ locally at crawled_data\processed_text\d90ed6113df7505dad451d6f07e252ac.txt
2025-04-18 00:07:38,538 - Indexer - INFO - Stored processed text for https://www.linkedin.com/company/python-software-foundation/ with result: local
2025-04-18 00:07:38,607 - Indexer - INFO - Successfully indexed https://www.linkedin.com/company/python-software-foundation/
2025-04-18 00:07:38,607 - Indexer - INFO - Extracted 0 keywords
2025-04-18 00:07:39,873 - Indexer - WARNING - S3 client not initialized. Falling back to local storage.
2025-04-18 00:07:39,874 - Indexer - INFO - Successfully stored raw_html for https://en.wikipedia.org/wiki/List_of_Wikipedia_mobile_applications locally at crawled_data\raw_html\c3575c8005f0a1c5e66772e422fa23c8.html
2025-04-18 00:07:39,875 - Indexer - INFO - Stored raw HTML for https://en.wikipedia.org/wiki/List_of_Wikipedia_mobile_applications with result: local
2025-04-18 00:07:39,875 - Indexer - WARNING - S3 client not initialized. Falling back to local storage.
2025-04-18 00:07:39,877 - Indexer - INFO - Successfully stored processed_text for https://en.wikipedia.org/wiki/List_of_Wikipedia_mobile_applications locally at crawled_data\processed_text\c3575c8005f0a1c5e66772e422fa23c8.txt
2025-04-18 00:07:39,877 - Indexer - INFO - Stored processed text for https://en.wikipedia.org/wiki/List_of_Wikipedia_mobile_applications with result: local
2025-04-18 00:07:41,161 - Indexer - INFO - Successfully indexed https://en.wikipedia.org/wiki/List_of_Wikipedia_mobile_applications
2025-04-18 00:07:41,161 - Indexer - INFO - Extracted 10 keywords
2025-04-18 00:07:41,396 - Indexer - WARNING - S3 client not initialized. Falling back to local storage.
2025-04-18 00:07:41,404 - Indexer - INFO - Successfully stored raw_html for https://play.google.com/store/apps/details?id=org.wikipedia&referrer=utm_source%3Dportal%26utm_medium%3Dbutton%26anid%3Dadmob locally at crawled_data\raw_html\999ec284cceaef3b439da23caa40004f.html
2025-04-18 00:07:41,406 - Indexer - INFO - Stored raw HTML for https://play.google.com/store/apps/details?id=org.wikipedia&referrer=utm_source%3Dportal%26utm_medium%3Dbutton%26anid%3Dadmob with result: local
2025-04-18 00:07:41,407 - Indexer - WARNING - S3 client not initialized. Falling back to local storage.
2025-04-18 00:07:41,409 - Indexer - INFO - Successfully stored processed_text for https://play.google.com/store/apps/details?id=org.wikipedia&referrer=utm_source%3Dportal%26utm_medium%3Dbutton%26anid%3Dadmob locally at crawled_data\processed_text\999ec284cceaef3b439da23caa40004f.txt
2025-04-18 00:07:41,410 - Indexer - INFO - Stored processed text for https://play.google.com/store/apps/details?id=org.wikipedia&referrer=utm_source%3Dportal%26utm_medium%3Dbutton%26anid%3Dadmob with result: local
2025-04-18 00:07:41,591 - Indexer - INFO - Successfully indexed https://play.google.com/store/apps/details?id=org.wikipedia&referrer=utm_source%3Dportal%26utm_medium%3Dbutton%26anid%3Dadmob
2025-04-18 00:07:41,591 - Indexer - INFO - Extracted 10 keywords
2025-04-18 00:07:42,840 - Indexer - WARNING - S3 client not initialized. Falling back to local storage.
2025-04-18 00:07:42,848 - Indexer - INFO - Successfully stored raw_html for https://meta.wikimedia.org/wiki/Special:MyLanguage/List_of_Wikipedias locally at crawled_data\raw_html\e89764c6976518e91ebe50251fa3fe33.html
2025-04-18 00:07:42,849 - Indexer - INFO - Stored raw HTML for https://meta.wikimedia.org/wiki/Special:MyLanguage/List_of_Wikipedias with result: local
2025-04-18 00:07:42,849 - Indexer - WARNING - S3 client not initialized. Falling back to local storage.
2025-04-18 00:07:42,855 - Indexer - INFO - Successfully stored processed_text for https://meta.wikimedia.org/wiki/Special:MyLanguage/List_of_Wikipedias locally at crawled_data\processed_text\e89764c6976518e91ebe50251fa3fe33.txt
2025-04-18 00:07:42,855 - Indexer - INFO - Stored processed text for https://meta.wikimedia.org/wiki/Special:MyLanguage/List_of_Wikipedias with result: local
2025-04-18 00:07:43,295 - Indexer - INFO - Successfully indexed https://meta.wikimedia.org/wiki/Special:MyLanguage/List_of_Wikipedias
2025-04-18 00:07:43,295 - Indexer - INFO - Extracted 10 keywords
2025-04-18 00:07:43,470 - Indexer - WARNING - S3 client not initialized. Falling back to local storage.
2025-04-18 00:07:43,472 - Indexer - INFO - Successfully stored raw_html for https://donate.wikimedia.org/?wmf_medium=portal&wmf_campaign=portalFooter&wmf_source=portalFooter locally at crawled_data\raw_html\e80926e2c85c2736bd72ce8f1fda94c6.html
2025-04-18 00:07:43,472 - Indexer - INFO - Stored raw HTML for https://donate.wikimedia.org/?wmf_medium=portal&wmf_campaign=portalFooter&wmf_source=portalFooter with result: local
2025-04-18 00:07:43,472 - Indexer - WARNING - S3 client not initialized. Falling back to local storage.
2025-04-18 00:07:43,474 - Indexer - INFO - Successfully stored processed_text for https://donate.wikimedia.org/?wmf_medium=portal&wmf_campaign=portalFooter&wmf_source=portalFooter locally at crawled_data\processed_text\e80926e2c85c2736bd72ce8f1fda94c6.txt
2025-04-18 00:07:43,475 - Indexer - INFO - Stored processed text for https://donate.wikimedia.org/?wmf_medium=portal&wmf_campaign=portalFooter&wmf_source=portalFooter with result: local
2025-04-18 00:07:43,578 - Indexer - INFO - Successfully indexed https://donate.wikimedia.org/?wmf_medium=portal&wmf_campaign=portalFooter&wmf_source=portalFooter
2025-04-18 00:07:43,578 - Indexer - INFO - Extracted 10 keywords
2025-04-18 00:07:43,880 - Indexer - WARNING - S3 client not initialized. Falling back to local storage.
2025-04-18 00:07:43,884 - Indexer - INFO - Successfully stored raw_html for https://github.com/security/advanced-security locally at crawled_data\raw_html\1fe3a393f05c47bb0a664cde7f830a83.html
2025-04-18 00:07:43,885 - Indexer - INFO - Stored raw HTML for https://github.com/security/advanced-security with result: local
2025-04-18 00:07:43,885 - Indexer - WARNING - S3 client not initialized. Falling back to local storage.
2025-04-18 00:07:43,887 - Indexer - INFO - Successfully stored processed_text for https://github.com/security/advanced-security locally at crawled_data\processed_text\1fe3a393f05c47bb0a664cde7f830a83.txt
2025-04-18 00:07:43,888 - Indexer - INFO - Stored processed text for https://github.com/security/advanced-security with result: local
2025-04-18 00:07:44,012 - Indexer - INFO - Successfully indexed https://github.com/security/advanced-security
2025-04-18 00:07:44,012 - Indexer - INFO - Extracted 10 keywords
2025-04-18 00:07:44,406 - Indexer - WARNING - S3 client not initialized. Falling back to local storage.
2025-04-18 00:07:44,412 - Indexer - INFO - Successfully stored raw_html for https://github.com/features/copilot locally at crawled_data\raw_html\dba769c840ccac35bd2dae4b74d18025.html
2025-04-18 00:07:44,412 - Indexer - INFO - Stored raw HTML for https://github.com/features/copilot with result: local
2025-04-18 00:07:44,413 - Indexer - WARNING - S3 client not initialized. Falling back to local storage.
2025-04-18 00:07:44,419 - Indexer - INFO - Successfully stored processed_text for https://github.com/features/copilot locally at crawled_data\processed_text\dba769c840ccac35bd2dae4b74d18025.txt
2025-04-18 00:07:44,419 - Indexer - INFO - Stored processed text for https://github.com/features/copilot with result: local
2025-04-18 00:07:45,433 - Indexer - INFO - Successfully indexed https://github.com/features/copilot
2025-04-18 00:07:45,433 - Indexer - INFO - Extracted 10 keywords
2025-04-18 00:07:45,593 - Indexer - WARNING - S3 client not initialized. Falling back to local storage.
2025-04-18 00:07:45,596 - Indexer - INFO - Successfully stored raw_html for https://itunes.apple.com/app/apple-store/id324715238?pt=208305&ct=portal&mt=8 locally at crawled_data\raw_html\4ab61f2e1910f4ba05089d1f2e2e5e61.html
2025-04-18 00:07:45,596 - Indexer - INFO - Stored raw HTML for https://itunes.apple.com/app/apple-store/id324715238?pt=208305&ct=portal&mt=8 with result: local
2025-04-18 00:07:45,596 - Indexer - WARNING - S3 client not initialized. Falling back to local storage.
2025-04-18 00:07:45,597 - Indexer - INFO - Successfully stored processed_text for https://itunes.apple.com/app/apple-store/id324715238?pt=208305&ct=portal&mt=8 locally at crawled_data\processed_text\4ab61f2e1910f4ba05089d1f2e2e5e61.txt
2025-04-18 00:07:45,598 - Indexer - INFO - Stored processed text for https://itunes.apple.com/app/apple-store/id324715238?pt=208305&ct=portal&mt=8 with result: local
2025-04-18 00:07:45,706 - Indexer - INFO - Successfully indexed https://itunes.apple.com/app/apple-store/id324715238?pt=208305&ct=portal&mt=8
2025-04-18 00:07:45,706 - Indexer - INFO - Extracted 10 keywords
2025-04-18 00:07:45,944 - Indexer - WARNING - S3 client not initialized. Falling back to local storage.
2025-04-18 00:07:45,947 - Indexer - INFO - Successfully stored raw_html for https://github.com/features/actions locally at crawled_data\raw_html\d7af0858294d18fa9f4dc16984f9a98d.html
2025-04-18 00:07:45,947 - Indexer - INFO - Stored raw HTML for https://github.com/features/actions with result: local
2025-04-18 00:07:45,947 - Indexer - WARNING - S3 client not initialized. Falling back to local storage.
2025-04-18 00:07:45,950 - Indexer - INFO - Successfully stored processed_text for https://github.com/features/actions locally at crawled_data\processed_text\d7af0858294d18fa9f4dc16984f9a98d.txt
2025-04-18 00:07:45,950 - Indexer - INFO - Stored processed text for https://github.com/features/actions with result: local
2025-04-18 00:07:46,082 - Indexer - INFO - Successfully indexed https://github.com/features/actions
2025-04-18 00:07:46,082 - Indexer - INFO - Extracted 10 keywords
2025-04-18 00:07:46,337 - Indexer - WARNING - S3 client not initialized. Falling back to local storage.
2025-04-18 00:07:46,341 - Indexer - INFO - Successfully stored raw_html for https://github.com/features/codespaces locally at crawled_data\raw_html\9b0feeb833799d4ed2b4e16427b7032e.html
2025-04-18 00:07:46,341 - Indexer - INFO - Stored raw HTML for https://github.com/features/codespaces with result: local
2025-04-18 00:07:46,341 - Indexer - WARNING - S3 client not initialized. Falling back to local storage.
2025-04-18 00:07:46,346 - Indexer - INFO - Successfully stored processed_text for https://github.com/features/codespaces locally at crawled_data\processed_text\9b0feeb833799d4ed2b4e16427b7032e.txt
2025-04-18 00:07:46,346 - Indexer - INFO - Stored processed text for https://github.com/features/codespaces with result: local
2025-04-18 00:07:46,475 - Indexer - INFO - Successfully indexed https://github.com/features/codespaces
2025-04-18 00:07:46,475 - Indexer - INFO - Extracted 10 keywords
2025-04-18 00:07:46,964 - Indexer - WARNING - S3 client not initialized. Falling back to local storage.
2025-04-18 00:07:46,967 - Indexer - INFO - Successfully stored raw_html for https://github.com/features/issues locally at crawled_data\raw_html\e2829aebb11ffc941af2d189e2298796.html
2025-04-18 00:07:46,968 - Indexer - INFO - Stored raw HTML for https://github.com/features/issues with result: local
2025-04-18 00:07:46,968 - Indexer - WARNING - S3 client not initialized. Falling back to local storage.
2025-04-18 00:07:46,970 - Indexer - INFO - Successfully stored processed_text for https://github.com/features/issues locally at crawled_data\processed_text\e2829aebb11ffc941af2d189e2298796.txt
2025-04-18 00:07:46,970 - Indexer - INFO - Stored processed text for https://github.com/features/issues with result: local
2025-04-18 00:07:47,072 - Indexer - INFO - Successfully indexed https://github.com/features/issues
2025-04-18 00:07:47,072 - Indexer - INFO - Extracted 10 keywords
2025-04-18 00:07:47,173 - Indexer - INFO - Indexer received shutdown signal. Generating final statistics...
2025-04-18 00:07:47,205 - Indexer - INFO - Final Index Statistics:
2025-04-18 00:07:47,206 - Indexer - INFO - Total documents indexed: 23
2025-04-18 00:07:47,206 - Indexer - INFO - Total unique URLs processed: 20
2025-04-18 00:07:47,206 - Indexer - INFO - 
Example Search Results:
2025-04-18 00:07:47,248 - Indexer - INFO - 
Query: python AND programming
2025-04-18 00:07:47,248 - Indexer - INFO - Found 5 results
2025-04-18 00:07:47,253 - Indexer - INFO - 
Query: title:github
2025-04-18 00:07:47,254 - Indexer - INFO - Found 0 results
2025-04-18 00:07:47,274 - Indexer - INFO - 
Query: "open source"
2025-04-18 00:07:47,274 - Indexer - INFO - Found 9 results
2025-04-18 00:07:47,294 - Indexer - INFO - 
Query: content:machine learning
2025-04-18 00:07:47,294 - Indexer - INFO - Found 3 results
2025-04-18 00:18:19,726 - Indexer - INFO - Enhanced Indexer node started with rank 4 of 5
2025-04-18 00:18:19,728 - Indexer - INFO - Loaded AWS configuration from aws_config.json
2025-04-18 00:18:19,747 - Indexer - INFO - Found credentials in shared credentials file: ~/.aws/credentials
2025-04-18 00:18:20,928 - Indexer - INFO - Bucket web-crawler-data-storage does not exist. Creating...
2025-04-18 00:18:21,245 - Indexer - INFO - Successfully created bucket web-crawler-data-storage
2025-04-18 00:18:21,245 - Indexer - INFO - Successfully connected to AWS S3 in region us-east-1
2025-04-18 00:18:21,246 - Indexer - INFO - CloudStorage initialized for data persistence
2025-04-18 00:18:26,974 - Indexer - ERROR - Failed to store raw HTML for https://www.python.org: An error occurred (AccessDenied) when calling the PutObject operation: User: arn:aws:iam::405823273955:user/crawler-app is not authorized to perform: s3:PutObject on resource: "arn:aws:s3:::web-crawler-data-storage/raw_html/2025/04/18/c137682bbb0946674f25d1d4bd9e07a0.html" because no identity-based policy allows the s3:PutObject action
2025-04-18 00:18:26,977 - Indexer - INFO - Successfully stored raw_html for https://www.python.org locally at crawled_data\raw_html\c137682bbb0946674f25d1d4bd9e07a0.html
2025-04-18 00:18:26,977 - Indexer - INFO - Stored raw HTML for https://www.python.org with result: local
2025-04-18 00:18:28,707 - Indexer - ERROR - Failed to store processed text for https://www.python.org: An error occurred (AccessDenied) when calling the PutObject operation: User: arn:aws:iam::405823273955:user/crawler-app is not authorized to perform: s3:PutObject on resource: "arn:aws:s3:::web-crawler-data-storage/processed_text/2025/04/18/c137682bbb0946674f25d1d4bd9e07a0.txt" because no identity-based policy allows the s3:PutObject action
2025-04-18 00:18:28,710 - Indexer - INFO - Successfully stored processed_text for https://www.python.org locally at crawled_data\processed_text\c137682bbb0946674f25d1d4bd9e07a0.txt
2025-04-18 00:18:28,710 - Indexer - INFO - Stored processed text for https://www.python.org with result: local
2025-04-18 00:18:29,813 - Indexer - INFO - Successfully indexed https://www.python.org
2025-04-18 00:18:29,813 - Indexer - INFO - Extracted 10 keywords
2025-04-18 00:18:31,523 - Indexer - ERROR - Failed to store raw HTML for https://www.reddit.com: An error occurred (AccessDenied) when calling the PutObject operation: User: arn:aws:iam::405823273955:user/crawler-app is not authorized to perform: s3:PutObject on resource: "arn:aws:s3:::web-crawler-data-storage/raw_html/2025/04/18/30dd8fd5626b7e36783516a6e238baf2.html" because no identity-based policy allows the s3:PutObject action
2025-04-18 00:18:31,529 - Indexer - INFO - Successfully stored raw_html for https://www.reddit.com locally at crawled_data\raw_html\30dd8fd5626b7e36783516a6e238baf2.html
2025-04-18 00:18:31,529 - Indexer - INFO - Stored raw HTML for https://www.reddit.com with result: local
2025-04-18 00:18:33,210 - Indexer - ERROR - Failed to store processed text for https://www.reddit.com: An error occurred (AccessDenied) when calling the PutObject operation: User: arn:aws:iam::405823273955:user/crawler-app is not authorized to perform: s3:PutObject on resource: "arn:aws:s3:::web-crawler-data-storage/processed_text/2025/04/18/30dd8fd5626b7e36783516a6e238baf2.txt" because no identity-based policy allows the s3:PutObject action
2025-04-18 00:18:33,212 - Indexer - INFO - Successfully stored processed_text for https://www.reddit.com locally at crawled_data\processed_text\30dd8fd5626b7e36783516a6e238baf2.txt
2025-04-18 00:18:33,212 - Indexer - INFO - Stored processed text for https://www.reddit.com with result: local
2025-04-18 00:18:33,330 - Indexer - INFO - Successfully indexed https://www.reddit.com
2025-04-18 00:18:33,330 - Indexer - INFO - Extracted 10 keywords
2025-04-18 00:18:35,076 - Indexer - ERROR - Failed to store raw HTML for https://www.wikipedia.org: An error occurred (AccessDenied) when calling the PutObject operation: User: arn:aws:iam::405823273955:user/crawler-app is not authorized to perform: s3:PutObject on resource: "arn:aws:s3:::web-crawler-data-storage/raw_html/2025/04/18/8d1d8a3956ab5668e1da4e3e7f856f08.html" because no identity-based policy allows the s3:PutObject action
2025-04-18 00:18:35,078 - Indexer - INFO - Successfully stored raw_html for https://www.wikipedia.org locally at crawled_data\raw_html\8d1d8a3956ab5668e1da4e3e7f856f08.html
2025-04-18 00:18:35,078 - Indexer - INFO - Stored raw HTML for https://www.wikipedia.org with result: local
2025-04-18 00:18:36,182 - Indexer - ERROR - Failed to store processed text for https://www.wikipedia.org: An error occurred (AccessDenied) when calling the PutObject operation: User: arn:aws:iam::405823273955:user/crawler-app is not authorized to perform: s3:PutObject on resource: "arn:aws:s3:::web-crawler-data-storage/processed_text/2025/04/18/8d1d8a3956ab5668e1da4e3e7f856f08.txt" because no identity-based policy allows the s3:PutObject action
2025-04-18 00:18:36,184 - Indexer - INFO - Successfully stored processed_text for https://www.wikipedia.org locally at crawled_data\processed_text\8d1d8a3956ab5668e1da4e3e7f856f08.txt
2025-04-18 00:18:36,185 - Indexer - INFO - Stored processed text for https://www.wikipedia.org with result: local
2025-04-18 00:18:36,300 - Indexer - INFO - Successfully indexed https://www.wikipedia.org
2025-04-18 00:18:36,301 - Indexer - INFO - Extracted 10 keywords
2025-04-18 00:18:37,688 - Indexer - ERROR - Failed to store raw HTML for https://www.github.com: An error occurred (AccessDenied) when calling the PutObject operation: User: arn:aws:iam::405823273955:user/crawler-app is not authorized to perform: s3:PutObject on resource: "arn:aws:s3:::web-crawler-data-storage/raw_html/2025/04/18/1895ab41ad3a81f6fd0a194bbc337a22.html" because no identity-based policy allows the s3:PutObject action
2025-04-18 00:18:37,692 - Indexer - INFO - Successfully stored raw_html for https://www.github.com locally at crawled_data\raw_html\1895ab41ad3a81f6fd0a194bbc337a22.html
2025-04-18 00:18:37,693 - Indexer - INFO - Stored raw HTML for https://www.github.com with result: local
2025-04-18 00:18:38,645 - Indexer - ERROR - Failed to store processed text for https://www.github.com: An error occurred (AccessDenied) when calling the PutObject operation: User: arn:aws:iam::405823273955:user/crawler-app is not authorized to perform: s3:PutObject on resource: "arn:aws:s3:::web-crawler-data-storage/processed_text/2025/04/18/1895ab41ad3a81f6fd0a194bbc337a22.txt" because no identity-based policy allows the s3:PutObject action
2025-04-18 00:18:38,647 - Indexer - INFO - Successfully stored processed_text for https://www.github.com locally at crawled_data\processed_text\1895ab41ad3a81f6fd0a194bbc337a22.txt
2025-04-18 00:18:38,647 - Indexer - INFO - Stored processed text for https://www.github.com with result: local
2025-04-18 00:18:38,780 - Indexer - INFO - Successfully indexed https://www.github.com
2025-04-18 00:18:38,780 - Indexer - INFO - Extracted 10 keywords
2025-04-18 00:18:39,907 - Indexer - ERROR - Failed to store raw HTML for https://docs.python.org: An error occurred (AccessDenied) when calling the PutObject operation: User: arn:aws:iam::405823273955:user/crawler-app is not authorized to perform: s3:PutObject on resource: "arn:aws:s3:::web-crawler-data-storage/raw_html/2025/04/18/ab87040aecf47a23a07dc06153094d21.html" because no identity-based policy allows the s3:PutObject action
2025-04-18 00:18:39,908 - Indexer - INFO - Successfully stored raw_html for https://docs.python.org locally at crawled_data\raw_html\ab87040aecf47a23a07dc06153094d21.html
2025-04-18 00:18:39,908 - Indexer - INFO - Stored raw HTML for https://docs.python.org with result: local
2025-04-18 00:18:40,846 - Indexer - ERROR - Failed to store processed text for https://docs.python.org: An error occurred (AccessDenied) when calling the PutObject operation: User: arn:aws:iam::405823273955:user/crawler-app is not authorized to perform: s3:PutObject on resource: "arn:aws:s3:::web-crawler-data-storage/processed_text/2025/04/18/ab87040aecf47a23a07dc06153094d21.txt" because no identity-based policy allows the s3:PutObject action
2025-04-18 00:18:40,848 - Indexer - INFO - Successfully stored processed_text for https://docs.python.org locally at crawled_data\processed_text\ab87040aecf47a23a07dc06153094d21.txt
2025-04-18 00:18:40,849 - Indexer - INFO - Stored processed text for https://docs.python.org with result: local
2025-04-18 00:18:40,983 - Indexer - INFO - Successfully indexed https://docs.python.org
2025-04-18 00:18:40,983 - Indexer - INFO - Extracted 10 keywords
2025-04-18 00:18:42,335 - Indexer - ERROR - Failed to store raw HTML for https://www.python.org/psf/: An error occurred (AccessDenied) when calling the PutObject operation: User: arn:aws:iam::405823273955:user/crawler-app is not authorized to perform: s3:PutObject on resource: "arn:aws:s3:::web-crawler-data-storage/raw_html/2025/04/18/491903eb8c7de2458019af2a1cd6a86c.html" because no identity-based policy allows the s3:PutObject action
2025-04-18 00:18:42,337 - Indexer - INFO - Successfully stored raw_html for https://www.python.org/psf/ locally at crawled_data\raw_html\491903eb8c7de2458019af2a1cd6a86c.html
2025-04-18 00:18:42,338 - Indexer - INFO - Stored raw HTML for https://www.python.org/psf/ with result: local
2025-04-18 00:18:44,634 - Indexer - ERROR - Failed to store processed text for https://www.python.org/psf/: An error occurred (AccessDenied) when calling the PutObject operation: User: arn:aws:iam::405823273955:user/crawler-app is not authorized to perform: s3:PutObject on resource: "arn:aws:s3:::web-crawler-data-storage/processed_text/2025/04/18/491903eb8c7de2458019af2a1cd6a86c.txt" because no identity-based policy allows the s3:PutObject action
2025-04-18 00:18:44,636 - Indexer - INFO - Successfully stored processed_text for https://www.python.org/psf/ locally at crawled_data\processed_text\491903eb8c7de2458019af2a1cd6a86c.txt
2025-04-18 00:18:44,637 - Indexer - INFO - Stored processed text for https://www.python.org/psf/ with result: local
2025-04-18 00:18:45,827 - Indexer - INFO - Successfully indexed https://www.python.org/psf/
2025-04-18 00:18:45,827 - Indexer - INFO - Extracted 10 keywords
2025-04-18 00:23:32,490 - Indexer - INFO - Enhanced Indexer node started with rank 4 of 5
2025-04-18 00:23:32,496 - Indexer - INFO - Loaded AWS configuration from aws_config.json
2025-04-18 00:23:32,525 - Indexer - INFO - Found credentials in shared credentials file: ~/.aws/credentials
2025-04-18 00:23:34,306 - Indexer - INFO - Bucket web-crawler-data-storage already exists
2025-04-18 00:23:34,307 - Indexer - INFO - Successfully connected to AWS S3 in region us-east-1
2025-04-18 00:23:34,307 - Indexer - INFO - CloudStorage initialized for data persistence
2025-04-18 00:23:44,098 - Indexer - INFO - Successfully stored raw HTML for https://www.python.org at s3://web-crawler-data-storage/raw_html/2025/04/18/c137682bbb0946674f25d1d4bd9e07a0.html
2025-04-18 00:23:44,098 - Indexer - INFO - Stored raw HTML for https://www.python.org with result: s3
2025-04-18 00:23:44,421 - Indexer - INFO - Successfully stored processed text for https://www.python.org at s3://web-crawler-data-storage/processed_text/2025/04/18/c137682bbb0946674f25d1d4bd9e07a0.txt
2025-04-18 00:23:44,780 - Indexer - INFO - Successfully stored metadata for https://www.python.org at s3://web-crawler-data-storage/metadata/2025/04/18/c137682bbb0946674f25d1d4bd9e07a0.json
2025-04-18 00:23:44,780 - Indexer - INFO - Stored processed text for https://www.python.org with result: s3
2025-04-18 00:23:44,889 - Indexer - INFO - Successfully indexed https://www.python.org
2025-04-18 00:23:44,889 - Indexer - INFO - Extracted 10 keywords
2025-04-18 00:23:48,288 - Indexer - INFO - Successfully stored raw HTML for https://www.reddit.com at s3://web-crawler-data-storage/raw_html/2025/04/18/30dd8fd5626b7e36783516a6e238baf2.html
2025-04-18 00:23:48,288 - Indexer - INFO - Stored raw HTML for https://www.reddit.com with result: s3
2025-04-18 00:23:48,653 - Indexer - INFO - Successfully stored processed text for https://www.reddit.com at s3://web-crawler-data-storage/processed_text/2025/04/18/30dd8fd5626b7e36783516a6e238baf2.txt
2025-04-18 00:23:49,002 - Indexer - INFO - Successfully stored metadata for https://www.reddit.com at s3://web-crawler-data-storage/metadata/2025/04/18/30dd8fd5626b7e36783516a6e238baf2.json
2025-04-18 00:23:49,002 - Indexer - INFO - Stored processed text for https://www.reddit.com with result: s3
2025-04-18 00:23:49,107 - Indexer - INFO - Successfully indexed https://www.reddit.com
2025-04-18 00:23:49,107 - Indexer - INFO - Extracted 10 keywords
2025-04-18 00:23:50,011 - Indexer - INFO - Successfully stored raw HTML for https://www.wikipedia.org at s3://web-crawler-data-storage/raw_html/2025/04/18/8d1d8a3956ab5668e1da4e3e7f856f08.html
2025-04-18 00:23:50,011 - Indexer - INFO - Stored raw HTML for https://www.wikipedia.org with result: s3
2025-04-18 00:23:50,380 - Indexer - INFO - Successfully stored processed text for https://www.wikipedia.org at s3://web-crawler-data-storage/processed_text/2025/04/18/8d1d8a3956ab5668e1da4e3e7f856f08.txt
2025-04-18 00:23:50,708 - Indexer - INFO - Successfully stored metadata for https://www.wikipedia.org at s3://web-crawler-data-storage/metadata/2025/04/18/8d1d8a3956ab5668e1da4e3e7f856f08.json
2025-04-18 00:23:50,708 - Indexer - INFO - Stored processed text for https://www.wikipedia.org with result: s3
2025-04-18 00:23:50,834 - Indexer - INFO - Successfully indexed https://www.wikipedia.org
2025-04-18 00:23:50,834 - Indexer - INFO - Extracted 10 keywords
2025-04-18 00:23:53,115 - Indexer - INFO - Successfully stored raw HTML for https://www.github.com at s3://web-crawler-data-storage/raw_html/2025/04/18/1895ab41ad3a81f6fd0a194bbc337a22.html
2025-04-18 00:23:53,115 - Indexer - INFO - Stored raw HTML for https://www.github.com with result: s3
2025-04-18 00:23:53,599 - Indexer - INFO - Successfully stored processed text for https://www.github.com at s3://web-crawler-data-storage/processed_text/2025/04/18/1895ab41ad3a81f6fd0a194bbc337a22.txt
2025-04-18 00:23:55,098 - Indexer - INFO - Successfully stored metadata for https://www.github.com at s3://web-crawler-data-storage/metadata/2025/04/18/1895ab41ad3a81f6fd0a194bbc337a22.json
2025-04-18 00:23:55,098 - Indexer - INFO - Stored processed text for https://www.github.com with result: s3
2025-04-18 00:23:55,251 - Indexer - INFO - Successfully indexed https://www.github.com
2025-04-18 00:23:55,251 - Indexer - INFO - Extracted 10 keywords
2025-04-18 00:23:56,514 - Indexer - INFO - Successfully stored raw HTML for https://docs.python.org at s3://web-crawler-data-storage/raw_html/2025/04/18/ab87040aecf47a23a07dc06153094d21.html
2025-04-18 00:23:56,514 - Indexer - INFO - Stored raw HTML for https://docs.python.org with result: s3
2025-04-18 00:23:58,398 - Indexer - INFO - Successfully stored processed text for https://docs.python.org at s3://web-crawler-data-storage/processed_text/2025/04/18/ab87040aecf47a23a07dc06153094d21.txt
2025-04-18 00:23:59,572 - Indexer - INFO - Successfully stored metadata for https://docs.python.org at s3://web-crawler-data-storage/metadata/2025/04/18/ab87040aecf47a23a07dc06153094d21.json
2025-04-18 00:23:59,573 - Indexer - INFO - Stored processed text for https://docs.python.org with result: s3
2025-04-18 00:24:00,771 - Indexer - INFO - Successfully indexed https://docs.python.org
2025-04-18 00:24:00,772 - Indexer - INFO - Extracted 10 keywords
2025-04-18 00:24:02,873 - Indexer - INFO - Successfully stored raw HTML for https://www.python.org/psf/ at s3://web-crawler-data-storage/raw_html/2025/04/18/491903eb8c7de2458019af2a1cd6a86c.html
2025-04-18 00:24:02,873 - Indexer - INFO - Stored raw HTML for https://www.python.org/psf/ with result: s3
2025-04-18 00:24:05,392 - Indexer - INFO - Successfully stored processed text for https://www.python.org/psf/ at s3://web-crawler-data-storage/processed_text/2025/04/18/491903eb8c7de2458019af2a1cd6a86c.txt
2025-04-18 00:24:06,100 - Indexer - INFO - Successfully stored metadata for https://www.python.org/psf/ at s3://web-crawler-data-storage/metadata/2025/04/18/491903eb8c7de2458019af2a1cd6a86c.json
2025-04-18 00:24:06,101 - Indexer - INFO - Stored processed text for https://www.python.org/psf/ with result: s3
2025-04-18 00:24:06,186 - Indexer - INFO - Successfully indexed https://www.python.org/psf/
2025-04-18 00:24:06,186 - Indexer - INFO - Extracted 10 keywords
2025-04-18 00:38:05,766 - Indexer - INFO - Enhanced Indexer node started with rank 4 of 5
2025-04-18 00:38:05,767 - Indexer - INFO - Loaded AWS configuration from aws_config.json
2025-04-18 00:38:05,781 - Indexer - INFO - Found credentials in shared credentials file: ~/.aws/credentials
2025-04-18 00:38:06,891 - Indexer - INFO - Bucket web-crawler-data-storage already exists
2025-04-18 00:38:06,892 - Indexer - INFO - Successfully connected to AWS S3 in region us-east-1
2025-04-18 00:38:06,892 - Indexer - INFO - CloudStorage initialized for data persistence
2025-04-18 00:38:11,467 - Indexer - INFO - Successfully stored raw HTML for https://www.wikipedia.org at s3://web-crawler-data-storage/raw_html/2025/04/18/8d1d8a3956ab5668e1da4e3e7f856f08.html
2025-04-18 00:38:11,468 - Indexer - INFO - Stored raw HTML for https://www.wikipedia.org with result: s3
2025-04-18 00:38:11,772 - Indexer - INFO - Successfully stored processed text for https://www.wikipedia.org at s3://web-crawler-data-storage/processed_text/2025/04/18/8d1d8a3956ab5668e1da4e3e7f856f08.txt
2025-04-18 00:38:12,080 - Indexer - INFO - Successfully stored metadata for https://www.wikipedia.org at s3://web-crawler-data-storage/metadata/2025/04/18/8d1d8a3956ab5668e1da4e3e7f856f08.json
2025-04-18 00:38:12,081 - Indexer - INFO - Stored processed text for https://www.wikipedia.org with result: s3
2025-04-18 00:38:12,151 - Indexer - INFO - Successfully indexed https://www.wikipedia.org
2025-04-18 00:38:12,152 - Indexer - INFO - Extracted 10 keywords
2025-04-18 00:38:15,225 - Indexer - INFO - Successfully stored raw HTML for https://www.reddit.com at s3://web-crawler-data-storage/raw_html/2025/04/18/30dd8fd5626b7e36783516a6e238baf2.html
2025-04-18 00:38:15,226 - Indexer - INFO - Stored raw HTML for https://www.reddit.com with result: s3
2025-04-18 00:38:15,550 - Indexer - INFO - Successfully stored processed text for https://www.reddit.com at s3://web-crawler-data-storage/processed_text/2025/04/18/30dd8fd5626b7e36783516a6e238baf2.txt
2025-04-18 00:38:15,876 - Indexer - INFO - Successfully stored metadata for https://www.reddit.com at s3://web-crawler-data-storage/metadata/2025/04/18/30dd8fd5626b7e36783516a6e238baf2.json
2025-04-18 00:38:15,885 - Indexer - INFO - Stored processed text for https://www.reddit.com with result: s3
2025-04-18 00:38:15,964 - Indexer - INFO - Successfully indexed https://www.reddit.com
2025-04-18 00:38:15,965 - Indexer - INFO - Extracted 10 keywords
2025-04-18 00:38:16,633 - Indexer - INFO - Successfully stored raw HTML for https://www.python.org at s3://web-crawler-data-storage/raw_html/2025/04/18/c137682bbb0946674f25d1d4bd9e07a0.html
2025-04-18 00:38:16,633 - Indexer - INFO - Stored raw HTML for https://www.python.org with result: s3
2025-04-18 00:38:16,950 - Indexer - INFO - Successfully stored processed text for https://www.python.org at s3://web-crawler-data-storage/processed_text/2025/04/18/c137682bbb0946674f25d1d4bd9e07a0.txt
2025-04-18 00:38:17,261 - Indexer - INFO - Successfully stored metadata for https://www.python.org at s3://web-crawler-data-storage/metadata/2025/04/18/c137682bbb0946674f25d1d4bd9e07a0.json
2025-04-18 00:38:17,262 - Indexer - INFO - Stored processed text for https://www.python.org with result: s3
2025-04-18 00:38:17,352 - Indexer - INFO - Successfully indexed https://www.python.org
2025-04-18 00:38:17,352 - Indexer - INFO - Extracted 10 keywords
2025-04-18 00:38:19,326 - Indexer - INFO - Successfully stored raw HTML for https://www.github.com at s3://web-crawler-data-storage/raw_html/2025/04/18/1895ab41ad3a81f6fd0a194bbc337a22.html
2025-04-18 00:38:19,326 - Indexer - INFO - Stored raw HTML for https://www.github.com with result: s3
2025-04-18 00:38:19,663 - Indexer - INFO - Successfully stored processed text for https://www.github.com at s3://web-crawler-data-storage/processed_text/2025/04/18/1895ab41ad3a81f6fd0a194bbc337a22.txt
2025-04-18 00:38:19,977 - Indexer - INFO - Successfully stored metadata for https://www.github.com at s3://web-crawler-data-storage/metadata/2025/04/18/1895ab41ad3a81f6fd0a194bbc337a22.json
2025-04-18 00:38:19,978 - Indexer - INFO - Stored processed text for https://www.github.com with result: s3
2025-04-18 00:38:20,786 - Indexer - INFO - Successfully indexed https://www.github.com
2025-04-18 00:38:20,786 - Indexer - INFO - Extracted 10 keywords
2025-04-18 00:38:21,592 - Indexer - INFO - Successfully stored raw HTML for https://donate.wikimedia.org/?wmf_medium=portal&wmf_campaign=portalFooter&wmf_source=portalFooter at s3://web-crawler-data-storage/raw_html/2025/04/18/e80926e2c85c2736bd72ce8f1fda94c6.html
2025-04-18 00:38:21,592 - Indexer - INFO - Stored raw HTML for https://donate.wikimedia.org/?wmf_medium=portal&wmf_campaign=portalFooter&wmf_source=portalFooter with result: s3
2025-04-18 00:38:21,904 - Indexer - INFO - Successfully stored processed text for https://donate.wikimedia.org/?wmf_medium=portal&wmf_campaign=portalFooter&wmf_source=portalFooter at s3://web-crawler-data-storage/processed_text/2025/04/18/e80926e2c85c2736bd72ce8f1fda94c6.txt
2025-04-18 00:38:22,204 - Indexer - INFO - Successfully stored metadata for https://donate.wikimedia.org/?wmf_medium=portal&wmf_campaign=portalFooter&wmf_source=portalFooter at s3://web-crawler-data-storage/metadata/2025/04/18/e80926e2c85c2736bd72ce8f1fda94c6.json
2025-04-18 00:38:22,204 - Indexer - INFO - Stored processed text for https://donate.wikimedia.org/?wmf_medium=portal&wmf_campaign=portalFooter&wmf_source=portalFooter with result: s3
2025-04-18 00:38:22,270 - Indexer - INFO - Successfully indexed https://donate.wikimedia.org/?wmf_medium=portal&wmf_campaign=portalFooter&wmf_source=portalFooter
2025-04-18 00:38:22,270 - Indexer - INFO - Extracted 10 keywords
2025-04-18 00:38:27,555 - Indexer - INFO - Successfully stored raw HTML for https://meta.wikimedia.org/wiki/Special:MyLanguage/List_of_Wikipedias at s3://web-crawler-data-storage/raw_html/2025/04/18/e89764c6976518e91ebe50251fa3fe33.html
2025-04-18 00:38:27,556 - Indexer - INFO - Stored raw HTML for https://meta.wikimedia.org/wiki/Special:MyLanguage/List_of_Wikipedias with result: s3
2025-04-18 00:38:27,976 - Indexer - INFO - Successfully stored processed text for https://meta.wikimedia.org/wiki/Special:MyLanguage/List_of_Wikipedias at s3://web-crawler-data-storage/processed_text/2025/04/18/e89764c6976518e91ebe50251fa3fe33.txt
2025-04-18 00:38:28,424 - Indexer - INFO - Successfully stored metadata for https://meta.wikimedia.org/wiki/Special:MyLanguage/List_of_Wikipedias at s3://web-crawler-data-storage/metadata/2025/04/18/e89764c6976518e91ebe50251fa3fe33.json
2025-04-18 00:38:28,425 - Indexer - INFO - Stored processed text for https://meta.wikimedia.org/wiki/Special:MyLanguage/List_of_Wikipedias with result: s3
2025-04-18 00:38:28,717 - Indexer - INFO - Successfully indexed https://meta.wikimedia.org/wiki/Special:MyLanguage/List_of_Wikipedias
2025-04-18 00:38:28,717 - Indexer - INFO - Extracted 10 keywords
2025-04-18 00:38:29,740 - Indexer - INFO - Successfully stored raw HTML for https://en.wikipedia.org/wiki/List_of_Wikipedia_mobile_applications at s3://web-crawler-data-storage/raw_html/2025/04/18/c3575c8005f0a1c5e66772e422fa23c8.html
2025-04-18 00:38:29,740 - Indexer - INFO - Stored raw HTML for https://en.wikipedia.org/wiki/List_of_Wikipedia_mobile_applications with result: s3
2025-04-18 00:38:30,051 - Indexer - INFO - Successfully stored processed text for https://en.wikipedia.org/wiki/List_of_Wikipedia_mobile_applications at s3://web-crawler-data-storage/processed_text/2025/04/18/c3575c8005f0a1c5e66772e422fa23c8.txt
2025-04-18 00:38:30,367 - Indexer - INFO - Successfully stored metadata for https://en.wikipedia.org/wiki/List_of_Wikipedia_mobile_applications at s3://web-crawler-data-storage/metadata/2025/04/18/c3575c8005f0a1c5e66772e422fa23c8.json
2025-04-18 00:38:30,367 - Indexer - INFO - Stored processed text for https://en.wikipedia.org/wiki/List_of_Wikipedia_mobile_applications with result: s3
2025-04-18 00:38:30,471 - Indexer - INFO - Successfully indexed https://en.wikipedia.org/wiki/List_of_Wikipedia_mobile_applications
2025-04-18 00:38:30,472 - Indexer - INFO - Extracted 10 keywords
2025-04-18 00:38:34,902 - Indexer - INFO - Successfully stored raw HTML for https://itunes.apple.com/app/apple-store/id324715238?pt=208305&ct=portal&mt=8 at s3://web-crawler-data-storage/raw_html/2025/04/18/4ab61f2e1910f4ba05089d1f2e2e5e61.html
2025-04-18 00:38:34,903 - Indexer - INFO - Stored raw HTML for https://itunes.apple.com/app/apple-store/id324715238?pt=208305&ct=portal&mt=8 with result: s3
2025-04-18 00:38:35,228 - Indexer - INFO - Successfully stored processed text for https://itunes.apple.com/app/apple-store/id324715238?pt=208305&ct=portal&mt=8 at s3://web-crawler-data-storage/processed_text/2025/04/18/4ab61f2e1910f4ba05089d1f2e2e5e61.txt
2025-04-18 00:38:35,555 - Indexer - INFO - Successfully stored metadata for https://itunes.apple.com/app/apple-store/id324715238?pt=208305&ct=portal&mt=8 at s3://web-crawler-data-storage/metadata/2025/04/18/4ab61f2e1910f4ba05089d1f2e2e5e61.json
2025-04-18 00:38:35,556 - Indexer - INFO - Stored processed text for https://itunes.apple.com/app/apple-store/id324715238?pt=208305&ct=portal&mt=8 with result: s3
2025-04-18 00:38:35,732 - Indexer - INFO - Successfully indexed https://itunes.apple.com/app/apple-store/id324715238?pt=208305&ct=portal&mt=8
2025-04-18 00:38:35,732 - Indexer - INFO - Extracted 10 keywords
2025-04-18 00:38:37,541 - Indexer - INFO - Successfully stored raw HTML for https://www.stackoverflow.com at s3://web-crawler-data-storage/raw_html/2025/04/18/2415620324baad2a5308e2c497763b12.html
2025-04-18 00:38:37,541 - Indexer - INFO - Stored raw HTML for https://www.stackoverflow.com with result: s3
2025-04-18 00:38:37,902 - Indexer - INFO - Successfully stored processed text for https://www.stackoverflow.com at s3://web-crawler-data-storage/processed_text/2025/04/18/2415620324baad2a5308e2c497763b12.txt
2025-04-18 00:38:38,260 - Indexer - INFO - Successfully stored metadata for https://www.stackoverflow.com at s3://web-crawler-data-storage/metadata/2025/04/18/2415620324baad2a5308e2c497763b12.json
2025-04-18 00:38:38,261 - Indexer - INFO - Stored processed text for https://www.stackoverflow.com with result: s3
2025-04-18 00:38:39,560 - Indexer - INFO - Successfully indexed https://www.stackoverflow.com
2025-04-18 00:38:39,560 - Indexer - INFO - Extracted 10 keywords
2025-04-18 00:38:44,723 - Indexer - INFO - Successfully stored raw HTML for https://play.google.com/store/apps/details?id=org.wikipedia&referrer=utm_source%3Dportal%26utm_medium%3Dbutton%26anid%3Dadmob at s3://web-crawler-data-storage/raw_html/2025/04/18/999ec284cceaef3b439da23caa40004f.html
2025-04-18 00:38:44,723 - Indexer - INFO - Stored raw HTML for https://play.google.com/store/apps/details?id=org.wikipedia&referrer=utm_source%3Dportal%26utm_medium%3Dbutton%26anid%3Dadmob with result: s3
2025-04-18 00:38:45,076 - Indexer - INFO - Successfully stored processed text for https://play.google.com/store/apps/details?id=org.wikipedia&referrer=utm_source%3Dportal%26utm_medium%3Dbutton%26anid%3Dadmob at s3://web-crawler-data-storage/processed_text/2025/04/18/999ec284cceaef3b439da23caa40004f.txt
2025-04-18 00:38:45,445 - Indexer - INFO - Successfully stored metadata for https://play.google.com/store/apps/details?id=org.wikipedia&referrer=utm_source%3Dportal%26utm_medium%3Dbutton%26anid%3Dadmob at s3://web-crawler-data-storage/metadata/2025/04/18/999ec284cceaef3b439da23caa40004f.json
2025-04-18 00:38:45,445 - Indexer - INFO - Stored processed text for https://play.google.com/store/apps/details?id=org.wikipedia&referrer=utm_source%3Dportal%26utm_medium%3Dbutton%26anid%3Dadmob with result: s3
2025-04-18 00:38:45,579 - Indexer - INFO - Successfully indexed https://play.google.com/store/apps/details?id=org.wikipedia&referrer=utm_source%3Dportal%26utm_medium%3Dbutton%26anid%3Dadmob
2025-04-18 00:38:45,579 - Indexer - INFO - Extracted 10 keywords
2025-04-18 00:38:46,178 - Indexer - INFO - Successfully stored raw HTML for https://www.python.org/psf/ at s3://web-crawler-data-storage/raw_html/2025/04/18/491903eb8c7de2458019af2a1cd6a86c.html
2025-04-18 00:38:46,178 - Indexer - INFO - Stored raw HTML for https://www.python.org/psf/ with result: s3
2025-04-18 00:38:46,535 - Indexer - INFO - Successfully stored processed text for https://www.python.org/psf/ at s3://web-crawler-data-storage/processed_text/2025/04/18/491903eb8c7de2458019af2a1cd6a86c.txt
2025-04-18 00:38:46,837 - Indexer - INFO - Successfully stored metadata for https://www.python.org/psf/ at s3://web-crawler-data-storage/metadata/2025/04/18/491903eb8c7de2458019af2a1cd6a86c.json
2025-04-18 00:38:46,837 - Indexer - INFO - Stored processed text for https://www.python.org/psf/ with result: s3
2025-04-18 00:38:46,926 - Indexer - INFO - Successfully indexed https://www.python.org/psf/
2025-04-18 00:38:46,926 - Indexer - INFO - Extracted 10 keywords
2025-04-18 00:38:47,832 - Indexer - INFO - Successfully stored raw HTML for https://psfmember.org/civicrm/contribute/transact?reset=1&id=2 at s3://web-crawler-data-storage/raw_html/2025/04/18/618bfe50d3538b5c56fc1f83e629ea52.html
2025-04-18 00:38:47,832 - Indexer - INFO - Stored raw HTML for https://psfmember.org/civicrm/contribute/transact?reset=1&id=2 with result: s3
2025-04-18 00:38:48,144 - Indexer - INFO - Successfully stored processed text for https://psfmember.org/civicrm/contribute/transact?reset=1&id=2 at s3://web-crawler-data-storage/processed_text/2025/04/18/618bfe50d3538b5c56fc1f83e629ea52.txt
2025-04-18 00:38:48,457 - Indexer - INFO - Successfully stored metadata for https://psfmember.org/civicrm/contribute/transact?reset=1&id=2 at s3://web-crawler-data-storage/metadata/2025/04/18/618bfe50d3538b5c56fc1f83e629ea52.json
2025-04-18 00:38:48,458 - Indexer - INFO - Stored processed text for https://psfmember.org/civicrm/contribute/transact?reset=1&id=2 with result: s3
2025-04-18 00:38:48,557 - Indexer - INFO - Successfully indexed https://psfmember.org/civicrm/contribute/transact?reset=1&id=2
2025-04-18 00:38:48,557 - Indexer - INFO - Extracted 10 keywords
2025-04-18 00:38:49,036 - Indexer - INFO - Successfully stored raw HTML for https://docs.python.org at s3://web-crawler-data-storage/raw_html/2025/04/18/ab87040aecf47a23a07dc06153094d21.html
2025-04-18 00:38:49,037 - Indexer - INFO - Stored raw HTML for https://docs.python.org with result: s3
2025-04-18 00:38:49,337 - Indexer - INFO - Successfully stored processed text for https://docs.python.org at s3://web-crawler-data-storage/processed_text/2025/04/18/ab87040aecf47a23a07dc06153094d21.txt
2025-04-18 00:38:49,640 - Indexer - INFO - Successfully stored metadata for https://docs.python.org at s3://web-crawler-data-storage/metadata/2025/04/18/ab87040aecf47a23a07dc06153094d21.json
2025-04-18 00:38:49,640 - Indexer - INFO - Stored processed text for https://docs.python.org with result: s3
2025-04-18 00:38:49,710 - Indexer - INFO - Successfully indexed https://docs.python.org
2025-04-18 00:38:49,710 - Indexer - INFO - Extracted 10 keywords
2025-04-18 00:38:50,109 - Indexer - INFO - Successfully stored raw HTML for https://www.linkedin.com/company/python-software-foundation/ at s3://web-crawler-data-storage/raw_html/2025/04/18/d90ed6113df7505dad451d6f07e252ac.html
2025-04-18 00:38:50,109 - Indexer - INFO - Stored raw HTML for https://www.linkedin.com/company/python-software-foundation/ with result: s3
2025-04-18 00:38:50,406 - Indexer - INFO - Successfully stored processed text for https://www.linkedin.com/company/python-software-foundation/ at s3://web-crawler-data-storage/processed_text/2025/04/18/d90ed6113df7505dad451d6f07e252ac.txt
2025-04-18 00:38:50,723 - Indexer - INFO - Successfully stored metadata for https://www.linkedin.com/company/python-software-foundation/ at s3://web-crawler-data-storage/metadata/2025/04/18/d90ed6113df7505dad451d6f07e252ac.json
2025-04-18 00:38:50,723 - Indexer - INFO - Stored processed text for https://www.linkedin.com/company/python-software-foundation/ with result: s3
2025-04-18 00:38:51,226 - Indexer - INFO - Successfully indexed https://www.linkedin.com/company/python-software-foundation/
2025-04-18 00:38:51,226 - Indexer - INFO - Extracted 0 keywords
2025-04-18 00:38:53,195 - Indexer - INFO - Successfully stored raw HTML for https://github.com/features/actions at s3://web-crawler-data-storage/raw_html/2025/04/18/d7af0858294d18fa9f4dc16984f9a98d.html
2025-04-18 00:38:53,195 - Indexer - INFO - Stored raw HTML for https://github.com/features/actions with result: s3
2025-04-18 00:38:53,508 - Indexer - INFO - Successfully stored processed text for https://github.com/features/actions at s3://web-crawler-data-storage/processed_text/2025/04/18/d7af0858294d18fa9f4dc16984f9a98d.txt
2025-04-18 00:38:53,815 - Indexer - INFO - Successfully stored metadata for https://github.com/features/actions at s3://web-crawler-data-storage/metadata/2025/04/18/d7af0858294d18fa9f4dc16984f9a98d.json
2025-04-18 00:38:53,816 - Indexer - INFO - Stored processed text for https://github.com/features/actions with result: s3
2025-04-18 00:38:53,898 - Indexer - INFO - Successfully indexed https://github.com/features/actions
2025-04-18 00:38:53,899 - Indexer - INFO - Extracted 10 keywords
2025-04-18 00:38:54,398 - Indexer - INFO - Successfully stored raw HTML for https://pypi.org/ at s3://web-crawler-data-storage/raw_html/2025/04/18/419defafa8b1d9a6418edbb446e9db79.html
2025-04-18 00:38:54,399 - Indexer - INFO - Stored raw HTML for https://pypi.org/ with result: s3
2025-04-18 00:38:54,693 - Indexer - INFO - Successfully stored processed text for https://pypi.org/ at s3://web-crawler-data-storage/processed_text/2025/04/18/419defafa8b1d9a6418edbb446e9db79.txt
2025-04-18 00:38:54,998 - Indexer - INFO - Successfully stored metadata for https://pypi.org/ at s3://web-crawler-data-storage/metadata/2025/04/18/419defafa8b1d9a6418edbb446e9db79.json
2025-04-18 00:38:54,998 - Indexer - INFO - Stored processed text for https://pypi.org/ with result: s3
2025-04-18 00:38:55,068 - Indexer - INFO - Successfully indexed https://pypi.org/
2025-04-18 00:38:55,068 - Indexer - INFO - Extracted 10 keywords
2025-04-18 00:38:58,215 - Indexer - INFO - Successfully stored raw HTML for https://github.com/features/copilot at s3://web-crawler-data-storage/raw_html/2025/04/18/dba769c840ccac35bd2dae4b74d18025.html
2025-04-18 00:38:58,215 - Indexer - INFO - Stored raw HTML for https://github.com/features/copilot with result: s3
2025-04-18 00:38:59,191 - Indexer - INFO - Successfully stored processed text for https://github.com/features/copilot at s3://web-crawler-data-storage/processed_text/2025/04/18/dba769c840ccac35bd2dae4b74d18025.txt
2025-04-18 00:39:00,180 - Indexer - INFO - Successfully stored metadata for https://github.com/features/copilot at s3://web-crawler-data-storage/metadata/2025/04/18/dba769c840ccac35bd2dae4b74d18025.json
2025-04-18 00:39:00,180 - Indexer - INFO - Stored processed text for https://github.com/features/copilot with result: s3
2025-04-18 00:39:00,374 - Indexer - INFO - Successfully indexed https://github.com/features/copilot
2025-04-18 00:39:00,374 - Indexer - INFO - Extracted 10 keywords
2025-04-18 00:39:02,622 - Indexer - INFO - Successfully stored raw HTML for https://github.com/security/advanced-security at s3://web-crawler-data-storage/raw_html/2025/04/18/1fe3a393f05c47bb0a664cde7f830a83.html
2025-04-18 00:39:02,622 - Indexer - INFO - Stored raw HTML for https://github.com/security/advanced-security with result: s3
2025-04-18 00:39:02,946 - Indexer - INFO - Successfully stored processed text for https://github.com/security/advanced-security at s3://web-crawler-data-storage/processed_text/2025/04/18/1fe3a393f05c47bb0a664cde7f830a83.txt
2025-04-18 00:39:03,842 - Indexer - INFO - Successfully stored metadata for https://github.com/security/advanced-security at s3://web-crawler-data-storage/metadata/2025/04/18/1fe3a393f05c47bb0a664cde7f830a83.json
2025-04-18 00:39:03,842 - Indexer - INFO - Stored processed text for https://github.com/security/advanced-security with result: s3
2025-04-18 00:39:03,918 - Indexer - INFO - Successfully indexed https://github.com/security/advanced-security
2025-04-18 00:39:03,918 - Indexer - INFO - Extracted 10 keywords
2025-04-18 00:39:07,651 - Indexer - INFO - Successfully stored raw HTML for https://github.com/features/codespaces at s3://web-crawler-data-storage/raw_html/2025/04/18/9b0feeb833799d4ed2b4e16427b7032e.html
2025-04-18 00:39:07,651 - Indexer - INFO - Stored raw HTML for https://github.com/features/codespaces with result: s3
2025-04-18 00:39:07,960 - Indexer - INFO - Successfully stored processed text for https://github.com/features/codespaces at s3://web-crawler-data-storage/processed_text/2025/04/18/9b0feeb833799d4ed2b4e16427b7032e.txt
2025-04-18 00:39:08,278 - Indexer - INFO - Successfully stored metadata for https://github.com/features/codespaces at s3://web-crawler-data-storage/metadata/2025/04/18/9b0feeb833799d4ed2b4e16427b7032e.json
2025-04-18 00:39:08,278 - Indexer - INFO - Stored processed text for https://github.com/features/codespaces with result: s3
2025-04-18 00:39:08,779 - Indexer - INFO - Successfully indexed https://github.com/features/codespaces
2025-04-18 00:39:08,779 - Indexer - INFO - Extracted 10 keywords
2025-04-18 00:39:10,846 - Indexer - INFO - Successfully stored raw HTML for https://www.reddit.com/login/ at s3://web-crawler-data-storage/raw_html/2025/04/18/686b8a13c276555c1986636287e1b566.html
2025-04-18 00:39:10,846 - Indexer - INFO - Stored raw HTML for https://www.reddit.com/login/ with result: s3
2025-04-18 00:39:11,137 - Indexer - INFO - Successfully stored processed text for https://www.reddit.com/login/ at s3://web-crawler-data-storage/processed_text/2025/04/18/686b8a13c276555c1986636287e1b566.txt
2025-04-18 00:39:11,437 - Indexer - INFO - Successfully stored metadata for https://www.reddit.com/login/ at s3://web-crawler-data-storage/metadata/2025/04/18/686b8a13c276555c1986636287e1b566.json
2025-04-18 00:39:11,437 - Indexer - INFO - Stored processed text for https://www.reddit.com/login/ with result: s3
2025-04-18 00:39:11,492 - Indexer - INFO - Successfully indexed https://www.reddit.com/login/
2025-04-18 00:39:11,492 - Indexer - INFO - Extracted 3 keywords
2025-04-18 00:39:11,594 - Indexer - INFO - Indexer received shutdown signal. Generating final statistics...
2025-04-18 00:39:11,613 - Indexer - INFO - Final Index Statistics:
2025-04-18 00:39:11,613 - Indexer - INFO - Total documents indexed: 23
2025-04-18 00:39:11,614 - Indexer - INFO - Total unique URLs processed: 20
2025-04-18 00:39:11,614 - Indexer - INFO - 
Example Search Results:
2025-04-18 00:39:11,624 - Indexer - INFO - 
Query: python AND programming
2025-04-18 00:39:11,624 - Indexer - INFO - Found 5 results
2025-04-18 00:39:11,627 - Indexer - INFO - 
Query: title:github
2025-04-18 00:39:11,627 - Indexer - INFO - Found 0 results
2025-04-18 00:39:11,634 - Indexer - INFO - 
Query: "open source"
2025-04-18 00:39:11,634 - Indexer - INFO - Found 9 results
2025-04-18 00:39:11,640 - Indexer - INFO - 
Query: content:machine learning
2025-04-18 00:39:11,641 - Indexer - INFO - Found 3 results
2025-04-18 00:44:09,334 - Indexer - INFO - Enhanced Indexer node started with rank 4 of 5
2025-04-18 00:44:09,335 - Indexer - INFO - Loaded AWS configuration from aws_config.json
2025-04-18 00:44:09,346 - Indexer - INFO - Found credentials in shared credentials file: ~/.aws/credentials
2025-04-18 00:44:10,311 - Indexer - INFO - Bucket web-crawler-data-storage already exists
2025-04-18 00:44:10,311 - Indexer - INFO - Successfully connected to AWS S3 in region us-east-1
2025-04-18 00:44:10,311 - Indexer - INFO - CloudStorage initialized for data persistence
2025-04-18 00:44:14,540 - Indexer - INFO - Successfully stored raw HTML for https://www.wikipedia.org at s3://web-crawler-data-storage/raw_html/2025/04/18/8d1d8a3956ab5668e1da4e3e7f856f08.html
2025-04-18 00:44:14,540 - Indexer - INFO - Stored raw HTML for https://www.wikipedia.org with result: s3
2025-04-18 00:44:14,865 - Indexer - INFO - Successfully stored processed text for https://www.wikipedia.org at s3://web-crawler-data-storage/processed_text/2025/04/18/8d1d8a3956ab5668e1da4e3e7f856f08.txt
2025-04-18 00:44:15,167 - Indexer - INFO - Successfully stored metadata for https://www.wikipedia.org at s3://web-crawler-data-storage/metadata/2025/04/18/8d1d8a3956ab5668e1da4e3e7f856f08.json
2025-04-18 00:44:15,167 - Indexer - INFO - Stored processed text for https://www.wikipedia.org with result: s3
2025-04-18 00:44:15,246 - Indexer - INFO - Successfully indexed https://www.wikipedia.org
2025-04-18 00:44:15,246 - Indexer - INFO - Extracted 10 keywords
2025-04-18 00:44:18,131 - Indexer - INFO - Successfully stored raw HTML for https://www.reddit.com at s3://web-crawler-data-storage/raw_html/2025/04/18/30dd8fd5626b7e36783516a6e238baf2.html
2025-04-18 00:44:18,132 - Indexer - INFO - Stored raw HTML for https://www.reddit.com with result: s3
2025-04-18 00:44:18,438 - Indexer - INFO - Successfully stored processed text for https://www.reddit.com at s3://web-crawler-data-storage/processed_text/2025/04/18/30dd8fd5626b7e36783516a6e238baf2.txt
2025-04-18 00:44:18,747 - Indexer - INFO - Successfully stored metadata for https://www.reddit.com at s3://web-crawler-data-storage/metadata/2025/04/18/30dd8fd5626b7e36783516a6e238baf2.json
2025-04-18 00:44:18,748 - Indexer - INFO - Stored processed text for https://www.reddit.com with result: s3
2025-04-18 00:44:18,827 - Indexer - INFO - Successfully indexed https://www.reddit.com
2025-04-18 00:44:18,827 - Indexer - INFO - Extracted 10 keywords
2025-04-18 00:44:19,468 - Indexer - INFO - Successfully stored raw HTML for https://www.python.org at s3://web-crawler-data-storage/raw_html/2025/04/18/c137682bbb0946674f25d1d4bd9e07a0.html
2025-04-18 00:44:19,468 - Indexer - INFO - Stored raw HTML for https://www.python.org with result: s3
2025-04-18 00:44:19,773 - Indexer - INFO - Successfully stored processed text for https://www.python.org at s3://web-crawler-data-storage/processed_text/2025/04/18/c137682bbb0946674f25d1d4bd9e07a0.txt
2025-04-18 00:44:20,076 - Indexer - INFO - Successfully stored metadata for https://www.python.org at s3://web-crawler-data-storage/metadata/2025/04/18/c137682bbb0946674f25d1d4bd9e07a0.json
2025-04-18 00:44:20,076 - Indexer - INFO - Stored processed text for https://www.python.org with result: s3
2025-04-18 00:44:20,167 - Indexer - INFO - Successfully indexed https://www.python.org
2025-04-18 00:44:20,167 - Indexer - INFO - Extracted 10 keywords
2025-04-18 00:44:21,607 - Indexer - INFO - Successfully stored raw HTML for https://www.github.com at s3://web-crawler-data-storage/raw_html/2025/04/18/1895ab41ad3a81f6fd0a194bbc337a22.html
2025-04-18 00:44:21,607 - Indexer - INFO - Stored raw HTML for https://www.github.com with result: s3
2025-04-18 00:44:21,925 - Indexer - INFO - Successfully stored processed text for https://www.github.com at s3://web-crawler-data-storage/processed_text/2025/04/18/1895ab41ad3a81f6fd0a194bbc337a22.txt
2025-04-18 00:44:22,678 - Indexer - INFO - Successfully stored metadata for https://www.github.com at s3://web-crawler-data-storage/metadata/2025/04/18/1895ab41ad3a81f6fd0a194bbc337a22.json
2025-04-18 00:44:22,679 - Indexer - INFO - Stored processed text for https://www.github.com with result: s3
2025-04-18 00:44:23,482 - Indexer - INFO - Successfully indexed https://www.github.com
2025-04-18 00:44:23,483 - Indexer - INFO - Extracted 10 keywords
2025-04-18 00:44:25,140 - Indexer - INFO - Successfully stored raw HTML for https://www.stackoverflow.com at s3://web-crawler-data-storage/raw_html/2025/04/18/2415620324baad2a5308e2c497763b12.html
2025-04-18 00:44:25,141 - Indexer - INFO - Stored raw HTML for https://www.stackoverflow.com with result: s3
2025-04-18 00:44:25,510 - Indexer - INFO - Successfully stored processed text for https://www.stackoverflow.com at s3://web-crawler-data-storage/processed_text/2025/04/18/2415620324baad2a5308e2c497763b12.txt
2025-04-18 00:44:25,892 - Indexer - INFO - Successfully stored metadata for https://www.stackoverflow.com at s3://web-crawler-data-storage/metadata/2025/04/18/2415620324baad2a5308e2c497763b12.json
2025-04-18 00:44:25,893 - Indexer - INFO - Stored processed text for https://www.stackoverflow.com with result: s3
2025-04-18 00:44:26,070 - Indexer - INFO - Successfully indexed https://www.stackoverflow.com
2025-04-18 00:44:26,071 - Indexer - INFO - Extracted 10 keywords
2025-04-18 00:44:26,759 - Indexer - INFO - Successfully stored raw HTML for https://donate.wikimedia.org/?wmf_medium=portal&wmf_campaign=portalFooter&wmf_source=portalFooter at s3://web-crawler-data-storage/raw_html/2025/04/18/e80926e2c85c2736bd72ce8f1fda94c6.html
2025-04-18 00:44:26,759 - Indexer - INFO - Stored raw HTML for https://donate.wikimedia.org/?wmf_medium=portal&wmf_campaign=portalFooter&wmf_source=portalFooter with result: s3
2025-04-18 00:44:27,047 - Indexer - INFO - Successfully stored processed text for https://donate.wikimedia.org/?wmf_medium=portal&wmf_campaign=portalFooter&wmf_source=portalFooter at s3://web-crawler-data-storage/processed_text/2025/04/18/e80926e2c85c2736bd72ce8f1fda94c6.txt
2025-04-18 00:44:27,341 - Indexer - INFO - Successfully stored metadata for https://donate.wikimedia.org/?wmf_medium=portal&wmf_campaign=portalFooter&wmf_source=portalFooter at s3://web-crawler-data-storage/metadata/2025/04/18/e80926e2c85c2736bd72ce8f1fda94c6.json
2025-04-18 00:44:27,342 - Indexer - INFO - Stored processed text for https://donate.wikimedia.org/?wmf_medium=portal&wmf_campaign=portalFooter&wmf_source=portalFooter with result: s3
2025-04-18 00:44:27,393 - Indexer - INFO - Successfully indexed https://donate.wikimedia.org/?wmf_medium=portal&wmf_campaign=portalFooter&wmf_source=portalFooter
2025-04-18 00:44:27,394 - Indexer - INFO - Extracted 10 keywords
2025-04-18 00:44:28,415 - Indexer - INFO - Successfully stored raw HTML for https://en.wikipedia.org/wiki/List_of_Wikipedia_mobile_applications at s3://web-crawler-data-storage/raw_html/2025/04/18/c3575c8005f0a1c5e66772e422fa23c8.html
2025-04-18 00:44:28,416 - Indexer - INFO - Stored raw HTML for https://en.wikipedia.org/wiki/List_of_Wikipedia_mobile_applications with result: s3
2025-04-18 00:44:28,739 - Indexer - INFO - Successfully stored processed text for https://en.wikipedia.org/wiki/List_of_Wikipedia_mobile_applications at s3://web-crawler-data-storage/processed_text/2025/04/18/c3575c8005f0a1c5e66772e422fa23c8.txt
2025-04-18 00:44:29,052 - Indexer - INFO - Successfully stored metadata for https://en.wikipedia.org/wiki/List_of_Wikipedia_mobile_applications at s3://web-crawler-data-storage/metadata/2025/04/18/c3575c8005f0a1c5e66772e422fa23c8.json
2025-04-18 00:44:29,052 - Indexer - INFO - Stored processed text for https://en.wikipedia.org/wiki/List_of_Wikipedia_mobile_applications with result: s3
2025-04-18 00:44:29,142 - Indexer - INFO - Successfully indexed https://en.wikipedia.org/wiki/List_of_Wikipedia_mobile_applications
2025-04-18 00:44:29,142 - Indexer - INFO - Extracted 10 keywords
2025-04-18 00:44:38,482 - Indexer - INFO - Successfully stored raw HTML for https://play.google.com/store/apps/details?id=org.wikipedia&referrer=utm_source%3Dportal%26utm_medium%3Dbutton%26anid%3Dadmob at s3://web-crawler-data-storage/raw_html/2025/04/18/999ec284cceaef3b439da23caa40004f.html
2025-04-18 00:44:38,482 - Indexer - INFO - Stored raw HTML for https://play.google.com/store/apps/details?id=org.wikipedia&referrer=utm_source%3Dportal%26utm_medium%3Dbutton%26anid%3Dadmob with result: s3
2025-04-18 00:44:38,831 - Indexer - INFO - Successfully stored processed text for https://play.google.com/store/apps/details?id=org.wikipedia&referrer=utm_source%3Dportal%26utm_medium%3Dbutton%26anid%3Dadmob at s3://web-crawler-data-storage/processed_text/2025/04/18/999ec284cceaef3b439da23caa40004f.txt
2025-04-18 00:44:39,172 - Indexer - INFO - Successfully stored metadata for https://play.google.com/store/apps/details?id=org.wikipedia&referrer=utm_source%3Dportal%26utm_medium%3Dbutton%26anid%3Dadmob at s3://web-crawler-data-storage/metadata/2025/04/18/999ec284cceaef3b439da23caa40004f.json
2025-04-18 00:44:39,172 - Indexer - INFO - Stored processed text for https://play.google.com/store/apps/details?id=org.wikipedia&referrer=utm_source%3Dportal%26utm_medium%3Dbutton%26anid%3Dadmob with result: s3
2025-04-18 00:44:39,279 - Indexer - INFO - Successfully indexed https://play.google.com/store/apps/details?id=org.wikipedia&referrer=utm_source%3Dportal%26utm_medium%3Dbutton%26anid%3Dadmob
2025-04-18 00:44:39,279 - Indexer - INFO - Extracted 10 keywords
2025-04-18 00:44:48,180 - Indexer - INFO - Successfully stored raw HTML for https://meta.wikimedia.org/wiki/Special:MyLanguage/List_of_Wikipedias at s3://web-crawler-data-storage/raw_html/2025/04/18/e89764c6976518e91ebe50251fa3fe33.html
2025-04-18 00:44:48,181 - Indexer - INFO - Stored raw HTML for https://meta.wikimedia.org/wiki/Special:MyLanguage/List_of_Wikipedias with result: s3
2025-04-18 00:44:49,451 - Indexer - INFO - Successfully stored processed text for https://meta.wikimedia.org/wiki/Special:MyLanguage/List_of_Wikipedias at s3://web-crawler-data-storage/processed_text/2025/04/18/e89764c6976518e91ebe50251fa3fe33.txt
2025-04-18 00:44:49,925 - Indexer - INFO - Successfully stored metadata for https://meta.wikimedia.org/wiki/Special:MyLanguage/List_of_Wikipedias at s3://web-crawler-data-storage/metadata/2025/04/18/e89764c6976518e91ebe50251fa3fe33.json
2025-04-18 00:44:49,926 - Indexer - INFO - Stored processed text for https://meta.wikimedia.org/wiki/Special:MyLanguage/List_of_Wikipedias with result: s3
2025-04-18 00:44:50,692 - Indexer - INFO - Successfully indexed https://meta.wikimedia.org/wiki/Special:MyLanguage/List_of_Wikipedias
2025-04-18 00:44:50,692 - Indexer - INFO - Extracted 10 keywords
2025-04-18 00:44:51,322 - Indexer - INFO - Successfully stored raw HTML for https://www.python.org/psf/ at s3://web-crawler-data-storage/raw_html/2025/04/18/491903eb8c7de2458019af2a1cd6a86c.html
2025-04-18 00:44:51,322 - Indexer - INFO - Stored raw HTML for https://www.python.org/psf/ with result: s3
2025-04-18 00:44:51,650 - Indexer - INFO - Successfully stored processed text for https://www.python.org/psf/ at s3://web-crawler-data-storage/processed_text/2025/04/18/491903eb8c7de2458019af2a1cd6a86c.txt
2025-04-18 00:44:51,952 - Indexer - INFO - Successfully stored metadata for https://www.python.org/psf/ at s3://web-crawler-data-storage/metadata/2025/04/18/491903eb8c7de2458019af2a1cd6a86c.json
2025-04-18 00:44:51,952 - Indexer - INFO - Stored processed text for https://www.python.org/psf/ with result: s3
2025-04-18 00:44:52,031 - Indexer - INFO - Successfully indexed https://www.python.org/psf/
2025-04-18 00:44:52,032 - Indexer - INFO - Extracted 10 keywords
2025-04-18 00:44:53,070 - Indexer - INFO - Successfully stored raw HTML for https://psfmember.org/civicrm/contribute/transact?reset=1&id=2 at s3://web-crawler-data-storage/raw_html/2025/04/18/618bfe50d3538b5c56fc1f83e629ea52.html
2025-04-18 00:44:53,070 - Indexer - INFO - Stored raw HTML for https://psfmember.org/civicrm/contribute/transact?reset=1&id=2 with result: s3
2025-04-18 00:44:53,388 - Indexer - INFO - Successfully stored processed text for https://psfmember.org/civicrm/contribute/transact?reset=1&id=2 at s3://web-crawler-data-storage/processed_text/2025/04/18/618bfe50d3538b5c56fc1f83e629ea52.txt
2025-04-18 00:44:53,698 - Indexer - INFO - Successfully stored metadata for https://psfmember.org/civicrm/contribute/transact?reset=1&id=2 at s3://web-crawler-data-storage/metadata/2025/04/18/618bfe50d3538b5c56fc1f83e629ea52.json
2025-04-18 00:44:53,699 - Indexer - INFO - Stored processed text for https://psfmember.org/civicrm/contribute/transact?reset=1&id=2 with result: s3
2025-04-18 00:44:53,850 - Indexer - INFO - Successfully indexed https://psfmember.org/civicrm/contribute/transact?reset=1&id=2
2025-04-18 00:44:53,850 - Indexer - INFO - Extracted 10 keywords
2025-04-18 00:44:54,366 - Indexer - INFO - Successfully stored raw HTML for https://pypi.org/ at s3://web-crawler-data-storage/raw_html/2025/04/18/419defafa8b1d9a6418edbb446e9db79.html
2025-04-18 00:44:54,367 - Indexer - INFO - Stored raw HTML for https://pypi.org/ with result: s3
2025-04-18 00:44:54,680 - Indexer - INFO - Successfully stored processed text for https://pypi.org/ at s3://web-crawler-data-storage/processed_text/2025/04/18/419defafa8b1d9a6418edbb446e9db79.txt
2025-04-18 00:44:54,980 - Indexer - INFO - Successfully stored metadata for https://pypi.org/ at s3://web-crawler-data-storage/metadata/2025/04/18/419defafa8b1d9a6418edbb446e9db79.json
2025-04-18 00:44:54,980 - Indexer - INFO - Stored processed text for https://pypi.org/ with result: s3
2025-04-18 00:44:55,062 - Indexer - INFO - Successfully indexed https://pypi.org/
2025-04-18 00:44:55,062 - Indexer - INFO - Extracted 10 keywords
2025-04-18 00:44:58,198 - Indexer - INFO - Successfully stored raw HTML for https://itunes.apple.com/app/apple-store/id324715238?pt=208305&ct=portal&mt=8 at s3://web-crawler-data-storage/raw_html/2025/04/18/4ab61f2e1910f4ba05089d1f2e2e5e61.html
2025-04-18 00:44:58,198 - Indexer - INFO - Stored raw HTML for https://itunes.apple.com/app/apple-store/id324715238?pt=208305&ct=portal&mt=8 with result: s3
2025-04-18 00:44:58,521 - Indexer - INFO - Successfully stored processed text for https://itunes.apple.com/app/apple-store/id324715238?pt=208305&ct=portal&mt=8 at s3://web-crawler-data-storage/processed_text/2025/04/18/4ab61f2e1910f4ba05089d1f2e2e5e61.txt
2025-04-18 00:44:58,841 - Indexer - INFO - Successfully stored metadata for https://itunes.apple.com/app/apple-store/id324715238?pt=208305&ct=portal&mt=8 at s3://web-crawler-data-storage/metadata/2025/04/18/4ab61f2e1910f4ba05089d1f2e2e5e61.json
2025-04-18 00:44:58,842 - Indexer - INFO - Stored processed text for https://itunes.apple.com/app/apple-store/id324715238?pt=208305&ct=portal&mt=8 with result: s3
2025-04-18 00:44:58,972 - Indexer - INFO - Successfully indexed https://itunes.apple.com/app/apple-store/id324715238?pt=208305&ct=portal&mt=8
2025-04-18 00:44:58,972 - Indexer - INFO - Extracted 10 keywords
2025-04-18 00:45:01,439 - Indexer - INFO - Successfully stored raw HTML for https://github.com/features/copilot at s3://web-crawler-data-storage/raw_html/2025/04/18/dba769c840ccac35bd2dae4b74d18025.html
2025-04-18 00:45:01,439 - Indexer - INFO - Stored raw HTML for https://github.com/features/copilot with result: s3
2025-04-18 00:45:02,637 - Indexer - INFO - Successfully stored processed text for https://github.com/features/copilot at s3://web-crawler-data-storage/processed_text/2025/04/18/dba769c840ccac35bd2dae4b74d18025.txt
2025-04-18 00:45:03,161 - Indexer - INFO - Successfully stored metadata for https://github.com/features/copilot at s3://web-crawler-data-storage/metadata/2025/04/18/dba769c840ccac35bd2dae4b74d18025.json
2025-04-18 00:45:03,161 - Indexer - INFO - Stored processed text for https://github.com/features/copilot with result: s3
2025-04-18 00:45:03,975 - Indexer - INFO - Successfully indexed https://github.com/features/copilot
2025-04-18 00:45:03,975 - Indexer - INFO - Extracted 10 keywords
2025-04-18 00:45:04,462 - Indexer - INFO - Successfully stored raw HTML for https://docs.python.org at s3://web-crawler-data-storage/raw_html/2025/04/18/ab87040aecf47a23a07dc06153094d21.html
2025-04-18 00:45:04,462 - Indexer - INFO - Stored raw HTML for https://docs.python.org with result: s3
2025-04-18 00:45:04,765 - Indexer - INFO - Successfully stored processed text for https://docs.python.org at s3://web-crawler-data-storage/processed_text/2025/04/18/ab87040aecf47a23a07dc06153094d21.txt
2025-04-18 00:45:05,096 - Indexer - INFO - Successfully stored metadata for https://docs.python.org at s3://web-crawler-data-storage/metadata/2025/04/18/ab87040aecf47a23a07dc06153094d21.json
2025-04-18 00:45:05,096 - Indexer - INFO - Stored processed text for https://docs.python.org with result: s3
2025-04-18 00:45:05,186 - Indexer - INFO - Successfully indexed https://docs.python.org
2025-04-18 00:45:05,187 - Indexer - INFO - Extracted 10 keywords
2025-04-18 00:45:06,688 - Indexer - INFO - Successfully stored raw HTML for https://github.com/features/actions at s3://web-crawler-data-storage/raw_html/2025/04/18/d7af0858294d18fa9f4dc16984f9a98d.html
2025-04-18 00:45:06,688 - Indexer - INFO - Stored raw HTML for https://github.com/features/actions with result: s3
2025-04-18 00:45:07,201 - Indexer - INFO - Successfully stored processed text for https://github.com/features/actions at s3://web-crawler-data-storage/processed_text/2025/04/18/d7af0858294d18fa9f4dc16984f9a98d.txt
2025-04-18 00:45:07,514 - Indexer - INFO - Successfully stored metadata for https://github.com/features/actions at s3://web-crawler-data-storage/metadata/2025/04/18/d7af0858294d18fa9f4dc16984f9a98d.json
2025-04-18 00:45:07,515 - Indexer - INFO - Stored processed text for https://github.com/features/actions with result: s3
2025-04-18 00:45:07,585 - Indexer - INFO - Successfully indexed https://github.com/features/actions
2025-04-18 00:45:07,585 - Indexer - INFO - Extracted 10 keywords
2025-04-18 00:45:07,984 - Indexer - INFO - Successfully stored raw HTML for https://www.linkedin.com/company/python-software-foundation/ at s3://web-crawler-data-storage/raw_html/2025/04/18/d90ed6113df7505dad451d6f07e252ac.html
2025-04-18 00:45:07,984 - Indexer - INFO - Stored raw HTML for https://www.linkedin.com/company/python-software-foundation/ with result: s3
2025-04-18 00:45:08,270 - Indexer - INFO - Successfully stored processed text for https://www.linkedin.com/company/python-software-foundation/ at s3://web-crawler-data-storage/processed_text/2025/04/18/d90ed6113df7505dad451d6f07e252ac.txt
2025-04-18 00:45:08,566 - Indexer - INFO - Successfully stored metadata for https://www.linkedin.com/company/python-software-foundation/ at s3://web-crawler-data-storage/metadata/2025/04/18/d90ed6113df7505dad451d6f07e252ac.json
2025-04-18 00:45:08,566 - Indexer - INFO - Stored processed text for https://www.linkedin.com/company/python-software-foundation/ with result: s3
2025-04-18 00:45:08,612 - Indexer - INFO - Successfully indexed https://www.linkedin.com/company/python-software-foundation/
2025-04-18 00:45:08,612 - Indexer - INFO - Extracted 0 keywords
2025-04-18 00:45:10,665 - Indexer - INFO - Successfully stored raw HTML for https://github.com/features/codespaces at s3://web-crawler-data-storage/raw_html/2025/04/18/9b0feeb833799d4ed2b4e16427b7032e.html
2025-04-18 00:45:10,665 - Indexer - INFO - Stored raw HTML for https://github.com/features/codespaces with result: s3
2025-04-18 00:45:10,982 - Indexer - INFO - Successfully stored processed text for https://github.com/features/codespaces at s3://web-crawler-data-storage/processed_text/2025/04/18/9b0feeb833799d4ed2b4e16427b7032e.txt
2025-04-18 00:45:11,887 - Indexer - INFO - Successfully stored metadata for https://github.com/features/codespaces at s3://web-crawler-data-storage/metadata/2025/04/18/9b0feeb833799d4ed2b4e16427b7032e.json
2025-04-18 00:45:11,888 - Indexer - INFO - Stored processed text for https://github.com/features/codespaces with result: s3
2025-04-18 00:45:11,977 - Indexer - INFO - Successfully indexed https://github.com/features/codespaces
2025-04-18 00:45:11,977 - Indexer - INFO - Extracted 10 keywords
2025-04-18 00:45:13,559 - Indexer - INFO - Successfully stored raw HTML for https://www.reddit.com/login/ at s3://web-crawler-data-storage/raw_html/2025/04/18/686b8a13c276555c1986636287e1b566.html
2025-04-18 00:45:13,560 - Indexer - INFO - Stored raw HTML for https://www.reddit.com/login/ with result: s3
2025-04-18 00:45:13,857 - Indexer - INFO - Successfully stored processed text for https://www.reddit.com/login/ at s3://web-crawler-data-storage/processed_text/2025/04/18/686b8a13c276555c1986636287e1b566.txt
2025-04-18 00:45:14,155 - Indexer - INFO - Successfully stored metadata for https://www.reddit.com/login/ at s3://web-crawler-data-storage/metadata/2025/04/18/686b8a13c276555c1986636287e1b566.json
2025-04-18 00:45:14,156 - Indexer - INFO - Stored processed text for https://www.reddit.com/login/ with result: s3
2025-04-18 00:45:14,679 - Indexer - INFO - Successfully indexed https://www.reddit.com/login/
2025-04-18 00:45:14,679 - Indexer - INFO - Extracted 3 keywords
2025-04-18 00:45:17,147 - Indexer - INFO - Successfully stored raw HTML for https://github.com/security/advanced-security at s3://web-crawler-data-storage/raw_html/2025/04/18/1fe3a393f05c47bb0a664cde7f830a83.html
2025-04-18 00:45:17,147 - Indexer - INFO - Stored raw HTML for https://github.com/security/advanced-security with result: s3
2025-04-18 00:45:17,574 - Indexer - INFO - Successfully stored processed text for https://github.com/security/advanced-security at s3://web-crawler-data-storage/processed_text/2025/04/18/1fe3a393f05c47bb0a664cde7f830a83.txt
2025-04-18 00:45:18,593 - Indexer - INFO - Successfully stored metadata for https://github.com/security/advanced-security at s3://web-crawler-data-storage/metadata/2025/04/18/1fe3a393f05c47bb0a664cde7f830a83.json
2025-04-18 00:45:18,594 - Indexer - INFO - Stored processed text for https://github.com/security/advanced-security with result: s3
2025-04-18 00:45:18,669 - Indexer - INFO - Successfully indexed https://github.com/security/advanced-security
2025-04-18 00:45:18,669 - Indexer - INFO - Extracted 10 keywords
2025-04-18 00:45:18,770 - Indexer - INFO - Indexer received shutdown signal. Generating final statistics...
2025-04-18 00:45:18,806 - Indexer - INFO - Final Index Statistics:
2025-04-18 00:45:18,806 - Indexer - INFO - Total documents indexed: 23
2025-04-18 00:45:18,806 - Indexer - INFO - Total unique URLs processed: 20
2025-04-18 00:45:18,807 - Indexer - INFO - 
Example Search Results:
2025-04-18 00:45:18,822 - Indexer - INFO - 
Query: python AND programming
2025-04-18 00:45:18,822 - Indexer - INFO - Found 5 results
2025-04-18 00:45:18,825 - Indexer - INFO - 
Query: title:github
2025-04-18 00:45:18,825 - Indexer - INFO - Found 0 results
2025-04-18 00:45:18,831 - Indexer - INFO - 
Query: "open source"
2025-04-18 00:45:18,831 - Indexer - INFO - Found 9 results
2025-04-18 00:45:18,838 - Indexer - INFO - 
Query: content:machine learning
2025-04-18 00:45:18,838 - Indexer - INFO - Found 3 results
2025-04-18 23:08:46,083 - Indexer - INFO - Enhanced Indexer node started with rank 4 of 5
2025-04-18 23:08:46,083 - Indexer - INFO - Loaded AWS configuration from aws_config.json
2025-04-18 23:08:46,101 - Indexer - INFO - Found credentials in shared credentials file: ~/.aws/credentials
2025-04-18 23:08:47,276 - Indexer - INFO - Bucket web-crawler-data-storage already exists
2025-04-18 23:08:47,277 - Indexer - INFO - Successfully connected to AWS S3 in region us-east-1
2025-04-18 23:08:47,277 - Indexer - INFO - CloudStorage initialized for data persistence
2025-04-18 23:08:50,741 - Indexer - INFO - Successfully stored raw HTML for https://www.wikipedia.org at s3://web-crawler-data-storage/raw_html/2025/04/18/8d1d8a3956ab5668e1da4e3e7f856f08.html
2025-04-18 23:08:50,742 - Indexer - INFO - Stored raw HTML for https://www.wikipedia.org with result: s3
2025-04-18 23:08:51,042 - Indexer - INFO - Successfully stored processed text for https://www.wikipedia.org at s3://web-crawler-data-storage/processed_text/2025/04/18/8d1d8a3956ab5668e1da4e3e7f856f08.txt
2025-04-18 23:08:51,371 - Indexer - INFO - Successfully stored metadata for https://www.wikipedia.org at s3://web-crawler-data-storage/metadata/2025/04/18/8d1d8a3956ab5668e1da4e3e7f856f08.json
2025-04-18 23:08:51,371 - Indexer - INFO - Stored processed text for https://www.wikipedia.org with result: s3
2025-04-18 23:08:51,433 - Indexer - INFO - Successfully indexed https://www.wikipedia.org
2025-04-18 23:08:51,433 - Indexer - INFO - Extracted 10 keywords
2025-04-18 23:08:54,053 - Indexer - INFO - Successfully stored raw HTML for https://www.reddit.com at s3://web-crawler-data-storage/raw_html/2025/04/18/30dd8fd5626b7e36783516a6e238baf2.html
2025-04-18 23:08:54,053 - Indexer - INFO - Stored raw HTML for https://www.reddit.com with result: s3
2025-04-18 23:08:54,354 - Indexer - INFO - Successfully stored processed text for https://www.reddit.com at s3://web-crawler-data-storage/processed_text/2025/04/18/30dd8fd5626b7e36783516a6e238baf2.txt
2025-04-18 23:08:54,658 - Indexer - INFO - Successfully stored metadata for https://www.reddit.com at s3://web-crawler-data-storage/metadata/2025/04/18/30dd8fd5626b7e36783516a6e238baf2.json
2025-04-18 23:08:54,658 - Indexer - INFO - Stored processed text for https://www.reddit.com with result: s3
2025-04-18 23:08:54,761 - Indexer - INFO - Successfully indexed https://www.reddit.com
2025-04-18 23:08:54,761 - Indexer - INFO - Extracted 10 keywords
2025-04-18 23:08:55,393 - Indexer - INFO - Successfully stored raw HTML for https://www.python.org at s3://web-crawler-data-storage/raw_html/2025/04/18/c137682bbb0946674f25d1d4bd9e07a0.html
2025-04-18 23:08:55,393 - Indexer - INFO - Stored raw HTML for https://www.python.org with result: s3
2025-04-18 23:08:55,699 - Indexer - INFO - Successfully stored processed text for https://www.python.org at s3://web-crawler-data-storage/processed_text/2025/04/18/c137682bbb0946674f25d1d4bd9e07a0.txt
2025-04-18 23:08:56,011 - Indexer - INFO - Successfully stored metadata for https://www.python.org at s3://web-crawler-data-storage/metadata/2025/04/18/c137682bbb0946674f25d1d4bd9e07a0.json
2025-04-18 23:08:56,011 - Indexer - INFO - Stored processed text for https://www.python.org with result: s3
2025-04-18 23:08:56,074 - Indexer - INFO - Successfully indexed https://www.python.org
2025-04-18 23:08:56,075 - Indexer - INFO - Extracted 10 keywords
2025-04-18 23:08:57,411 - Indexer - INFO - Successfully stored raw HTML for https://www.github.com at s3://web-crawler-data-storage/raw_html/2025/04/18/1895ab41ad3a81f6fd0a194bbc337a22.html
2025-04-18 23:08:57,412 - Indexer - INFO - Stored raw HTML for https://www.github.com with result: s3
2025-04-18 23:08:57,729 - Indexer - INFO - Successfully stored processed text for https://www.github.com at s3://web-crawler-data-storage/processed_text/2025/04/18/1895ab41ad3a81f6fd0a194bbc337a22.txt
2025-04-18 23:08:58,043 - Indexer - INFO - Successfully stored metadata for https://www.github.com at s3://web-crawler-data-storage/metadata/2025/04/18/1895ab41ad3a81f6fd0a194bbc337a22.json
2025-04-18 23:08:58,044 - Indexer - INFO - Stored processed text for https://www.github.com with result: s3
2025-04-18 23:08:58,664 - Indexer - INFO - Successfully indexed https://www.github.com
2025-04-18 23:08:58,664 - Indexer - INFO - Extracted 10 keywords
2025-04-18 23:09:00,340 - Indexer - INFO - Successfully stored raw HTML for https://www.stackoverflow.com at s3://web-crawler-data-storage/raw_html/2025/04/18/2415620324baad2a5308e2c497763b12.html
2025-04-18 23:09:00,342 - Indexer - INFO - Stored raw HTML for https://www.stackoverflow.com with result: s3
2025-04-18 23:09:00,695 - Indexer - INFO - Successfully stored processed text for https://www.stackoverflow.com at s3://web-crawler-data-storage/processed_text/2025/04/18/2415620324baad2a5308e2c497763b12.txt
2025-04-18 23:09:01,051 - Indexer - INFO - Successfully stored metadata for https://www.stackoverflow.com at s3://web-crawler-data-storage/metadata/2025/04/18/2415620324baad2a5308e2c497763b12.json
2025-04-18 23:09:01,051 - Indexer - INFO - Stored processed text for https://www.stackoverflow.com with result: s3
2025-04-18 23:09:01,209 - Indexer - INFO - Successfully indexed https://www.stackoverflow.com
2025-04-18 23:09:01,209 - Indexer - INFO - Extracted 10 keywords
2025-04-18 23:09:01,849 - Indexer - INFO - Successfully stored raw HTML for https://donate.wikimedia.org/?wmf_medium=portal&wmf_campaign=portalFooter&wmf_source=portalFooter at s3://web-crawler-data-storage/raw_html/2025/04/18/e80926e2c85c2736bd72ce8f1fda94c6.html
2025-04-18 23:09:01,849 - Indexer - INFO - Stored raw HTML for https://donate.wikimedia.org/?wmf_medium=portal&wmf_campaign=portalFooter&wmf_source=portalFooter with result: s3
2025-04-18 23:09:02,150 - Indexer - INFO - Successfully stored processed text for https://donate.wikimedia.org/?wmf_medium=portal&wmf_campaign=portalFooter&wmf_source=portalFooter at s3://web-crawler-data-storage/processed_text/2025/04/18/e80926e2c85c2736bd72ce8f1fda94c6.txt
2025-04-18 23:09:02,459 - Indexer - INFO - Successfully stored metadata for https://donate.wikimedia.org/?wmf_medium=portal&wmf_campaign=portalFooter&wmf_source=portalFooter at s3://web-crawler-data-storage/metadata/2025/04/18/e80926e2c85c2736bd72ce8f1fda94c6.json
2025-04-18 23:09:02,459 - Indexer - INFO - Stored processed text for https://donate.wikimedia.org/?wmf_medium=portal&wmf_campaign=portalFooter&wmf_source=portalFooter with result: s3
2025-04-18 23:09:02,520 - Indexer - INFO - Successfully indexed https://donate.wikimedia.org/?wmf_medium=portal&wmf_campaign=portalFooter&wmf_source=portalFooter
2025-04-18 23:09:02,520 - Indexer - INFO - Extracted 10 keywords
2025-04-18 23:09:05,135 - Indexer - INFO - Successfully stored raw HTML for https://meta.wikimedia.org/wiki/Special:MyLanguage/List_of_Wikipedias at s3://web-crawler-data-storage/raw_html/2025/04/18/e89764c6976518e91ebe50251fa3fe33.html
2025-04-18 23:09:05,135 - Indexer - INFO - Stored raw HTML for https://meta.wikimedia.org/wiki/Special:MyLanguage/List_of_Wikipedias with result: s3
2025-04-18 23:09:05,654 - Indexer - INFO - Successfully stored processed text for https://meta.wikimedia.org/wiki/Special:MyLanguage/List_of_Wikipedias at s3://web-crawler-data-storage/processed_text/2025/04/18/e89764c6976518e91ebe50251fa3fe33.txt
2025-04-18 23:09:06,093 - Indexer - INFO - Successfully stored metadata for https://meta.wikimedia.org/wiki/Special:MyLanguage/List_of_Wikipedias at s3://web-crawler-data-storage/metadata/2025/04/18/e89764c6976518e91ebe50251fa3fe33.json
2025-04-18 23:09:06,093 - Indexer - INFO - Stored processed text for https://meta.wikimedia.org/wiki/Special:MyLanguage/List_of_Wikipedias with result: s3
2025-04-18 23:09:06,340 - Indexer - INFO - Successfully indexed https://meta.wikimedia.org/wiki/Special:MyLanguage/List_of_Wikipedias
2025-04-18 23:09:06,340 - Indexer - INFO - Extracted 10 keywords
2025-04-18 23:09:07,357 - Indexer - INFO - Successfully stored raw HTML for https://en.wikipedia.org/wiki/List_of_Wikipedia_mobile_applications at s3://web-crawler-data-storage/raw_html/2025/04/18/c3575c8005f0a1c5e66772e422fa23c8.html
2025-04-18 23:09:07,358 - Indexer - INFO - Stored raw HTML for https://en.wikipedia.org/wiki/List_of_Wikipedia_mobile_applications with result: s3
2025-04-18 23:09:07,747 - Indexer - INFO - Successfully stored processed text for https://en.wikipedia.org/wiki/List_of_Wikipedia_mobile_applications at s3://web-crawler-data-storage/processed_text/2025/04/18/c3575c8005f0a1c5e66772e422fa23c8.txt
2025-04-18 23:09:08,054 - Indexer - INFO - Successfully stored metadata for https://en.wikipedia.org/wiki/List_of_Wikipedia_mobile_applications at s3://web-crawler-data-storage/metadata/2025/04/18/c3575c8005f0a1c5e66772e422fa23c8.json
2025-04-18 23:09:08,055 - Indexer - INFO - Stored processed text for https://en.wikipedia.org/wiki/List_of_Wikipedia_mobile_applications with result: s3
2025-04-18 23:09:08,126 - Indexer - INFO - Successfully indexed https://en.wikipedia.org/wiki/List_of_Wikipedia_mobile_applications
2025-04-18 23:09:08,126 - Indexer - INFO - Extracted 10 keywords
2025-04-18 23:09:12,568 - Indexer - INFO - Successfully stored raw HTML for https://play.google.com/store/apps/details?id=org.wikipedia&referrer=utm_source%3Dportal%26utm_medium%3Dbutton%26anid%3Dadmob at s3://web-crawler-data-storage/raw_html/2025/04/18/999ec284cceaef3b439da23caa40004f.html
2025-04-18 23:09:12,569 - Indexer - INFO - Stored raw HTML for https://play.google.com/store/apps/details?id=org.wikipedia&referrer=utm_source%3Dportal%26utm_medium%3Dbutton%26anid%3Dadmob with result: s3
2025-04-18 23:09:13,033 - Indexer - INFO - Successfully stored processed text for https://play.google.com/store/apps/details?id=org.wikipedia&referrer=utm_source%3Dportal%26utm_medium%3Dbutton%26anid%3Dadmob at s3://web-crawler-data-storage/processed_text/2025/04/18/999ec284cceaef3b439da23caa40004f.txt
2025-04-18 23:09:13,394 - Indexer - INFO - Successfully stored metadata for https://play.google.com/store/apps/details?id=org.wikipedia&referrer=utm_source%3Dportal%26utm_medium%3Dbutton%26anid%3Dadmob at s3://web-crawler-data-storage/metadata/2025/04/18/999ec284cceaef3b439da23caa40004f.json
2025-04-18 23:09:13,395 - Indexer - INFO - Stored processed text for https://play.google.com/store/apps/details?id=org.wikipedia&referrer=utm_source%3Dportal%26utm_medium%3Dbutton%26anid%3Dadmob with result: s3
2025-04-18 23:09:14,236 - Indexer - INFO - Successfully indexed https://play.google.com/store/apps/details?id=org.wikipedia&referrer=utm_source%3Dportal%26utm_medium%3Dbutton%26anid%3Dadmob
2025-04-18 23:09:14,237 - Indexer - INFO - Extracted 10 keywords
2025-04-18 23:09:14,885 - Indexer - INFO - Successfully stored raw HTML for https://www.python.org/psf/ at s3://web-crawler-data-storage/raw_html/2025/04/18/491903eb8c7de2458019af2a1cd6a86c.html
2025-04-18 23:09:14,885 - Indexer - INFO - Stored raw HTML for https://www.python.org/psf/ with result: s3
2025-04-18 23:09:16,735 - Indexer - INFO - Successfully stored processed text for https://www.python.org/psf/ at s3://web-crawler-data-storage/processed_text/2025/04/18/491903eb8c7de2458019af2a1cd6a86c.txt
2025-04-18 23:09:18,300 - Indexer - INFO - Successfully stored metadata for https://www.python.org/psf/ at s3://web-crawler-data-storage/metadata/2025/04/18/491903eb8c7de2458019af2a1cd6a86c.json
2025-04-18 23:09:18,301 - Indexer - INFO - Stored processed text for https://www.python.org/psf/ with result: s3
2025-04-18 23:09:18,370 - Indexer - INFO - Successfully indexed https://www.python.org/psf/
2025-04-18 23:09:18,370 - Indexer - INFO - Extracted 10 keywords
2025-04-18 23:09:20,218 - Indexer - INFO - Successfully stored raw HTML for https://pypi.org/ at s3://web-crawler-data-storage/raw_html/2025/04/18/419defafa8b1d9a6418edbb446e9db79.html
2025-04-18 23:09:20,219 - Indexer - INFO - Stored raw HTML for https://pypi.org/ with result: s3
2025-04-18 23:09:20,650 - Indexer - INFO - Successfully stored processed text for https://pypi.org/ at s3://web-crawler-data-storage/processed_text/2025/04/18/419defafa8b1d9a6418edbb446e9db79.txt
2025-04-18 23:09:20,959 - Indexer - INFO - Successfully stored metadata for https://pypi.org/ at s3://web-crawler-data-storage/metadata/2025/04/18/419defafa8b1d9a6418edbb446e9db79.json
2025-04-18 23:09:20,959 - Indexer - INFO - Stored processed text for https://pypi.org/ with result: s3
2025-04-18 23:09:21,021 - Indexer - INFO - Successfully indexed https://pypi.org/
2025-04-18 23:09:21,021 - Indexer - INFO - Extracted 10 keywords
2025-04-18 23:09:22,038 - Indexer - INFO - Successfully stored raw HTML for https://psfmember.org/civicrm/contribute/transact?reset=1&id=2 at s3://web-crawler-data-storage/raw_html/2025/04/18/618bfe50d3538b5c56fc1f83e629ea52.html
2025-04-18 23:09:22,038 - Indexer - INFO - Stored raw HTML for https://psfmember.org/civicrm/contribute/transact?reset=1&id=2 with result: s3
2025-04-18 23:09:22,368 - Indexer - INFO - Successfully stored processed text for https://psfmember.org/civicrm/contribute/transact?reset=1&id=2 at s3://web-crawler-data-storage/processed_text/2025/04/18/618bfe50d3538b5c56fc1f83e629ea52.txt
2025-04-18 23:09:22,680 - Indexer - INFO - Successfully stored metadata for https://psfmember.org/civicrm/contribute/transact?reset=1&id=2 at s3://web-crawler-data-storage/metadata/2025/04/18/618bfe50d3538b5c56fc1f83e629ea52.json
2025-04-18 23:09:22,680 - Indexer - INFO - Stored processed text for https://psfmember.org/civicrm/contribute/transact?reset=1&id=2 with result: s3
2025-04-18 23:09:22,787 - Indexer - INFO - Successfully indexed https://psfmember.org/civicrm/contribute/transact?reset=1&id=2
2025-04-18 23:09:22,788 - Indexer - INFO - Extracted 10 keywords
2025-04-18 23:09:23,279 - Indexer - INFO - Successfully stored raw HTML for https://docs.python.org at s3://web-crawler-data-storage/raw_html/2025/04/18/ab87040aecf47a23a07dc06153094d21.html
2025-04-18 23:09:23,279 - Indexer - INFO - Stored raw HTML for https://docs.python.org with result: s3
2025-04-18 23:09:23,604 - Indexer - INFO - Successfully stored processed text for https://docs.python.org at s3://web-crawler-data-storage/processed_text/2025/04/18/ab87040aecf47a23a07dc06153094d21.txt
2025-04-18 23:09:23,913 - Indexer - INFO - Successfully stored metadata for https://docs.python.org at s3://web-crawler-data-storage/metadata/2025/04/18/ab87040aecf47a23a07dc06153094d21.json
2025-04-18 23:09:23,913 - Indexer - INFO - Stored processed text for https://docs.python.org with result: s3
2025-04-18 23:09:24,083 - Indexer - INFO - Successfully indexed https://docs.python.org
2025-04-18 23:09:24,083 - Indexer - INFO - Extracted 10 keywords
2025-04-18 23:09:25,411 - Indexer - INFO - Successfully stored raw HTML for https://github.com/security/advanced-security at s3://web-crawler-data-storage/raw_html/2025/04/18/1fe3a393f05c47bb0a664cde7f830a83.html
2025-04-18 23:09:25,411 - Indexer - INFO - Stored raw HTML for https://github.com/security/advanced-security with result: s3
2025-04-18 23:09:25,732 - Indexer - INFO - Successfully stored processed text for https://github.com/security/advanced-security at s3://web-crawler-data-storage/processed_text/2025/04/18/1fe3a393f05c47bb0a664cde7f830a83.txt
2025-04-18 23:09:26,045 - Indexer - INFO - Successfully stored metadata for https://github.com/security/advanced-security at s3://web-crawler-data-storage/metadata/2025/04/18/1fe3a393f05c47bb0a664cde7f830a83.json
2025-04-18 23:09:26,045 - Indexer - INFO - Stored processed text for https://github.com/security/advanced-security with result: s3
2025-04-18 23:09:26,663 - Indexer - INFO - Successfully indexed https://github.com/security/advanced-security
2025-04-18 23:09:26,663 - Indexer - INFO - Extracted 10 keywords
2025-04-18 23:09:29,450 - Indexer - INFO - Successfully stored raw HTML for https://itunes.apple.com/app/apple-store/id324715238?pt=208305&ct=portal&mt=8 at s3://web-crawler-data-storage/raw_html/2025/04/18/4ab61f2e1910f4ba05089d1f2e2e5e61.html
2025-04-18 23:09:29,450 - Indexer - INFO - Stored raw HTML for https://itunes.apple.com/app/apple-store/id324715238?pt=208305&ct=portal&mt=8 with result: s3
2025-04-18 23:09:29,798 - Indexer - INFO - Successfully stored processed text for https://itunes.apple.com/app/apple-store/id324715238?pt=208305&ct=portal&mt=8 at s3://web-crawler-data-storage/processed_text/2025/04/18/4ab61f2e1910f4ba05089d1f2e2e5e61.txt
2025-04-18 23:09:30,216 - Indexer - INFO - Successfully stored metadata for https://itunes.apple.com/app/apple-store/id324715238?pt=208305&ct=portal&mt=8 at s3://web-crawler-data-storage/metadata/2025/04/18/4ab61f2e1910f4ba05089d1f2e2e5e61.json
2025-04-18 23:09:30,216 - Indexer - INFO - Stored processed text for https://itunes.apple.com/app/apple-store/id324715238?pt=208305&ct=portal&mt=8 with result: s3
2025-04-18 23:09:30,317 - Indexer - INFO - Successfully indexed https://itunes.apple.com/app/apple-store/id324715238?pt=208305&ct=portal&mt=8
2025-04-18 23:09:30,317 - Indexer - INFO - Extracted 10 keywords
2025-04-18 23:09:31,882 - Indexer - INFO - Successfully stored raw HTML for https://github.com/features/codespaces at s3://web-crawler-data-storage/raw_html/2025/04/18/9b0feeb833799d4ed2b4e16427b7032e.html
2025-04-18 23:09:31,882 - Indexer - INFO - Stored raw HTML for https://github.com/features/codespaces with result: s3
2025-04-18 23:09:32,200 - Indexer - INFO - Successfully stored processed text for https://github.com/features/codespaces at s3://web-crawler-data-storage/processed_text/2025/04/18/9b0feeb833799d4ed2b4e16427b7032e.txt
2025-04-18 23:09:32,511 - Indexer - INFO - Successfully stored metadata for https://github.com/features/codespaces at s3://web-crawler-data-storage/metadata/2025/04/18/9b0feeb833799d4ed2b4e16427b7032e.json
2025-04-18 23:09:32,511 - Indexer - INFO - Stored processed text for https://github.com/features/codespaces with result: s3
2025-04-18 23:09:32,588 - Indexer - INFO - Successfully indexed https://github.com/features/codespaces
2025-04-18 23:09:32,589 - Indexer - INFO - Extracted 10 keywords
2025-04-18 23:09:35,201 - Indexer - INFO - Successfully stored raw HTML for https://github.com/features/copilot at s3://web-crawler-data-storage/raw_html/2025/04/18/dba769c840ccac35bd2dae4b74d18025.html
2025-04-18 23:09:35,201 - Indexer - INFO - Stored raw HTML for https://github.com/features/copilot with result: s3
2025-04-18 23:09:35,682 - Indexer - INFO - Successfully stored processed text for https://github.com/features/copilot at s3://web-crawler-data-storage/processed_text/2025/04/18/dba769c840ccac35bd2dae4b74d18025.txt
2025-04-18 23:09:36,155 - Indexer - INFO - Successfully stored metadata for https://github.com/features/copilot at s3://web-crawler-data-storage/metadata/2025/04/18/dba769c840ccac35bd2dae4b74d18025.json
2025-04-18 23:09:36,155 - Indexer - INFO - Stored processed text for https://github.com/features/copilot with result: s3
2025-04-18 23:09:36,313 - Indexer - INFO - Successfully indexed https://github.com/features/copilot
2025-04-18 23:09:36,313 - Indexer - INFO - Extracted 10 keywords
2025-04-18 23:09:37,840 - Indexer - INFO - Successfully stored raw HTML for https://github.com/features/issues at s3://web-crawler-data-storage/raw_html/2025/04/18/e2829aebb11ffc941af2d189e2298796.html
2025-04-18 23:09:37,840 - Indexer - INFO - Stored raw HTML for https://github.com/features/issues with result: s3
2025-04-18 23:09:38,169 - Indexer - INFO - Successfully stored processed text for https://github.com/features/issues at s3://web-crawler-data-storage/processed_text/2025/04/18/e2829aebb11ffc941af2d189e2298796.txt
2025-04-18 23:09:38,485 - Indexer - INFO - Successfully stored metadata for https://github.com/features/issues at s3://web-crawler-data-storage/metadata/2025/04/18/e2829aebb11ffc941af2d189e2298796.json
2025-04-18 23:09:38,486 - Indexer - INFO - Stored processed text for https://github.com/features/issues with result: s3
2025-04-18 23:09:38,554 - Indexer - INFO - Successfully indexed https://github.com/features/issues
2025-04-18 23:09:38,554 - Indexer - INFO - Extracted 10 keywords
2025-04-18 23:09:38,961 - Indexer - INFO - Successfully stored raw HTML for https://www.linkedin.com/company/python-software-foundation/ at s3://web-crawler-data-storage/raw_html/2025/04/18/d90ed6113df7505dad451d6f07e252ac.html
2025-04-18 23:09:38,962 - Indexer - INFO - Stored raw HTML for https://www.linkedin.com/company/python-software-foundation/ with result: s3
2025-04-18 23:09:39,255 - Indexer - INFO - Successfully stored processed text for https://www.linkedin.com/company/python-software-foundation/ at s3://web-crawler-data-storage/processed_text/2025/04/18/d90ed6113df7505dad451d6f07e252ac.txt
2025-04-18 23:09:39,565 - Indexer - INFO - Successfully stored metadata for https://www.linkedin.com/company/python-software-foundation/ at s3://web-crawler-data-storage/metadata/2025/04/18/d90ed6113df7505dad451d6f07e252ac.json
2025-04-18 23:09:39,565 - Indexer - INFO - Stored processed text for https://www.linkedin.com/company/python-software-foundation/ with result: s3
2025-04-18 23:09:40,117 - Indexer - INFO - Successfully indexed https://www.linkedin.com/company/python-software-foundation/
2025-04-18 23:09:40,117 - Indexer - INFO - Extracted 0 keywords
2025-04-18 23:09:41,451 - Indexer - INFO - Successfully stored raw HTML for https://github.com/features/actions at s3://web-crawler-data-storage/raw_html/2025/04/18/d7af0858294d18fa9f4dc16984f9a98d.html
2025-04-18 23:09:41,451 - Indexer - INFO - Stored raw HTML for https://github.com/features/actions with result: s3
2025-04-18 23:09:41,758 - Indexer - INFO - Successfully stored processed text for https://github.com/features/actions at s3://web-crawler-data-storage/processed_text/2025/04/18/d7af0858294d18fa9f4dc16984f9a98d.txt
2025-04-18 23:09:42,065 - Indexer - INFO - Successfully stored metadata for https://github.com/features/actions at s3://web-crawler-data-storage/metadata/2025/04/18/d7af0858294d18fa9f4dc16984f9a98d.json
2025-04-18 23:09:42,065 - Indexer - INFO - Stored processed text for https://github.com/features/actions with result: s3
2025-04-18 23:09:42,146 - Indexer - INFO - Successfully indexed https://github.com/features/actions
2025-04-18 23:09:42,146 - Indexer - INFO - Extracted 10 keywords
2025-04-18 23:09:43,645 - Indexer - INFO - Successfully stored raw HTML for https://www.reddit.com/login/ at s3://web-crawler-data-storage/raw_html/2025/04/18/686b8a13c276555c1986636287e1b566.html
2025-04-18 23:09:43,646 - Indexer - INFO - Stored raw HTML for https://www.reddit.com/login/ with result: s3
2025-04-18 23:09:43,958 - Indexer - INFO - Successfully stored processed text for https://www.reddit.com/login/ at s3://web-crawler-data-storage/processed_text/2025/04/18/686b8a13c276555c1986636287e1b566.txt
2025-04-18 23:09:44,250 - Indexer - INFO - Successfully stored metadata for https://www.reddit.com/login/ at s3://web-crawler-data-storage/metadata/2025/04/18/686b8a13c276555c1986636287e1b566.json
2025-04-18 23:09:44,250 - Indexer - INFO - Stored processed text for https://www.reddit.com/login/ with result: s3
2025-04-18 23:09:44,315 - Indexer - INFO - Successfully indexed https://www.reddit.com/login/
2025-04-18 23:09:44,316 - Indexer - INFO - Extracted 3 keywords
2025-04-18 23:09:44,416 - Indexer - INFO - Indexer received shutdown signal. Generating final statistics...
2025-04-18 23:09:44,445 - Indexer - INFO - Final Index Statistics:
2025-04-18 23:09:44,445 - Indexer - INFO - Total documents indexed: 23
2025-04-18 23:09:44,445 - Indexer - INFO - Total unique URLs processed: 21
2025-04-18 23:09:44,445 - Indexer - INFO - 
Example Search Results:
2025-04-18 23:09:44,471 - Indexer - INFO - 
Query: python AND programming
2025-04-18 23:09:44,471 - Indexer - INFO - Found 6 results
2025-04-18 23:09:44,475 - Indexer - INFO - 
Query: title:github
2025-04-18 23:09:44,475 - Indexer - INFO - Found 0 results
2025-04-18 23:09:44,484 - Indexer - INFO - 
Query: "open source"
2025-04-18 23:09:44,484 - Indexer - INFO - Found 8 results
2025-04-18 23:09:44,491 - Indexer - INFO - 
Query: content:machine learning
2025-04-18 23:09:44,491 - Indexer - INFO - Found 4 results
2025-04-18 23:21:45,025 - Indexer - INFO - Enhanced Indexer node started with rank 4 of 5
2025-04-18 23:21:45,026 - Indexer - INFO - Loaded AWS configuration from aws_config.json
2025-04-18 23:21:45,037 - Indexer - INFO - Found credentials in shared credentials file: ~/.aws/credentials
2025-04-18 23:21:45,950 - Indexer - INFO - Bucket web-crawler-data-storage already exists
2025-04-18 23:21:45,951 - Indexer - INFO - Successfully connected to AWS S3 in region us-east-1
2025-04-18 23:21:45,951 - Indexer - INFO - CloudStorage initialized for data persistence
2025-04-18 23:21:49,390 - Indexer - INFO - Successfully stored raw HTML for https://www.wikipedia.org at s3://web-crawler-data-storage/raw_html/2025/04/18/8d1d8a3956ab5668e1da4e3e7f856f08.html
2025-04-18 23:21:49,390 - Indexer - INFO - Stored raw HTML for https://www.wikipedia.org with result: s3
2025-04-18 23:21:49,703 - Indexer - INFO - Successfully stored processed text for https://www.wikipedia.org at s3://web-crawler-data-storage/processed_text/2025/04/18/8d1d8a3956ab5668e1da4e3e7f856f08.txt
2025-04-18 23:21:50,017 - Indexer - INFO - Successfully stored metadata for https://www.wikipedia.org at s3://web-crawler-data-storage/metadata/2025/04/18/8d1d8a3956ab5668e1da4e3e7f856f08.json
2025-04-18 23:21:50,017 - Indexer - INFO - Stored processed text for https://www.wikipedia.org with result: s3
2025-04-18 23:21:50,085 - Indexer - INFO - Successfully indexed https://www.wikipedia.org
2025-04-18 23:21:50,085 - Indexer - INFO - Extracted 10 keywords
2025-04-18 23:21:53,023 - Indexer - INFO - Successfully stored raw HTML for https://www.reddit.com at s3://web-crawler-data-storage/raw_html/2025/04/18/30dd8fd5626b7e36783516a6e238baf2.html
2025-04-18 23:21:53,023 - Indexer - INFO - Stored raw HTML for https://www.reddit.com with result: s3
2025-04-18 23:21:53,344 - Indexer - INFO - Successfully stored processed text for https://www.reddit.com at s3://web-crawler-data-storage/processed_text/2025/04/18/30dd8fd5626b7e36783516a6e238baf2.txt
2025-04-18 23:21:53,660 - Indexer - INFO - Successfully stored metadata for https://www.reddit.com at s3://web-crawler-data-storage/metadata/2025/04/18/30dd8fd5626b7e36783516a6e238baf2.json
2025-04-18 23:21:53,660 - Indexer - INFO - Stored processed text for https://www.reddit.com with result: s3
2025-04-18 23:21:53,800 - Indexer - INFO - Successfully indexed https://www.reddit.com
2025-04-18 23:21:53,802 - Indexer - INFO - Extracted 10 keywords
2025-04-18 23:21:54,438 - Indexer - INFO - Successfully stored raw HTML for https://www.python.org at s3://web-crawler-data-storage/raw_html/2025/04/18/c137682bbb0946674f25d1d4bd9e07a0.html
2025-04-18 23:21:54,438 - Indexer - INFO - Stored raw HTML for https://www.python.org with result: s3
2025-04-18 23:21:54,759 - Indexer - INFO - Successfully stored processed text for https://www.python.org at s3://web-crawler-data-storage/processed_text/2025/04/18/c137682bbb0946674f25d1d4bd9e07a0.txt
2025-04-18 23:21:55,066 - Indexer - INFO - Successfully stored metadata for https://www.python.org at s3://web-crawler-data-storage/metadata/2025/04/18/c137682bbb0946674f25d1d4bd9e07a0.json
2025-04-18 23:21:55,067 - Indexer - INFO - Stored processed text for https://www.python.org with result: s3
2025-04-18 23:21:55,646 - Indexer - INFO - Successfully indexed https://www.python.org
2025-04-18 23:21:55,646 - Indexer - INFO - Extracted 10 keywords
2025-04-18 23:21:57,423 - Indexer - INFO - Successfully stored raw HTML for https://www.github.com at s3://web-crawler-data-storage/raw_html/2025/04/18/1895ab41ad3a81f6fd0a194bbc337a22.html
2025-04-18 23:21:57,423 - Indexer - INFO - Stored raw HTML for https://www.github.com with result: s3
2025-04-18 23:21:57,758 - Indexer - INFO - Successfully stored processed text for https://www.github.com at s3://web-crawler-data-storage/processed_text/2025/04/18/1895ab41ad3a81f6fd0a194bbc337a22.txt
2025-04-18 23:21:58,107 - Indexer - INFO - Successfully stored metadata for https://www.github.com at s3://web-crawler-data-storage/metadata/2025/04/18/1895ab41ad3a81f6fd0a194bbc337a22.json
2025-04-18 23:21:58,107 - Indexer - INFO - Stored processed text for https://www.github.com with result: s3
2025-04-18 23:21:58,226 - Indexer - INFO - Successfully indexed https://www.github.com
2025-04-18 23:21:58,226 - Indexer - INFO - Extracted 10 keywords
2025-04-18 23:22:00,257 - Indexer - INFO - Successfully stored raw HTML for https://www.stackoverflow.com at s3://web-crawler-data-storage/raw_html/2025/04/18/2415620324baad2a5308e2c497763b12.html
2025-04-18 23:22:00,257 - Indexer - INFO - Stored raw HTML for https://www.stackoverflow.com with result: s3
2025-04-18 23:22:00,629 - Indexer - INFO - Successfully stored processed text for https://www.stackoverflow.com at s3://web-crawler-data-storage/processed_text/2025/04/18/2415620324baad2a5308e2c497763b12.txt
2025-04-18 23:22:00,999 - Indexer - INFO - Successfully stored metadata for https://www.stackoverflow.com at s3://web-crawler-data-storage/metadata/2025/04/18/2415620324baad2a5308e2c497763b12.json
2025-04-18 23:22:00,999 - Indexer - INFO - Stored processed text for https://www.stackoverflow.com with result: s3
2025-04-18 23:22:01,167 - Indexer - INFO - Successfully indexed https://www.stackoverflow.com
2025-04-18 23:22:01,167 - Indexer - INFO - Extracted 10 keywords
2025-04-18 23:22:01,902 - Indexer - INFO - Successfully stored raw HTML for https://donate.wikimedia.org/?wmf_medium=portal&wmf_campaign=portalFooter&wmf_source=portalFooter at s3://web-crawler-data-storage/raw_html/2025/04/18/e80926e2c85c2736bd72ce8f1fda94c6.html
2025-04-18 23:22:01,902 - Indexer - INFO - Stored raw HTML for https://donate.wikimedia.org/?wmf_medium=portal&wmf_campaign=portalFooter&wmf_source=portalFooter with result: s3
2025-04-18 23:22:02,223 - Indexer - INFO - Successfully stored processed text for https://donate.wikimedia.org/?wmf_medium=portal&wmf_campaign=portalFooter&wmf_source=portalFooter at s3://web-crawler-data-storage/processed_text/2025/04/18/e80926e2c85c2736bd72ce8f1fda94c6.txt
2025-04-18 23:22:02,544 - Indexer - INFO - Successfully stored metadata for https://donate.wikimedia.org/?wmf_medium=portal&wmf_campaign=portalFooter&wmf_source=portalFooter at s3://web-crawler-data-storage/metadata/2025/04/18/e80926e2c85c2736bd72ce8f1fda94c6.json
2025-04-18 23:22:02,544 - Indexer - INFO - Stored processed text for https://donate.wikimedia.org/?wmf_medium=portal&wmf_campaign=portalFooter&wmf_source=portalFooter with result: s3
2025-04-18 23:22:02,592 - Indexer - INFO - Successfully indexed https://donate.wikimedia.org/?wmf_medium=portal&wmf_campaign=portalFooter&wmf_source=portalFooter
2025-04-18 23:22:02,592 - Indexer - INFO - Extracted 10 keywords
2025-04-18 23:22:05,572 - Indexer - INFO - Successfully stored raw HTML for https://meta.wikimedia.org/wiki/Special:MyLanguage/List_of_Wikipedias at s3://web-crawler-data-storage/raw_html/2025/04/18/e89764c6976518e91ebe50251fa3fe33.html
2025-04-18 23:22:05,572 - Indexer - INFO - Stored raw HTML for https://meta.wikimedia.org/wiki/Special:MyLanguage/List_of_Wikipedias with result: s3
2025-04-18 23:22:06,011 - Indexer - INFO - Successfully stored processed text for https://meta.wikimedia.org/wiki/Special:MyLanguage/List_of_Wikipedias at s3://web-crawler-data-storage/processed_text/2025/04/18/e89764c6976518e91ebe50251fa3fe33.txt
2025-04-18 23:22:06,452 - Indexer - INFO - Successfully stored metadata for https://meta.wikimedia.org/wiki/Special:MyLanguage/List_of_Wikipedias at s3://web-crawler-data-storage/metadata/2025/04/18/e89764c6976518e91ebe50251fa3fe33.json
2025-04-18 23:22:06,452 - Indexer - INFO - Stored processed text for https://meta.wikimedia.org/wiki/Special:MyLanguage/List_of_Wikipedias with result: s3
2025-04-18 23:22:06,727 - Indexer - INFO - Successfully indexed https://meta.wikimedia.org/wiki/Special:MyLanguage/List_of_Wikipedias
2025-04-18 23:22:06,727 - Indexer - INFO - Extracted 10 keywords
2025-04-18 23:22:07,697 - Indexer - INFO - Successfully stored raw HTML for https://en.wikipedia.org/wiki/List_of_Wikipedia_mobile_applications at s3://web-crawler-data-storage/raw_html/2025/04/18/c3575c8005f0a1c5e66772e422fa23c8.html
2025-04-18 23:22:07,697 - Indexer - INFO - Stored raw HTML for https://en.wikipedia.org/wiki/List_of_Wikipedia_mobile_applications with result: s3
2025-04-18 23:22:08,011 - Indexer - INFO - Successfully stored processed text for https://en.wikipedia.org/wiki/List_of_Wikipedia_mobile_applications at s3://web-crawler-data-storage/processed_text/2025/04/18/c3575c8005f0a1c5e66772e422fa23c8.txt
2025-04-18 23:22:08,321 - Indexer - INFO - Successfully stored metadata for https://en.wikipedia.org/wiki/List_of_Wikipedia_mobile_applications at s3://web-crawler-data-storage/metadata/2025/04/18/c3575c8005f0a1c5e66772e422fa23c8.json
2025-04-18 23:22:08,321 - Indexer - INFO - Stored processed text for https://en.wikipedia.org/wiki/List_of_Wikipedia_mobile_applications with result: s3
2025-04-18 23:22:08,996 - Indexer - INFO - Successfully indexed https://en.wikipedia.org/wiki/List_of_Wikipedia_mobile_applications
2025-04-18 23:22:08,996 - Indexer - INFO - Extracted 10 keywords
2025-04-18 23:22:12,829 - Indexer - INFO - Successfully stored raw HTML for https://play.google.com/store/apps/details?id=org.wikipedia&referrer=utm_source%3Dportal%26utm_medium%3Dbutton%26anid%3Dadmob at s3://web-crawler-data-storage/raw_html/2025/04/18/999ec284cceaef3b439da23caa40004f.html
2025-04-18 23:22:12,830 - Indexer - INFO - Stored raw HTML for https://play.google.com/store/apps/details?id=org.wikipedia&referrer=utm_source%3Dportal%26utm_medium%3Dbutton%26anid%3Dadmob with result: s3
2025-04-18 23:22:13,151 - Indexer - INFO - Successfully stored processed text for https://play.google.com/store/apps/details?id=org.wikipedia&referrer=utm_source%3Dportal%26utm_medium%3Dbutton%26anid%3Dadmob at s3://web-crawler-data-storage/processed_text/2025/04/18/999ec284cceaef3b439da23caa40004f.txt
2025-04-18 23:22:13,501 - Indexer - INFO - Successfully stored metadata for https://play.google.com/store/apps/details?id=org.wikipedia&referrer=utm_source%3Dportal%26utm_medium%3Dbutton%26anid%3Dadmob at s3://web-crawler-data-storage/metadata/2025/04/18/999ec284cceaef3b439da23caa40004f.json
2025-04-18 23:22:13,502 - Indexer - INFO - Stored processed text for https://play.google.com/store/apps/details?id=org.wikipedia&referrer=utm_source%3Dportal%26utm_medium%3Dbutton%26anid%3Dadmob with result: s3
2025-04-18 23:22:13,590 - Indexer - INFO - Successfully indexed https://play.google.com/store/apps/details?id=org.wikipedia&referrer=utm_source%3Dportal%26utm_medium%3Dbutton%26anid%3Dadmob
2025-04-18 23:22:13,590 - Indexer - INFO - Extracted 10 keywords
2025-04-18 23:22:14,192 - Indexer - INFO - Successfully stored raw HTML for https://www.python.org/psf/ at s3://web-crawler-data-storage/raw_html/2025/04/18/491903eb8c7de2458019af2a1cd6a86c.html
2025-04-18 23:22:14,192 - Indexer - INFO - Stored raw HTML for https://www.python.org/psf/ with result: s3
2025-04-18 23:22:14,496 - Indexer - INFO - Successfully stored processed text for https://www.python.org/psf/ at s3://web-crawler-data-storage/processed_text/2025/04/18/491903eb8c7de2458019af2a1cd6a86c.txt
2025-04-18 23:22:14,809 - Indexer - INFO - Successfully stored metadata for https://www.python.org/psf/ at s3://web-crawler-data-storage/metadata/2025/04/18/491903eb8c7de2458019af2a1cd6a86c.json
2025-04-18 23:22:14,809 - Indexer - INFO - Stored processed text for https://www.python.org/psf/ with result: s3
2025-04-18 23:22:14,886 - Indexer - INFO - Successfully indexed https://www.python.org/psf/
2025-04-18 23:22:14,886 - Indexer - INFO - Extracted 10 keywords
2025-04-18 23:22:15,358 - Indexer - INFO - Successfully stored raw HTML for https://pypi.org/ at s3://web-crawler-data-storage/raw_html/2025/04/18/419defafa8b1d9a6418edbb446e9db79.html
2025-04-18 23:22:15,359 - Indexer - INFO - Stored raw HTML for https://pypi.org/ with result: s3
2025-04-18 23:22:15,745 - Indexer - INFO - Successfully stored processed text for https://pypi.org/ at s3://web-crawler-data-storage/processed_text/2025/04/18/419defafa8b1d9a6418edbb446e9db79.txt
2025-04-18 23:22:16,052 - Indexer - INFO - Successfully stored metadata for https://pypi.org/ at s3://web-crawler-data-storage/metadata/2025/04/18/419defafa8b1d9a6418edbb446e9db79.json
2025-04-18 23:22:16,052 - Indexer - INFO - Stored processed text for https://pypi.org/ with result: s3
2025-04-18 23:22:16,109 - Indexer - INFO - Successfully indexed https://pypi.org/
2025-04-18 23:22:16,109 - Indexer - INFO - Extracted 10 keywords
2025-04-18 23:22:17,052 - Indexer - INFO - Successfully stored raw HTML for https://psfmember.org/civicrm/contribute/transact?reset=1&id=2 at s3://web-crawler-data-storage/raw_html/2025/04/18/618bfe50d3538b5c56fc1f83e629ea52.html
2025-04-18 23:22:17,053 - Indexer - INFO - Stored raw HTML for https://psfmember.org/civicrm/contribute/transact?reset=1&id=2 with result: s3
2025-04-18 23:22:17,378 - Indexer - INFO - Successfully stored processed text for https://psfmember.org/civicrm/contribute/transact?reset=1&id=2 at s3://web-crawler-data-storage/processed_text/2025/04/18/618bfe50d3538b5c56fc1f83e629ea52.txt
2025-04-18 23:22:17,703 - Indexer - INFO - Successfully stored metadata for https://psfmember.org/civicrm/contribute/transact?reset=1&id=2 at s3://web-crawler-data-storage/metadata/2025/04/18/618bfe50d3538b5c56fc1f83e629ea52.json
2025-04-18 23:22:17,703 - Indexer - INFO - Stored processed text for https://psfmember.org/civicrm/contribute/transact?reset=1&id=2 with result: s3
2025-04-18 23:22:17,817 - Indexer - INFO - Successfully indexed https://psfmember.org/civicrm/contribute/transact?reset=1&id=2
2025-04-18 23:22:17,818 - Indexer - INFO - Extracted 10 keywords
2025-04-18 23:22:18,292 - Indexer - INFO - Successfully stored raw HTML for https://docs.python.org at s3://web-crawler-data-storage/raw_html/2025/04/18/ab87040aecf47a23a07dc06153094d21.html
2025-04-18 23:22:18,293 - Indexer - INFO - Stored raw HTML for https://docs.python.org with result: s3
2025-04-18 23:22:18,598 - Indexer - INFO - Successfully stored processed text for https://docs.python.org at s3://web-crawler-data-storage/processed_text/2025/04/18/ab87040aecf47a23a07dc06153094d21.txt
2025-04-18 23:22:18,905 - Indexer - INFO - Successfully stored metadata for https://docs.python.org at s3://web-crawler-data-storage/metadata/2025/04/18/ab87040aecf47a23a07dc06153094d21.json
2025-04-18 23:22:18,906 - Indexer - INFO - Stored processed text for https://docs.python.org with result: s3
2025-04-18 23:22:19,522 - Indexer - INFO - Successfully indexed https://docs.python.org
2025-04-18 23:22:19,522 - Indexer - INFO - Extracted 10 keywords
2025-04-18 23:25:08,885 - Indexer - INFO - Enhanced Indexer node started with rank 4 of 5
2025-04-18 23:25:08,886 - Indexer - INFO - Loaded AWS configuration from aws_config.json
2025-04-18 23:25:08,901 - Indexer - INFO - Found credentials in shared credentials file: ~/.aws/credentials
2025-04-18 23:25:09,788 - Indexer - INFO - Bucket web-crawler-data-storage already exists
2025-04-18 23:25:09,789 - Indexer - INFO - Successfully connected to AWS S3 in region us-east-1
2025-04-18 23:25:09,789 - Indexer - INFO - CloudStorage initialized for data persistence
2025-04-18 23:25:13,077 - Indexer - INFO - Successfully stored raw HTML for https://www.wikipedia.org at s3://web-crawler-data-storage/raw_html/2025/04/18/8d1d8a3956ab5668e1da4e3e7f856f08.html
2025-04-18 23:25:13,078 - Indexer - INFO - Stored raw HTML for https://www.wikipedia.org with result: s3
2025-04-18 23:25:13,377 - Indexer - INFO - Successfully stored processed text for https://www.wikipedia.org at s3://web-crawler-data-storage/processed_text/2025/04/18/8d1d8a3956ab5668e1da4e3e7f856f08.txt
2025-04-18 23:25:13,736 - Indexer - INFO - Successfully stored metadata for https://www.wikipedia.org at s3://web-crawler-data-storage/metadata/2025/04/18/8d1d8a3956ab5668e1da4e3e7f856f08.json
2025-04-18 23:25:13,736 - Indexer - INFO - Stored processed text for https://www.wikipedia.org with result: s3
2025-04-18 23:25:13,798 - Indexer - INFO - Successfully indexed https://www.wikipedia.org
2025-04-18 23:25:13,798 - Indexer - INFO - Extracted 10 keywords
2025-04-18 23:25:16,865 - Indexer - INFO - Successfully stored raw HTML for https://www.reddit.com at s3://web-crawler-data-storage/raw_html/2025/04/18/30dd8fd5626b7e36783516a6e238baf2.html
2025-04-18 23:25:16,866 - Indexer - INFO - Stored raw HTML for https://www.reddit.com with result: s3
2025-04-18 23:25:17,227 - Indexer - INFO - Successfully stored processed text for https://www.reddit.com at s3://web-crawler-data-storage/processed_text/2025/04/18/30dd8fd5626b7e36783516a6e238baf2.txt
2025-04-18 23:25:17,566 - Indexer - INFO - Successfully stored metadata for https://www.reddit.com at s3://web-crawler-data-storage/metadata/2025/04/18/30dd8fd5626b7e36783516a6e238baf2.json
2025-04-18 23:25:17,566 - Indexer - INFO - Stored processed text for https://www.reddit.com with result: s3
2025-04-18 23:25:17,640 - Indexer - INFO - Successfully indexed https://www.reddit.com
2025-04-18 23:25:17,640 - Indexer - INFO - Extracted 10 keywords
2025-04-18 23:25:18,223 - Indexer - INFO - Successfully stored raw HTML for https://www.python.org at s3://web-crawler-data-storage/raw_html/2025/04/18/c137682bbb0946674f25d1d4bd9e07a0.html
2025-04-18 23:25:18,223 - Indexer - INFO - Stored raw HTML for https://www.python.org with result: s3
2025-04-18 23:25:18,523 - Indexer - INFO - Successfully stored processed text for https://www.python.org at s3://web-crawler-data-storage/processed_text/2025/04/18/c137682bbb0946674f25d1d4bd9e07a0.txt
2025-04-18 23:25:18,830 - Indexer - INFO - Successfully stored metadata for https://www.python.org at s3://web-crawler-data-storage/metadata/2025/04/18/c137682bbb0946674f25d1d4bd9e07a0.json
2025-04-18 23:25:18,830 - Indexer - INFO - Stored processed text for https://www.python.org with result: s3
2025-04-18 23:25:18,908 - Indexer - INFO - Successfully indexed https://www.python.org
2025-04-18 23:25:18,908 - Indexer - INFO - Extracted 10 keywords
2025-04-18 23:25:20,250 - Indexer - INFO - Successfully stored raw HTML for https://www.github.com at s3://web-crawler-data-storage/raw_html/2025/04/18/1895ab41ad3a81f6fd0a194bbc337a22.html
2025-04-18 23:25:20,250 - Indexer - INFO - Stored raw HTML for https://www.github.com with result: s3
2025-04-18 23:25:20,582 - Indexer - INFO - Successfully stored processed text for https://www.github.com at s3://web-crawler-data-storage/processed_text/2025/04/18/1895ab41ad3a81f6fd0a194bbc337a22.txt
2025-04-18 23:25:20,910 - Indexer - INFO - Successfully stored metadata for https://www.github.com at s3://web-crawler-data-storage/metadata/2025/04/18/1895ab41ad3a81f6fd0a194bbc337a22.json
2025-04-18 23:25:20,910 - Indexer - INFO - Stored processed text for https://www.github.com with result: s3
2025-04-18 23:25:20,999 - Indexer - INFO - Successfully indexed https://www.github.com
2025-04-18 23:25:20,999 - Indexer - INFO - Extracted 10 keywords
2025-04-18 23:25:21,640 - Indexer - INFO - Successfully stored raw HTML for https://donate.wikimedia.org/?wmf_medium=portal&wmf_campaign=portalFooter&wmf_source=portalFooter at s3://web-crawler-data-storage/raw_html/2025/04/18/e80926e2c85c2736bd72ce8f1fda94c6.html
2025-04-18 23:25:21,640 - Indexer - INFO - Stored raw HTML for https://donate.wikimedia.org/?wmf_medium=portal&wmf_campaign=portalFooter&wmf_source=portalFooter with result: s3
2025-04-18 23:25:22,020 - Indexer - INFO - Successfully stored processed text for https://donate.wikimedia.org/?wmf_medium=portal&wmf_campaign=portalFooter&wmf_source=portalFooter at s3://web-crawler-data-storage/processed_text/2025/04/18/e80926e2c85c2736bd72ce8f1fda94c6.txt
2025-04-18 23:25:22,338 - Indexer - INFO - Successfully stored metadata for https://donate.wikimedia.org/?wmf_medium=portal&wmf_campaign=portalFooter&wmf_source=portalFooter at s3://web-crawler-data-storage/metadata/2025/04/18/e80926e2c85c2736bd72ce8f1fda94c6.json
2025-04-18 23:25:22,339 - Indexer - INFO - Stored processed text for https://donate.wikimedia.org/?wmf_medium=portal&wmf_campaign=portalFooter&wmf_source=portalFooter with result: s3
2025-04-18 23:25:23,028 - Indexer - INFO - Successfully indexed https://donate.wikimedia.org/?wmf_medium=portal&wmf_campaign=portalFooter&wmf_source=portalFooter
2025-04-18 23:25:23,028 - Indexer - INFO - Extracted 10 keywords
2025-04-18 23:25:25,741 - Indexer - INFO - Successfully stored raw HTML for https://meta.wikimedia.org/wiki/Special:MyLanguage/List_of_Wikipedias at s3://web-crawler-data-storage/raw_html/2025/04/18/e89764c6976518e91ebe50251fa3fe33.html
2025-04-18 23:25:25,741 - Indexer - INFO - Stored raw HTML for https://meta.wikimedia.org/wiki/Special:MyLanguage/List_of_Wikipedias with result: s3
2025-04-18 23:25:26,213 - Indexer - INFO - Successfully stored processed text for https://meta.wikimedia.org/wiki/Special:MyLanguage/List_of_Wikipedias at s3://web-crawler-data-storage/processed_text/2025/04/18/e89764c6976518e91ebe50251fa3fe33.txt
2025-04-18 23:25:26,641 - Indexer - INFO - Successfully stored metadata for https://meta.wikimedia.org/wiki/Special:MyLanguage/List_of_Wikipedias at s3://web-crawler-data-storage/metadata/2025/04/18/e89764c6976518e91ebe50251fa3fe33.json
2025-04-18 23:25:26,642 - Indexer - INFO - Stored processed text for https://meta.wikimedia.org/wiki/Special:MyLanguage/List_of_Wikipedias with result: s3
2025-04-18 23:25:26,886 - Indexer - INFO - Successfully indexed https://meta.wikimedia.org/wiki/Special:MyLanguage/List_of_Wikipedias
2025-04-18 23:25:26,886 - Indexer - INFO - Extracted 10 keywords
2025-04-18 23:25:29,168 - Indexer - INFO - Successfully stored raw HTML for https://en.wikipedia.org/wiki/List_of_Wikipedia_mobile_applications at s3://web-crawler-data-storage/raw_html/2025/04/18/c3575c8005f0a1c5e66772e422fa23c8.html
2025-04-18 23:25:29,168 - Indexer - INFO - Stored raw HTML for https://en.wikipedia.org/wiki/List_of_Wikipedia_mobile_applications with result: s3
2025-04-18 23:25:29,465 - Indexer - INFO - Successfully stored processed text for https://en.wikipedia.org/wiki/List_of_Wikipedia_mobile_applications at s3://web-crawler-data-storage/processed_text/2025/04/18/c3575c8005f0a1c5e66772e422fa23c8.txt
2025-04-18 23:25:29,777 - Indexer - INFO - Successfully stored metadata for https://en.wikipedia.org/wiki/List_of_Wikipedia_mobile_applications at s3://web-crawler-data-storage/metadata/2025/04/18/c3575c8005f0a1c5e66772e422fa23c8.json
2025-04-18 23:25:29,777 - Indexer - INFO - Stored processed text for https://en.wikipedia.org/wiki/List_of_Wikipedia_mobile_applications with result: s3
2025-04-18 23:25:29,853 - Indexer - INFO - Successfully indexed https://en.wikipedia.org/wiki/List_of_Wikipedia_mobile_applications
2025-04-18 23:25:29,854 - Indexer - INFO - Extracted 10 keywords
2025-04-18 23:25:32,433 - Indexer - INFO - Successfully stored raw HTML for https://itunes.apple.com/app/apple-store/id324715238?pt=208305&ct=portal&mt=8 at s3://web-crawler-data-storage/raw_html/2025/04/18/4ab61f2e1910f4ba05089d1f2e2e5e61.html
2025-04-18 23:25:32,433 - Indexer - INFO - Stored raw HTML for https://itunes.apple.com/app/apple-store/id324715238?pt=208305&ct=portal&mt=8 with result: s3
2025-04-18 23:25:32,759 - Indexer - INFO - Successfully stored processed text for https://itunes.apple.com/app/apple-store/id324715238?pt=208305&ct=portal&mt=8 at s3://web-crawler-data-storage/processed_text/2025/04/18/4ab61f2e1910f4ba05089d1f2e2e5e61.txt
2025-04-18 23:25:33,084 - Indexer - INFO - Successfully stored metadata for https://itunes.apple.com/app/apple-store/id324715238?pt=208305&ct=portal&mt=8 at s3://web-crawler-data-storage/metadata/2025/04/18/4ab61f2e1910f4ba05089d1f2e2e5e61.json
2025-04-18 23:25:33,084 - Indexer - INFO - Stored processed text for https://itunes.apple.com/app/apple-store/id324715238?pt=208305&ct=portal&mt=8 with result: s3
2025-04-18 23:25:33,187 - Indexer - INFO - Successfully indexed https://itunes.apple.com/app/apple-store/id324715238?pt=208305&ct=portal&mt=8
2025-04-18 23:25:33,187 - Indexer - INFO - Extracted 10 keywords
2025-04-18 23:25:34,807 - Indexer - INFO - Successfully stored raw HTML for https://www.stackoverflow.com at s3://web-crawler-data-storage/raw_html/2025/04/18/2415620324baad2a5308e2c497763b12.html
2025-04-18 23:25:34,807 - Indexer - INFO - Stored raw HTML for https://www.stackoverflow.com with result: s3
2025-04-18 23:25:35,167 - Indexer - INFO - Successfully stored processed text for https://www.stackoverflow.com at s3://web-crawler-data-storage/processed_text/2025/04/18/2415620324baad2a5308e2c497763b12.txt
2025-04-18 23:25:35,524 - Indexer - INFO - Successfully stored metadata for https://www.stackoverflow.com at s3://web-crawler-data-storage/metadata/2025/04/18/2415620324baad2a5308e2c497763b12.json
2025-04-18 23:25:35,524 - Indexer - INFO - Stored processed text for https://www.stackoverflow.com with result: s3
2025-04-18 23:25:35,677 - Indexer - INFO - Successfully indexed https://www.stackoverflow.com
2025-04-18 23:25:35,678 - Indexer - INFO - Extracted 10 keywords
2025-04-18 23:25:39,518 - Indexer - INFO - Successfully stored raw HTML for https://play.google.com/store/apps/details?id=org.wikipedia&referrer=utm_source%3Dportal%26utm_medium%3Dbutton%26anid%3Dadmob at s3://web-crawler-data-storage/raw_html/2025/04/18/999ec284cceaef3b439da23caa40004f.html
2025-04-18 23:25:39,518 - Indexer - INFO - Stored raw HTML for https://play.google.com/store/apps/details?id=org.wikipedia&referrer=utm_source%3Dportal%26utm_medium%3Dbutton%26anid%3Dadmob with result: s3
2025-04-18 23:25:39,854 - Indexer - INFO - Successfully stored processed text for https://play.google.com/store/apps/details?id=org.wikipedia&referrer=utm_source%3Dportal%26utm_medium%3Dbutton%26anid%3Dadmob at s3://web-crawler-data-storage/processed_text/2025/04/18/999ec284cceaef3b439da23caa40004f.txt
2025-04-18 23:25:40,178 - Indexer - INFO - Successfully stored metadata for https://play.google.com/store/apps/details?id=org.wikipedia&referrer=utm_source%3Dportal%26utm_medium%3Dbutton%26anid%3Dadmob at s3://web-crawler-data-storage/metadata/2025/04/18/999ec284cceaef3b439da23caa40004f.json
2025-04-18 23:25:40,178 - Indexer - INFO - Stored processed text for https://play.google.com/store/apps/details?id=org.wikipedia&referrer=utm_source%3Dportal%26utm_medium%3Dbutton%26anid%3Dadmob with result: s3
2025-04-18 23:25:40,886 - Indexer - INFO - Successfully indexed https://play.google.com/store/apps/details?id=org.wikipedia&referrer=utm_source%3Dportal%26utm_medium%3Dbutton%26anid%3Dadmob
2025-04-18 23:25:40,886 - Indexer - INFO - Extracted 10 keywords
2025-04-18 23:25:41,490 - Indexer - INFO - Successfully stored raw HTML for https://www.python.org/psf/ at s3://web-crawler-data-storage/raw_html/2025/04/18/491903eb8c7de2458019af2a1cd6a86c.html
2025-04-18 23:25:41,490 - Indexer - INFO - Stored raw HTML for https://www.python.org/psf/ with result: s3
2025-04-18 23:25:41,787 - Indexer - INFO - Successfully stored processed text for https://www.python.org/psf/ at s3://web-crawler-data-storage/processed_text/2025/04/18/491903eb8c7de2458019af2a1cd6a86c.txt
2025-04-18 23:25:42,136 - Indexer - INFO - Successfully stored metadata for https://www.python.org/psf/ at s3://web-crawler-data-storage/metadata/2025/04/18/491903eb8c7de2458019af2a1cd6a86c.json
2025-04-18 23:25:42,137 - Indexer - INFO - Stored processed text for https://www.python.org/psf/ with result: s3
2025-04-18 23:25:42,197 - Indexer - INFO - Successfully indexed https://www.python.org/psf/
2025-04-18 23:25:42,199 - Indexer - INFO - Extracted 10 keywords
2025-04-18 23:25:43,491 - Indexer - INFO - Successfully stored raw HTML for https://psfmember.org/civicrm/contribute/transact?reset=1&id=2 at s3://web-crawler-data-storage/raw_html/2025/04/18/618bfe50d3538b5c56fc1f83e629ea52.html
2025-04-18 23:25:43,491 - Indexer - INFO - Stored raw HTML for https://psfmember.org/civicrm/contribute/transact?reset=1&id=2 with result: s3
2025-04-18 23:25:43,808 - Indexer - INFO - Successfully stored processed text for https://psfmember.org/civicrm/contribute/transact?reset=1&id=2 at s3://web-crawler-data-storage/processed_text/2025/04/18/618bfe50d3538b5c56fc1f83e629ea52.txt
2025-04-18 23:25:44,125 - Indexer - INFO - Successfully stored metadata for https://psfmember.org/civicrm/contribute/transact?reset=1&id=2 at s3://web-crawler-data-storage/metadata/2025/04/18/618bfe50d3538b5c56fc1f83e629ea52.json
2025-04-18 23:25:44,125 - Indexer - INFO - Stored processed text for https://psfmember.org/civicrm/contribute/transact?reset=1&id=2 with result: s3
2025-04-18 23:25:44,225 - Indexer - INFO - Successfully indexed https://psfmember.org/civicrm/contribute/transact?reset=1&id=2
2025-04-18 23:25:44,225 - Indexer - INFO - Extracted 10 keywords
2025-04-18 23:25:44,696 - Indexer - INFO - Successfully stored raw HTML for https://docs.python.org at s3://web-crawler-data-storage/raw_html/2025/04/18/ab87040aecf47a23a07dc06153094d21.html
2025-04-18 23:25:44,696 - Indexer - INFO - Stored raw HTML for https://docs.python.org with result: s3
2025-04-18 23:25:45,006 - Indexer - INFO - Successfully stored processed text for https://docs.python.org at s3://web-crawler-data-storage/processed_text/2025/04/18/ab87040aecf47a23a07dc06153094d21.txt
2025-04-18 23:25:45,352 - Indexer - INFO - Successfully stored metadata for https://docs.python.org at s3://web-crawler-data-storage/metadata/2025/04/18/ab87040aecf47a23a07dc06153094d21.json
2025-04-18 23:25:45,352 - Indexer - INFO - Stored processed text for https://docs.python.org with result: s3
2025-04-18 23:25:45,439 - Indexer - INFO - Successfully indexed https://docs.python.org
2025-04-18 23:25:45,439 - Indexer - INFO - Extracted 10 keywords
2025-04-18 23:25:45,882 - Indexer - INFO - Successfully stored raw HTML for https://www.linkedin.com/company/python-software-foundation/ at s3://web-crawler-data-storage/raw_html/2025/04/18/d90ed6113df7505dad451d6f07e252ac.html
2025-04-18 23:25:45,883 - Indexer - INFO - Stored raw HTML for https://www.linkedin.com/company/python-software-foundation/ with result: s3
2025-04-18 23:25:46,186 - Indexer - INFO - Successfully stored processed text for https://www.linkedin.com/company/python-software-foundation/ at s3://web-crawler-data-storage/processed_text/2025/04/18/d90ed6113df7505dad451d6f07e252ac.txt
2025-04-18 23:25:46,519 - Indexer - INFO - Successfully stored metadata for https://www.linkedin.com/company/python-software-foundation/ at s3://web-crawler-data-storage/metadata/2025/04/18/d90ed6113df7505dad451d6f07e252ac.json
2025-04-18 23:25:46,520 - Indexer - INFO - Stored processed text for https://www.linkedin.com/company/python-software-foundation/ with result: s3
2025-04-18 23:25:46,576 - Indexer - INFO - Successfully indexed https://www.linkedin.com/company/python-software-foundation/
2025-04-18 23:25:46,576 - Indexer - INFO - Extracted 0 keywords
2025-04-18 23:25:47,904 - Indexer - INFO - Successfully stored raw HTML for https://github.com/features/actions at s3://web-crawler-data-storage/raw_html/2025/04/18/d7af0858294d18fa9f4dc16984f9a98d.html
2025-04-18 23:25:47,905 - Indexer - INFO - Stored raw HTML for https://github.com/features/actions with result: s3
2025-04-18 23:25:48,222 - Indexer - INFO - Successfully stored processed text for https://github.com/features/actions at s3://web-crawler-data-storage/processed_text/2025/04/18/d7af0858294d18fa9f4dc16984f9a98d.txt
2025-04-18 23:25:48,540 - Indexer - INFO - Successfully stored metadata for https://github.com/features/actions at s3://web-crawler-data-storage/metadata/2025/04/18/d7af0858294d18fa9f4dc16984f9a98d.json
2025-04-18 23:25:48,540 - Indexer - INFO - Stored processed text for https://github.com/features/actions with result: s3
2025-04-18 23:25:49,105 - Indexer - INFO - Successfully indexed https://github.com/features/actions
2025-04-18 23:25:49,105 - Indexer - INFO - Extracted 10 keywords
2025-04-18 23:25:49,585 - Indexer - INFO - Successfully stored raw HTML for https://pypi.org/ at s3://web-crawler-data-storage/raw_html/2025/04/18/419defafa8b1d9a6418edbb446e9db79.html
2025-04-18 23:25:49,586 - Indexer - INFO - Stored raw HTML for https://pypi.org/ with result: s3
2025-04-18 23:25:49,886 - Indexer - INFO - Successfully stored processed text for https://pypi.org/ at s3://web-crawler-data-storage/processed_text/2025/04/18/419defafa8b1d9a6418edbb446e9db79.txt
2025-04-18 23:25:50,185 - Indexer - INFO - Successfully stored metadata for https://pypi.org/ at s3://web-crawler-data-storage/metadata/2025/04/18/419defafa8b1d9a6418edbb446e9db79.json
2025-04-18 23:25:50,186 - Indexer - INFO - Stored processed text for https://pypi.org/ with result: s3
2025-04-18 23:25:50,245 - Indexer - INFO - Successfully indexed https://pypi.org/
2025-04-18 23:25:50,245 - Indexer - INFO - Extracted 10 keywords
2025-04-18 23:25:53,047 - Indexer - INFO - Successfully stored raw HTML for https://github.com/features/copilot at s3://web-crawler-data-storage/raw_html/2025/04/18/dba769c840ccac35bd2dae4b74d18025.html
2025-04-18 23:25:53,047 - Indexer - INFO - Stored raw HTML for https://github.com/features/copilot with result: s3
2025-04-18 23:25:53,520 - Indexer - INFO - Successfully stored processed text for https://github.com/features/copilot at s3://web-crawler-data-storage/processed_text/2025/04/18/dba769c840ccac35bd2dae4b74d18025.txt
2025-04-18 23:25:53,985 - Indexer - INFO - Successfully stored metadata for https://github.com/features/copilot at s3://web-crawler-data-storage/metadata/2025/04/18/dba769c840ccac35bd2dae4b74d18025.json
2025-04-18 23:25:53,985 - Indexer - INFO - Stored processed text for https://github.com/features/copilot with result: s3
2025-04-18 23:25:54,110 - Indexer - INFO - Successfully indexed https://github.com/features/copilot
2025-04-18 23:25:54,110 - Indexer - INFO - Extracted 10 keywords
2025-04-18 23:25:55,384 - Indexer - INFO - Successfully stored raw HTML for https://github.com/security/advanced-security at s3://web-crawler-data-storage/raw_html/2025/04/18/1fe3a393f05c47bb0a664cde7f830a83.html
2025-04-18 23:25:55,385 - Indexer - INFO - Stored raw HTML for https://github.com/security/advanced-security with result: s3
2025-04-18 23:25:55,692 - Indexer - INFO - Successfully stored processed text for https://github.com/security/advanced-security at s3://web-crawler-data-storage/processed_text/2025/04/18/1fe3a393f05c47bb0a664cde7f830a83.txt
2025-04-18 23:25:56,009 - Indexer - INFO - Successfully stored metadata for https://github.com/security/advanced-security at s3://web-crawler-data-storage/metadata/2025/04/18/1fe3a393f05c47bb0a664cde7f830a83.json
2025-04-18 23:25:56,010 - Indexer - INFO - Stored processed text for https://github.com/security/advanced-security with result: s3
2025-04-18 23:25:56,093 - Indexer - INFO - Successfully indexed https://github.com/security/advanced-security
2025-04-18 23:25:56,093 - Indexer - INFO - Extracted 10 keywords
2025-04-18 23:25:57,524 - Indexer - INFO - Successfully stored raw HTML for https://github.com/features/codespaces at s3://web-crawler-data-storage/raw_html/2025/04/18/9b0feeb833799d4ed2b4e16427b7032e.html
2025-04-18 23:25:57,524 - Indexer - INFO - Stored raw HTML for https://github.com/features/codespaces with result: s3
2025-04-18 23:25:57,840 - Indexer - INFO - Successfully stored processed text for https://github.com/features/codespaces at s3://web-crawler-data-storage/processed_text/2025/04/18/9b0feeb833799d4ed2b4e16427b7032e.txt
2025-04-18 23:25:58,168 - Indexer - INFO - Successfully stored metadata for https://github.com/features/codespaces at s3://web-crawler-data-storage/metadata/2025/04/18/9b0feeb833799d4ed2b4e16427b7032e.json
2025-04-18 23:25:58,168 - Indexer - INFO - Stored processed text for https://github.com/features/codespaces with result: s3
2025-04-18 23:25:58,256 - Indexer - INFO - Successfully indexed https://github.com/features/codespaces
2025-04-18 23:25:58,258 - Indexer - INFO - Extracted 10 keywords
2025-04-18 23:25:59,819 - Indexer - INFO - Successfully stored raw HTML for https://www.reddit.com/login/ at s3://web-crawler-data-storage/raw_html/2025/04/18/686b8a13c276555c1986636287e1b566.html
2025-04-18 23:25:59,819 - Indexer - INFO - Stored raw HTML for https://www.reddit.com/login/ with result: s3
2025-04-18 23:26:00,111 - Indexer - INFO - Successfully stored processed text for https://www.reddit.com/login/ at s3://web-crawler-data-storage/processed_text/2025/04/18/686b8a13c276555c1986636287e1b566.txt
2025-04-18 23:26:00,413 - Indexer - INFO - Successfully stored metadata for https://www.reddit.com/login/ at s3://web-crawler-data-storage/metadata/2025/04/18/686b8a13c276555c1986636287e1b566.json
2025-04-18 23:26:00,413 - Indexer - INFO - Stored processed text for https://www.reddit.com/login/ with result: s3
2025-04-18 23:26:01,102 - Indexer - INFO - Successfully indexed https://www.reddit.com/login/
2025-04-18 23:26:01,102 - Indexer - INFO - Extracted 3 keywords
2025-04-18 23:26:01,203 - Indexer - INFO - Indexer received shutdown signal. Generating final statistics...
2025-04-18 23:26:01,228 - Indexer - INFO - Final Index Statistics:
2025-04-18 23:26:01,228 - Indexer - INFO - Total documents indexed: 23
2025-04-18 23:26:01,228 - Indexer - INFO - Total unique URLs processed: 20
2025-04-18 23:26:01,228 - Indexer - INFO - 
Example Search Results:
2025-04-18 23:26:01,241 - Indexer - INFO - 
Query: python AND programming
2025-04-18 23:26:01,241 - Indexer - INFO - Found 5 results
2025-04-18 23:26:01,243 - Indexer - INFO - 
Query: title:github
2025-04-18 23:26:01,244 - Indexer - INFO - Found 0 results
2025-04-18 23:26:01,250 - Indexer - INFO - 
Query: "open source"
2025-04-18 23:26:01,250 - Indexer - INFO - Found 8 results
2025-04-18 23:26:01,255 - Indexer - INFO - 
Query: content:machine learning
2025-04-18 23:26:01,255 - Indexer - INFO - Found 4 results
2025-04-26 03:31:30,003 - Indexer - INFO - Enhanced Indexer node started with rank 4 of 5
2025-04-26 03:31:30,003 - Indexer - INFO - Loaded AWS configuration from aws_config.json
2025-04-26 03:31:30,009 - Indexer - INFO - Found credentials in shared credentials file: ~/.aws/credentials
2025-04-26 03:31:30,973 - Indexer - INFO - Bucket web-crawler-data-storage already exists
2025-04-26 03:31:30,973 - Indexer - INFO - Successfully connected to AWS S3 in region us-east-1
2025-04-26 03:31:30,973 - Indexer - INFO - CloudStorage initialized for data persistence
2025-04-26 03:31:35,294 - Indexer - INFO - Successfully stored raw HTML for https://www.python.org at s3://web-crawler-data-storage/raw_html/2025/04/26/c137682bbb0946674f25d1d4bd9e07a0.html
2025-04-26 03:31:35,294 - Indexer - INFO - Stored raw HTML for https://www.python.org with result: s3
2025-04-26 03:31:35,687 - Indexer - INFO - Successfully stored processed text for https://www.python.org at s3://web-crawler-data-storage/processed_text/2025/04/26/c137682bbb0946674f25d1d4bd9e07a0.txt
2025-04-26 03:31:36,608 - Indexer - INFO - Successfully stored metadata for https://www.python.org at s3://web-crawler-data-storage/metadata/2025/04/26/c137682bbb0946674f25d1d4bd9e07a0.json
2025-04-26 03:31:36,608 - Indexer - INFO - Stored processed text for https://www.python.org with result: s3
2025-04-26 03:31:36,690 - Indexer - INFO - Successfully indexed https://www.python.org
2025-04-26 03:31:36,690 - Indexer - INFO - Extracted 10 keywords
2025-04-26 03:31:39,535 - Indexer - INFO - Successfully stored raw HTML for https://www.reddit.com at s3://web-crawler-data-storage/raw_html/2025/04/26/30dd8fd5626b7e36783516a6e238baf2.html
2025-04-26 03:31:39,535 - Indexer - INFO - Stored raw HTML for https://www.reddit.com with result: s3
2025-04-26 03:31:39,884 - Indexer - INFO - Successfully stored processed text for https://www.reddit.com at s3://web-crawler-data-storage/processed_text/2025/04/26/30dd8fd5626b7e36783516a6e238baf2.txt
2025-04-26 03:31:40,186 - Indexer - INFO - Successfully stored metadata for https://www.reddit.com at s3://web-crawler-data-storage/metadata/2025/04/26/30dd8fd5626b7e36783516a6e238baf2.json
2025-04-26 03:31:40,186 - Indexer - INFO - Stored processed text for https://www.reddit.com with result: s3
2025-04-26 03:31:40,288 - Indexer - INFO - Successfully indexed https://www.reddit.com
2025-04-26 03:31:40,288 - Indexer - INFO - Extracted 10 keywords
2025-04-26 03:31:41,035 - Indexer - INFO - Successfully stored raw HTML for https://www.wikipedia.org at s3://web-crawler-data-storage/raw_html/2025/04/26/8d1d8a3956ab5668e1da4e3e7f856f08.html
2025-04-26 03:31:41,035 - Indexer - INFO - Stored raw HTML for https://www.wikipedia.org with result: s3
2025-04-26 03:31:41,377 - Indexer - INFO - Successfully stored processed text for https://www.wikipedia.org at s3://web-crawler-data-storage/processed_text/2025/04/26/8d1d8a3956ab5668e1da4e3e7f856f08.txt
2025-04-26 03:31:41,695 - Indexer - INFO - Successfully stored metadata for https://www.wikipedia.org at s3://web-crawler-data-storage/metadata/2025/04/26/8d1d8a3956ab5668e1da4e3e7f856f08.json
2025-04-26 03:31:41,695 - Indexer - INFO - Stored processed text for https://www.wikipedia.org with result: s3
2025-04-26 03:31:41,770 - Indexer - INFO - Successfully indexed https://www.wikipedia.org
2025-04-26 03:31:41,770 - Indexer - INFO - Extracted 10 keywords
2025-04-26 03:31:43,250 - Indexer - INFO - Successfully stored raw HTML for https://www.github.com at s3://web-crawler-data-storage/raw_html/2025/04/26/1895ab41ad3a81f6fd0a194bbc337a22.html
2025-04-26 03:31:43,250 - Indexer - INFO - Stored raw HTML for https://www.github.com with result: s3
2025-04-26 03:31:43,633 - Indexer - INFO - Successfully stored processed text for https://www.github.com at s3://web-crawler-data-storage/processed_text/2025/04/26/1895ab41ad3a81f6fd0a194bbc337a22.txt
2025-04-26 03:31:43,943 - Indexer - INFO - Successfully stored metadata for https://www.github.com at s3://web-crawler-data-storage/metadata/2025/04/26/1895ab41ad3a81f6fd0a194bbc337a22.json
2025-04-26 03:31:43,943 - Indexer - INFO - Stored processed text for https://www.github.com with result: s3
2025-04-26 03:31:44,049 - Indexer - INFO - Successfully indexed https://www.github.com
2025-04-26 03:31:44,049 - Indexer - INFO - Extracted 10 keywords
2025-04-26 03:31:45,894 - Indexer - INFO - Successfully stored raw HTML for https://www.stackoverflow.com at s3://web-crawler-data-storage/raw_html/2025/04/26/2415620324baad2a5308e2c497763b12.html
2025-04-26 03:31:45,894 - Indexer - INFO - Stored raw HTML for https://www.stackoverflow.com with result: s3
2025-04-26 03:31:46,265 - Indexer - INFO - Successfully stored processed text for https://www.stackoverflow.com at s3://web-crawler-data-storage/processed_text/2025/04/26/2415620324baad2a5308e2c497763b12.txt
2025-04-26 03:31:46,703 - Indexer - INFO - Successfully stored metadata for https://www.stackoverflow.com at s3://web-crawler-data-storage/metadata/2025/04/26/2415620324baad2a5308e2c497763b12.json
2025-04-26 03:31:46,703 - Indexer - INFO - Stored processed text for https://www.stackoverflow.com with result: s3
2025-04-26 03:31:47,492 - Indexer - INFO - Successfully indexed https://www.stackoverflow.com
2025-04-26 03:31:47,492 - Indexer - INFO - Extracted 10 keywords
2025-04-26 03:31:48,249 - Indexer - INFO - Successfully stored raw HTML for https://docs.python.org at s3://web-crawler-data-storage/raw_html/2025/04/26/ab87040aecf47a23a07dc06153094d21.html
2025-04-26 03:31:48,249 - Indexer - INFO - Stored raw HTML for https://docs.python.org with result: s3
2025-04-26 03:31:48,616 - Indexer - INFO - Successfully stored processed text for https://docs.python.org at s3://web-crawler-data-storage/processed_text/2025/04/26/ab87040aecf47a23a07dc06153094d21.txt
2025-04-26 03:31:49,000 - Indexer - INFO - Successfully stored metadata for https://docs.python.org at s3://web-crawler-data-storage/metadata/2025/04/26/ab87040aecf47a23a07dc06153094d21.json
2025-04-26 03:31:49,000 - Indexer - INFO - Stored processed text for https://docs.python.org with result: s3
2025-04-26 03:31:49,225 - Indexer - INFO - Successfully indexed https://docs.python.org
2025-04-26 03:31:49,225 - Indexer - INFO - Extracted 10 keywords
2025-04-26 03:31:49,941 - Indexer - INFO - Successfully stored raw HTML for https://www.python.org/psf/ at s3://web-crawler-data-storage/raw_html/2025/04/26/491903eb8c7de2458019af2a1cd6a86c.html
2025-04-26 03:31:49,941 - Indexer - INFO - Stored raw HTML for https://www.python.org/psf/ with result: s3
2025-04-26 03:31:50,245 - Indexer - INFO - Successfully stored processed text for https://www.python.org/psf/ at s3://web-crawler-data-storage/processed_text/2025/04/26/491903eb8c7de2458019af2a1cd6a86c.txt
2025-04-26 03:31:50,570 - Indexer - INFO - Successfully stored metadata for https://www.python.org/psf/ at s3://web-crawler-data-storage/metadata/2025/04/26/491903eb8c7de2458019af2a1cd6a86c.json
2025-04-26 03:31:50,570 - Indexer - INFO - Stored processed text for https://www.python.org/psf/ with result: s3
2025-04-26 03:31:50,669 - Indexer - INFO - Successfully indexed https://www.python.org/psf/
2025-04-26 03:31:50,669 - Indexer - INFO - Extracted 10 keywords
2025-04-26 03:31:51,314 - Indexer - INFO - Successfully stored raw HTML for https://pypi.org/ at s3://web-crawler-data-storage/raw_html/2025/04/26/419defafa8b1d9a6418edbb446e9db79.html
2025-04-26 03:31:51,314 - Indexer - INFO - Stored raw HTML for https://pypi.org/ with result: s3
2025-04-26 03:31:51,756 - Indexer - INFO - Successfully stored processed text for https://pypi.org/ at s3://web-crawler-data-storage/processed_text/2025/04/26/419defafa8b1d9a6418edbb446e9db79.txt
2025-04-26 03:31:52,140 - Indexer - INFO - Successfully stored metadata for https://pypi.org/ at s3://web-crawler-data-storage/metadata/2025/04/26/419defafa8b1d9a6418edbb446e9db79.json
2025-04-26 03:31:52,140 - Indexer - INFO - Stored processed text for https://pypi.org/ with result: s3
2025-04-26 03:31:52,221 - Indexer - INFO - Successfully indexed https://pypi.org/
2025-04-26 03:31:52,221 - Indexer - INFO - Extracted 10 keywords
2025-04-26 03:31:55,162 - Indexer - INFO - Successfully stored raw HTML for https://meta.wikimedia.org/wiki/Special:MyLanguage/List_of_Wikipedias at s3://web-crawler-data-storage/raw_html/2025/04/26/e89764c6976518e91ebe50251fa3fe33.html
2025-04-26 03:31:55,162 - Indexer - INFO - Stored raw HTML for https://meta.wikimedia.org/wiki/Special:MyLanguage/List_of_Wikipedias with result: s3
2025-04-26 03:31:55,706 - Indexer - INFO - Successfully stored processed text for https://meta.wikimedia.org/wiki/Special:MyLanguage/List_of_Wikipedias at s3://web-crawler-data-storage/processed_text/2025/04/26/e89764c6976518e91ebe50251fa3fe33.txt
2025-04-26 03:31:56,119 - Indexer - INFO - Successfully stored metadata for https://meta.wikimedia.org/wiki/Special:MyLanguage/List_of_Wikipedias at s3://web-crawler-data-storage/metadata/2025/04/26/e89764c6976518e91ebe50251fa3fe33.json
2025-04-26 03:31:56,119 - Indexer - INFO - Stored processed text for https://meta.wikimedia.org/wiki/Special:MyLanguage/List_of_Wikipedias with result: s3
2025-04-26 03:31:56,350 - Indexer - INFO - Successfully indexed https://meta.wikimedia.org/wiki/Special:MyLanguage/List_of_Wikipedias
2025-04-26 03:31:56,350 - Indexer - INFO - Extracted 10 keywords
2025-04-26 03:31:57,304 - Indexer - INFO - Successfully stored raw HTML for https://psfmember.org/civicrm/contribute/transact?reset=1&id=2 at s3://web-crawler-data-storage/raw_html/2025/04/26/618bfe50d3538b5c56fc1f83e629ea52.html
2025-04-26 03:31:57,304 - Indexer - INFO - Stored raw HTML for https://psfmember.org/civicrm/contribute/transact?reset=1&id=2 with result: s3
2025-04-26 03:31:57,615 - Indexer - INFO - Successfully stored processed text for https://psfmember.org/civicrm/contribute/transact?reset=1&id=2 at s3://web-crawler-data-storage/processed_text/2025/04/26/618bfe50d3538b5c56fc1f83e629ea52.txt
2025-04-26 03:31:57,934 - Indexer - INFO - Successfully stored metadata for https://psfmember.org/civicrm/contribute/transact?reset=1&id=2 at s3://web-crawler-data-storage/metadata/2025/04/26/618bfe50d3538b5c56fc1f83e629ea52.json
2025-04-26 03:31:57,934 - Indexer - INFO - Stored processed text for https://psfmember.org/civicrm/contribute/transact?reset=1&id=2 with result: s3
2025-04-26 03:31:58,700 - Indexer - INFO - Successfully indexed https://psfmember.org/civicrm/contribute/transact?reset=1&id=2
2025-04-26 03:31:58,700 - Indexer - INFO - Extracted 10 keywords
2025-04-26 03:31:59,103 - Indexer - INFO - Successfully stored raw HTML for https://www.linkedin.com/company/python-software-foundation/ at s3://web-crawler-data-storage/raw_html/2025/04/26/d90ed6113df7505dad451d6f07e252ac.html
2025-04-26 03:31:59,103 - Indexer - INFO - Stored raw HTML for https://www.linkedin.com/company/python-software-foundation/ with result: s3
2025-04-26 03:31:59,265 - Indexer - INFO - Successfully stored processed text for https://www.linkedin.com/company/python-software-foundation/ at s3://web-crawler-data-storage/processed_text/2025/04/26/d90ed6113df7505dad451d6f07e252ac.txt
2025-04-26 03:31:59,579 - Indexer - INFO - Successfully stored metadata for https://www.linkedin.com/company/python-software-foundation/ at s3://web-crawler-data-storage/metadata/2025/04/26/d90ed6113df7505dad451d6f07e252ac.json
2025-04-26 03:31:59,579 - Indexer - INFO - Stored processed text for https://www.linkedin.com/company/python-software-foundation/ with result: s3
2025-04-26 03:31:59,620 - Indexer - INFO - Successfully indexed https://www.linkedin.com/company/python-software-foundation/
2025-04-26 03:31:59,620 - Indexer - INFO - Extracted 0 keywords
2025-04-26 03:32:00,282 - Indexer - INFO - Successfully stored raw HTML for https://donate.wikimedia.org/?wmf_medium=portal&wmf_campaign=portalFooter&wmf_source=portalFooter at s3://web-crawler-data-storage/raw_html/2025/04/26/e80926e2c85c2736bd72ce8f1fda94c6.html
2025-04-26 03:32:00,282 - Indexer - INFO - Stored raw HTML for https://donate.wikimedia.org/?wmf_medium=portal&wmf_campaign=portalFooter&wmf_source=portalFooter with result: s3
2025-04-26 03:32:00,587 - Indexer - INFO - Successfully stored processed text for https://donate.wikimedia.org/?wmf_medium=portal&wmf_campaign=portalFooter&wmf_source=portalFooter at s3://web-crawler-data-storage/processed_text/2025/04/26/e80926e2c85c2736bd72ce8f1fda94c6.txt
2025-04-26 03:32:00,881 - Indexer - INFO - Successfully stored metadata for https://donate.wikimedia.org/?wmf_medium=portal&wmf_campaign=portalFooter&wmf_source=portalFooter at s3://web-crawler-data-storage/metadata/2025/04/26/e80926e2c85c2736bd72ce8f1fda94c6.json
2025-04-26 03:32:00,881 - Indexer - INFO - Stored processed text for https://donate.wikimedia.org/?wmf_medium=portal&wmf_campaign=portalFooter&wmf_source=portalFooter with result: s3
2025-04-26 03:32:00,941 - Indexer - INFO - Successfully indexed https://donate.wikimedia.org/?wmf_medium=portal&wmf_campaign=portalFooter&wmf_source=portalFooter
2025-04-26 03:32:00,941 - Indexer - INFO - Extracted 10 keywords
2025-04-26 03:32:05,365 - Indexer - INFO - Successfully stored raw HTML for https://play.google.com/store/apps/details?id=org.wikipedia&referrer=utm_source%3Dportal%26utm_medium%3Dbutton%26anid%3Dadmob at s3://web-crawler-data-storage/raw_html/2025/04/26/999ec284cceaef3b439da23caa40004f.html
2025-04-26 03:32:05,365 - Indexer - INFO - Stored raw HTML for https://play.google.com/store/apps/details?id=org.wikipedia&referrer=utm_source%3Dportal%26utm_medium%3Dbutton%26anid%3Dadmob with result: s3
2025-04-26 03:32:05,681 - Indexer - INFO - Successfully stored processed text for https://play.google.com/store/apps/details?id=org.wikipedia&referrer=utm_source%3Dportal%26utm_medium%3Dbutton%26anid%3Dadmob at s3://web-crawler-data-storage/processed_text/2025/04/26/999ec284cceaef3b439da23caa40004f.txt
2025-04-26 03:32:06,103 - Indexer - INFO - Successfully stored metadata for https://play.google.com/store/apps/details?id=org.wikipedia&referrer=utm_source%3Dportal%26utm_medium%3Dbutton%26anid%3Dadmob at s3://web-crawler-data-storage/metadata/2025/04/26/999ec284cceaef3b439da23caa40004f.json
2025-04-26 03:32:06,103 - Indexer - INFO - Stored processed text for https://play.google.com/store/apps/details?id=org.wikipedia&referrer=utm_source%3Dportal%26utm_medium%3Dbutton%26anid%3Dadmob with result: s3
2025-04-26 03:32:06,190 - Indexer - INFO - Successfully indexed https://play.google.com/store/apps/details?id=org.wikipedia&referrer=utm_source%3Dportal%26utm_medium%3Dbutton%26anid%3Dadmob
2025-04-26 03:32:06,190 - Indexer - INFO - Extracted 10 keywords
2025-04-26 03:32:08,835 - Indexer - INFO - Successfully stored raw HTML for https://itunes.apple.com/app/apple-store/id324715238?pt=208305&ct=portal&mt=8 at s3://web-crawler-data-storage/raw_html/2025/04/26/4ab61f2e1910f4ba05089d1f2e2e5e61.html
2025-04-26 03:32:08,835 - Indexer - INFO - Stored raw HTML for https://itunes.apple.com/app/apple-store/id324715238?pt=208305&ct=portal&mt=8 with result: s3
2025-04-26 03:32:09,152 - Indexer - INFO - Successfully stored processed text for https://itunes.apple.com/app/apple-store/id324715238?pt=208305&ct=portal&mt=8 at s3://web-crawler-data-storage/processed_text/2025/04/26/4ab61f2e1910f4ba05089d1f2e2e5e61.txt
2025-04-26 03:32:09,586 - Indexer - INFO - Successfully stored metadata for https://itunes.apple.com/app/apple-store/id324715238?pt=208305&ct=portal&mt=8 at s3://web-crawler-data-storage/metadata/2025/04/26/4ab61f2e1910f4ba05089d1f2e2e5e61.json
2025-04-26 03:32:09,586 - Indexer - INFO - Stored processed text for https://itunes.apple.com/app/apple-store/id324715238?pt=208305&ct=portal&mt=8 with result: s3
2025-04-26 03:32:09,740 - Indexer - INFO - Successfully indexed https://itunes.apple.com/app/apple-store/id324715238?pt=208305&ct=portal&mt=8
2025-04-26 03:32:09,740 - Indexer - INFO - Extracted 10 keywords
2025-04-26 03:32:10,704 - Indexer - INFO - Successfully stored raw HTML for https://en.wikipedia.org/wiki/List_of_Wikipedia_mobile_applications at s3://web-crawler-data-storage/raw_html/2025/04/26/c3575c8005f0a1c5e66772e422fa23c8.html
2025-04-26 03:32:10,705 - Indexer - INFO - Stored raw HTML for https://en.wikipedia.org/wiki/List_of_Wikipedia_mobile_applications with result: s3
2025-04-26 03:32:11,020 - Indexer - INFO - Successfully stored processed text for https://en.wikipedia.org/wiki/List_of_Wikipedia_mobile_applications at s3://web-crawler-data-storage/processed_text/2025/04/26/c3575c8005f0a1c5e66772e422fa23c8.txt
2025-04-26 03:32:11,373 - Indexer - INFO - Successfully stored metadata for https://en.wikipedia.org/wiki/List_of_Wikipedia_mobile_applications at s3://web-crawler-data-storage/metadata/2025/04/26/c3575c8005f0a1c5e66772e422fa23c8.json
2025-04-26 03:32:11,373 - Indexer - INFO - Stored processed text for https://en.wikipedia.org/wiki/List_of_Wikipedia_mobile_applications with result: s3
2025-04-26 03:32:12,142 - Indexer - INFO - Successfully indexed https://en.wikipedia.org/wiki/List_of_Wikipedia_mobile_applications
2025-04-26 03:32:12,142 - Indexer - INFO - Extracted 10 keywords
2025-04-26 03:32:14,932 - Indexer - INFO - Successfully stored raw HTML for https://github.com/features/copilot at s3://web-crawler-data-storage/raw_html/2025/04/26/dba769c840ccac35bd2dae4b74d18025.html
2025-04-26 03:32:14,932 - Indexer - INFO - Stored raw HTML for https://github.com/features/copilot with result: s3
2025-04-26 03:32:15,404 - Indexer - INFO - Successfully stored processed text for https://github.com/features/copilot at s3://web-crawler-data-storage/processed_text/2025/04/26/dba769c840ccac35bd2dae4b74d18025.txt
2025-04-26 03:32:15,924 - Indexer - INFO - Successfully stored metadata for https://github.com/features/copilot at s3://web-crawler-data-storage/metadata/2025/04/26/dba769c840ccac35bd2dae4b74d18025.json
2025-04-26 03:32:15,924 - Indexer - INFO - Stored processed text for https://github.com/features/copilot with result: s3
2025-04-26 03:32:16,088 - Indexer - INFO - Successfully indexed https://github.com/features/copilot
2025-04-26 03:32:16,088 - Indexer - INFO - Extracted 10 keywords
2025-04-26 03:32:17,538 - Indexer - INFO - Successfully stored raw HTML for https://github.com/security/advanced-security at s3://web-crawler-data-storage/raw_html/2025/04/26/1fe3a393f05c47bb0a664cde7f830a83.html
2025-04-26 03:32:17,538 - Indexer - INFO - Stored raw HTML for https://github.com/security/advanced-security with result: s3
2025-04-26 03:32:17,977 - Indexer - INFO - Successfully stored processed text for https://github.com/security/advanced-security at s3://web-crawler-data-storage/processed_text/2025/04/26/1fe3a393f05c47bb0a664cde7f830a83.txt
2025-04-26 03:32:18,356 - Indexer - INFO - Successfully stored metadata for https://github.com/security/advanced-security at s3://web-crawler-data-storage/metadata/2025/04/26/1fe3a393f05c47bb0a664cde7f830a83.json
2025-04-26 03:32:18,356 - Indexer - INFO - Stored processed text for https://github.com/security/advanced-security with result: s3
2025-04-26 03:32:18,445 - Indexer - INFO - Successfully indexed https://github.com/security/advanced-security
2025-04-26 03:32:18,445 - Indexer - INFO - Extracted 10 keywords
2025-04-26 03:32:19,790 - Indexer - INFO - Successfully stored raw HTML for https://github.com/features/actions at s3://web-crawler-data-storage/raw_html/2025/04/26/d7af0858294d18fa9f4dc16984f9a98d.html
2025-04-26 03:32:19,790 - Indexer - INFO - Stored raw HTML for https://github.com/features/actions with result: s3
2025-04-26 03:32:20,095 - Indexer - INFO - Successfully stored processed text for https://github.com/features/actions at s3://web-crawler-data-storage/processed_text/2025/04/26/d7af0858294d18fa9f4dc16984f9a98d.txt
2025-04-26 03:32:20,424 - Indexer - INFO - Successfully stored metadata for https://github.com/features/actions at s3://web-crawler-data-storage/metadata/2025/04/26/d7af0858294d18fa9f4dc16984f9a98d.json
2025-04-26 03:32:20,424 - Indexer - INFO - Stored processed text for https://github.com/features/actions with result: s3
2025-04-26 03:32:20,555 - Indexer - INFO - Successfully indexed https://github.com/features/actions
2025-04-26 03:32:20,555 - Indexer - INFO - Extracted 10 keywords
2025-04-26 03:32:22,045 - Indexer - INFO - Successfully stored raw HTML for https://github.com/features/codespaces at s3://web-crawler-data-storage/raw_html/2025/04/26/9b0feeb833799d4ed2b4e16427b7032e.html
2025-04-26 03:32:22,045 - Indexer - INFO - Stored raw HTML for https://github.com/features/codespaces with result: s3
2025-04-26 03:32:22,358 - Indexer - INFO - Successfully stored processed text for https://github.com/features/codespaces at s3://web-crawler-data-storage/processed_text/2025/04/26/9b0feeb833799d4ed2b4e16427b7032e.txt
2025-04-26 03:32:22,669 - Indexer - INFO - Successfully stored metadata for https://github.com/features/codespaces at s3://web-crawler-data-storage/metadata/2025/04/26/9b0feeb833799d4ed2b4e16427b7032e.json
2025-04-26 03:32:22,669 - Indexer - INFO - Stored processed text for https://github.com/features/codespaces with result: s3
2025-04-26 03:32:22,792 - Indexer - INFO - Successfully indexed https://github.com/features/codespaces
2025-04-26 03:32:22,792 - Indexer - INFO - Extracted 10 keywords
2025-04-26 03:32:24,272 - Indexer - INFO - Successfully stored raw HTML for https://www.reddit.com/login/ at s3://web-crawler-data-storage/raw_html/2025/04/26/686b8a13c276555c1986636287e1b566.html
2025-04-26 03:32:24,272 - Indexer - INFO - Stored raw HTML for https://www.reddit.com/login/ with result: s3
2025-04-26 03:32:24,565 - Indexer - INFO - Successfully stored processed text for https://www.reddit.com/login/ at s3://web-crawler-data-storage/processed_text/2025/04/26/686b8a13c276555c1986636287e1b566.txt
2025-04-26 03:32:25,012 - Indexer - INFO - Successfully stored metadata for https://www.reddit.com/login/ at s3://web-crawler-data-storage/metadata/2025/04/26/686b8a13c276555c1986636287e1b566.json
2025-04-26 03:32:25,012 - Indexer - INFO - Stored processed text for https://www.reddit.com/login/ with result: s3
2025-04-26 03:32:25,798 - Indexer - INFO - Successfully indexed https://www.reddit.com/login/
2025-04-26 03:32:25,798 - Indexer - INFO - Extracted 3 keywords
2025-04-26 03:32:25,899 - Indexer - INFO - Indexer received shutdown signal. Generating final statistics...
2025-04-26 03:32:25,932 - Indexer - INFO - Final Index Statistics:
2025-04-26 03:32:25,932 - Indexer - INFO - Total documents indexed: 21
2025-04-26 03:32:25,932 - Indexer - INFO - Total unique URLs processed: 20
2025-04-26 03:32:25,932 - Indexer - INFO - 
Example Search Results:
2025-04-26 03:32:25,951 - Indexer - INFO - 
Query: python AND programming
2025-04-26 03:32:25,951 - Indexer - INFO - Found 4 results
2025-04-26 03:32:25,959 - Indexer - INFO - 
Query: title:github
2025-04-26 03:32:25,959 - Indexer - INFO - Found 0 results
2025-04-26 03:32:25,972 - Indexer - INFO - 
Query: "open source"
2025-04-26 03:32:25,972 - Indexer - INFO - Found 9 results
2025-04-26 03:32:25,976 - Indexer - INFO - 
Query: content:machine learning
2025-04-26 03:32:25,976 - Indexer - INFO - Found 3 results
2025-04-26 03:38:22,117 - Indexer - INFO - Enhanced Indexer node started with rank 4 of 5
2025-04-26 03:38:22,117 - Indexer - INFO - Loaded AWS configuration from aws_config.json
2025-04-26 03:38:22,125 - Indexer - INFO - Found credentials in shared credentials file: ~/.aws/credentials
2025-04-26 03:38:23,129 - Indexer - INFO - Bucket web-crawler-data-storage already exists
2025-04-26 03:38:23,129 - Indexer - INFO - Successfully connected to AWS S3 in region us-east-1
2025-04-26 03:38:23,129 - Indexer - INFO - CloudStorage initialized for data persistence
2025-04-26 03:38:31,298 - Indexer - INFO - Successfully stored raw HTML for https://www.python.org at s3://web-crawler-data-storage/raw_html/2025/04/26/c137682bbb0946674f25d1d4bd9e07a0.html
2025-04-26 03:38:31,298 - Indexer - INFO - Stored raw HTML for https://www.python.org with result: s3
2025-04-26 03:38:31,598 - Indexer - INFO - Successfully stored processed text for https://www.python.org at s3://web-crawler-data-storage/processed_text/2025/04/26/c137682bbb0946674f25d1d4bd9e07a0.txt
2025-04-26 03:38:32,049 - Indexer - INFO - Successfully stored metadata for https://www.python.org at s3://web-crawler-data-storage/metadata/2025/04/26/c137682bbb0946674f25d1d4bd9e07a0.json
2025-04-26 03:38:32,049 - Indexer - INFO - Stored processed text for https://www.python.org with result: s3
2025-04-26 03:38:32,123 - Indexer - INFO - Successfully indexed https://www.python.org
2025-04-26 03:38:32,123 - Indexer - INFO - Extracted 10 keywords
2025-04-26 03:38:32,890 - Indexer - INFO - Successfully stored raw HTML for https://www.wikipedia.org at s3://web-crawler-data-storage/raw_html/2025/04/26/8d1d8a3956ab5668e1da4e3e7f856f08.html
2025-04-26 03:38:32,890 - Indexer - INFO - Stored raw HTML for https://www.wikipedia.org with result: s3
2025-04-26 03:38:33,184 - Indexer - INFO - Successfully stored processed text for https://www.wikipedia.org at s3://web-crawler-data-storage/processed_text/2025/04/26/8d1d8a3956ab5668e1da4e3e7f856f08.txt
2025-04-26 03:38:33,491 - Indexer - INFO - Successfully stored metadata for https://www.wikipedia.org at s3://web-crawler-data-storage/metadata/2025/04/26/8d1d8a3956ab5668e1da4e3e7f856f08.json
2025-04-26 03:38:33,491 - Indexer - INFO - Stored processed text for https://www.wikipedia.org with result: s3
2025-04-26 03:38:33,580 - Indexer - INFO - Successfully indexed https://www.wikipedia.org
2025-04-26 03:38:33,580 - Indexer - INFO - Extracted 10 keywords
2025-04-26 03:38:35,035 - Indexer - INFO - Successfully stored raw HTML for https://www.github.com at s3://web-crawler-data-storage/raw_html/2025/04/26/1895ab41ad3a81f6fd0a194bbc337a22.html
2025-04-26 03:38:35,035 - Indexer - INFO - Stored raw HTML for https://www.github.com with result: s3
2025-04-26 03:38:35,354 - Indexer - INFO - Successfully stored processed text for https://www.github.com at s3://web-crawler-data-storage/processed_text/2025/04/26/1895ab41ad3a81f6fd0a194bbc337a22.txt
2025-04-26 03:38:35,675 - Indexer - INFO - Successfully stored metadata for https://www.github.com at s3://web-crawler-data-storage/metadata/2025/04/26/1895ab41ad3a81f6fd0a194bbc337a22.json
2025-04-26 03:38:35,675 - Indexer - INFO - Stored processed text for https://www.github.com with result: s3
2025-04-26 03:38:35,773 - Indexer - INFO - Successfully indexed https://www.github.com
2025-04-26 03:38:35,773 - Indexer - INFO - Extracted 10 keywords
2025-04-26 03:38:37,493 - Indexer - INFO - Successfully stored raw HTML for https://www.stackoverflow.com at s3://web-crawler-data-storage/raw_html/2025/04/26/2415620324baad2a5308e2c497763b12.html
2025-04-26 03:38:37,493 - Indexer - INFO - Stored raw HTML for https://www.stackoverflow.com with result: s3
2025-04-26 03:38:37,851 - Indexer - INFO - Successfully stored processed text for https://www.stackoverflow.com at s3://web-crawler-data-storage/processed_text/2025/04/26/2415620324baad2a5308e2c497763b12.txt
2025-04-26 03:38:38,203 - Indexer - INFO - Successfully stored metadata for https://www.stackoverflow.com at s3://web-crawler-data-storage/metadata/2025/04/26/2415620324baad2a5308e2c497763b12.json
2025-04-26 03:38:38,203 - Indexer - INFO - Stored processed text for https://www.stackoverflow.com with result: s3
2025-04-26 03:38:38,366 - Indexer - INFO - Successfully indexed https://www.stackoverflow.com
2025-04-26 03:38:38,366 - Indexer - INFO - Extracted 10 keywords
2025-04-26 03:38:39,464 - Indexer - INFO - Successfully stored raw HTML for https://en.wikipedia.org/wiki/List_of_Wikipedia_mobile_applications at s3://web-crawler-data-storage/raw_html/2025/04/26/c3575c8005f0a1c5e66772e422fa23c8.html
2025-04-26 03:38:39,464 - Indexer - INFO - Stored raw HTML for https://en.wikipedia.org/wiki/List_of_Wikipedia_mobile_applications with result: s3
2025-04-26 03:38:39,835 - Indexer - INFO - Successfully stored processed text for https://en.wikipedia.org/wiki/List_of_Wikipedia_mobile_applications at s3://web-crawler-data-storage/processed_text/2025/04/26/c3575c8005f0a1c5e66772e422fa23c8.txt
2025-04-26 03:38:40,122 - Indexer - INFO - Successfully stored metadata for https://en.wikipedia.org/wiki/List_of_Wikipedia_mobile_applications at s3://web-crawler-data-storage/metadata/2025/04/26/c3575c8005f0a1c5e66772e422fa23c8.json
2025-04-26 03:38:40,122 - Indexer - INFO - Stored processed text for https://en.wikipedia.org/wiki/List_of_Wikipedia_mobile_applications with result: s3
2025-04-26 03:38:40,982 - Indexer - INFO - Successfully indexed https://en.wikipedia.org/wiki/List_of_Wikipedia_mobile_applications
2025-04-26 03:38:40,982 - Indexer - INFO - Extracted 10 keywords
2025-04-26 03:38:41,452 - Indexer - INFO - Successfully stored raw HTML for https://www.linkedin.com/company/python-software-foundation/ at s3://web-crawler-data-storage/raw_html/2025/04/26/d90ed6113df7505dad451d6f07e252ac.html
2025-04-26 03:38:41,452 - Indexer - INFO - Stored raw HTML for https://www.linkedin.com/company/python-software-foundation/ with result: s3
2025-04-26 03:38:41,599 - Indexer - INFO - Successfully stored processed text for https://www.linkedin.com/company/python-software-foundation/ at s3://web-crawler-data-storage/processed_text/2025/04/26/d90ed6113df7505dad451d6f07e252ac.txt
2025-04-26 03:38:41,898 - Indexer - INFO - Successfully stored metadata for https://www.linkedin.com/company/python-software-foundation/ at s3://web-crawler-data-storage/metadata/2025/04/26/d90ed6113df7505dad451d6f07e252ac.json
2025-04-26 03:38:41,898 - Indexer - INFO - Stored processed text for https://www.linkedin.com/company/python-software-foundation/ with result: s3
2025-04-26 03:38:41,931 - Indexer - INFO - Successfully indexed https://www.linkedin.com/company/python-software-foundation/
2025-04-26 03:38:41,931 - Indexer - INFO - Extracted 0 keywords
2025-04-26 03:38:42,647 - Indexer - INFO - Successfully stored raw HTML for https://www.python.org/psf/ at s3://web-crawler-data-storage/raw_html/2025/04/26/491903eb8c7de2458019af2a1cd6a86c.html
2025-04-26 03:38:42,647 - Indexer - INFO - Stored raw HTML for https://www.python.org/psf/ with result: s3
2025-04-26 03:38:42,957 - Indexer - INFO - Successfully stored processed text for https://www.python.org/psf/ at s3://web-crawler-data-storage/processed_text/2025/04/26/491903eb8c7de2458019af2a1cd6a86c.txt
2025-04-26 03:38:43,367 - Indexer - INFO - Successfully stored metadata for https://www.python.org/psf/ at s3://web-crawler-data-storage/metadata/2025/04/26/491903eb8c7de2458019af2a1cd6a86c.json
2025-04-26 03:38:43,367 - Indexer - INFO - Stored processed text for https://www.python.org/psf/ with result: s3
2025-04-26 03:38:43,457 - Indexer - INFO - Successfully indexed https://www.python.org/psf/
2025-04-26 03:38:43,457 - Indexer - INFO - Extracted 10 keywords
2025-04-26 03:38:45,006 - Indexer - INFO - Successfully stored raw HTML for https://stackoverflow.co/teams/ai/?utm_medium=referral&utm_source=stackoverflow-community&utm_campaign=top-nav-bar&utm_content=overflowai at s3://web-crawler-data-storage/raw_html/2025/04/26/e93b0702911181948e76b65ca9a4c7f6.html
2025-04-26 03:38:45,006 - Indexer - INFO - Stored raw HTML for https://stackoverflow.co/teams/ai/?utm_medium=referral&utm_source=stackoverflow-community&utm_campaign=top-nav-bar&utm_content=overflowai with result: s3
2025-04-26 03:38:45,655 - Indexer - INFO - Successfully stored processed text for https://stackoverflow.co/teams/ai/?utm_medium=referral&utm_source=stackoverflow-community&utm_campaign=top-nav-bar&utm_content=overflowai at s3://web-crawler-data-storage/processed_text/2025/04/26/e93b0702911181948e76b65ca9a4c7f6.txt
2025-04-26 03:38:45,969 - Indexer - INFO - Successfully stored metadata for https://stackoverflow.co/teams/ai/?utm_medium=referral&utm_source=stackoverflow-community&utm_campaign=top-nav-bar&utm_content=overflowai at s3://web-crawler-data-storage/metadata/2025/04/26/e93b0702911181948e76b65ca9a4c7f6.json
2025-04-26 03:38:45,969 - Indexer - INFO - Stored processed text for https://stackoverflow.co/teams/ai/?utm_medium=referral&utm_source=stackoverflow-community&utm_campaign=top-nav-bar&utm_content=overflowai with result: s3
2025-04-26 03:38:46,062 - Indexer - INFO - Successfully indexed https://stackoverflow.co/teams/ai/?utm_medium=referral&utm_source=stackoverflow-community&utm_campaign=top-nav-bar&utm_content=overflowai
2025-04-26 03:38:46,062 - Indexer - INFO - Extracted 10 keywords
2025-04-26 03:38:47,379 - Indexer - INFO - Successfully stored raw HTML for https://github.com/security/advanced-security at s3://web-crawler-data-storage/raw_html/2025/04/26/1fe3a393f05c47bb0a664cde7f830a83.html
2025-04-26 03:38:47,379 - Indexer - INFO - Stored raw HTML for https://github.com/security/advanced-security with result: s3
2025-04-26 03:38:47,683 - Indexer - INFO - Successfully stored processed text for https://github.com/security/advanced-security at s3://web-crawler-data-storage/processed_text/2025/04/26/1fe3a393f05c47bb0a664cde7f830a83.txt
2025-04-26 03:38:47,994 - Indexer - INFO - Successfully stored metadata for https://github.com/security/advanced-security at s3://web-crawler-data-storage/metadata/2025/04/26/1fe3a393f05c47bb0a664cde7f830a83.json
2025-04-26 03:38:47,994 - Indexer - INFO - Stored processed text for https://github.com/security/advanced-security with result: s3
2025-04-26 03:38:48,084 - Indexer - INFO - Successfully indexed https://github.com/security/advanced-security
2025-04-26 03:38:48,084 - Indexer - INFO - Extracted 10 keywords
2025-04-26 03:38:49,212 - Indexer - INFO - Successfully stored raw HTML for https://bn.wikipedia.org/wiki/%E0%A6%89%E0%A6%87%E0%A6%95%E0%A6%BF%E0%A6%AA%E0%A6%BF%E0%A6%A1%E0%A6%BF%E0%A6%AF%E0%A6%BC%E0%A6%BE_%E0%A6%AE%E0%A7%8B%E0%A6%AC%E0%A6%BE%E0%A6%87%E0%A6%B2_%E0%A6%85%E0%A7%8D%E0%A6%AF%E0%A6%BE%E0%A6%AA%E0%A7%8D%E0%A6%B2%E0%A6%BF%E0%A6%95%E0%A7%87%E0%A6%B6%E0%A6%A8%E0%A7%87%E0%A6%B0_%E0%A6%A4%E0%A6%BE%E0%A6%B2%E0%A6%BF%E0%A6%95%E0%A6%BE at s3://web-crawler-data-storage/raw_html/2025/04/26/c04ee9d43c04f5165a7a8cbca2c509c3.html
2025-04-26 03:38:49,212 - Indexer - INFO - Stored raw HTML for https://bn.wikipedia.org/wiki/%E0%A6%89%E0%A6%87%E0%A6%95%E0%A6%BF%E0%A6%AA%E0%A6%BF%E0%A6%A1%E0%A6%BF%E0%A6%AF%E0%A6%BC%E0%A6%BE_%E0%A6%AE%E0%A7%8B%E0%A6%AC%E0%A6%BE%E0%A6%87%E0%A6%B2_%E0%A6%85%E0%A7%8D%E0%A6%AF%E0%A6%BE%E0%A6%AA%E0%A7%8D%E0%A6%B2%E0%A6%BF%E0%A6%95%E0%A7%87%E0%A6%B6%E0%A6%A8%E0%A7%87%E0%A6%B0_%E0%A6%A4%E0%A6%BE%E0%A6%B2%E0%A6%BF%E0%A6%95%E0%A6%BE with result: s3
2025-04-26 03:38:49,589 - Indexer - INFO - Successfully stored processed text for https://bn.wikipedia.org/wiki/%E0%A6%89%E0%A6%87%E0%A6%95%E0%A6%BF%E0%A6%AA%E0%A6%BF%E0%A6%A1%E0%A6%BF%E0%A6%AF%E0%A6%BC%E0%A6%BE_%E0%A6%AE%E0%A7%8B%E0%A6%AC%E0%A6%BE%E0%A6%87%E0%A6%B2_%E0%A6%85%E0%A7%8D%E0%A6%AF%E0%A6%BE%E0%A6%AA%E0%A7%8D%E0%A6%B2%E0%A6%BF%E0%A6%95%E0%A7%87%E0%A6%B6%E0%A6%A8%E0%A7%87%E0%A6%B0_%E0%A6%A4%E0%A6%BE%E0%A6%B2%E0%A6%BF%E0%A6%95%E0%A6%BE at s3://web-crawler-data-storage/processed_text/2025/04/26/c04ee9d43c04f5165a7a8cbca2c509c3.txt
2025-04-26 03:38:49,950 - Indexer - INFO - Successfully stored metadata for https://bn.wikipedia.org/wiki/%E0%A6%89%E0%A6%87%E0%A6%95%E0%A6%BF%E0%A6%AA%E0%A6%BF%E0%A6%A1%E0%A6%BF%E0%A6%AF%E0%A6%BC%E0%A6%BE_%E0%A6%AE%E0%A7%8B%E0%A6%AC%E0%A6%BE%E0%A6%87%E0%A6%B2_%E0%A6%85%E0%A7%8D%E0%A6%AF%E0%A6%BE%E0%A6%AA%E0%A7%8D%E0%A6%B2%E0%A6%BF%E0%A6%95%E0%A7%87%E0%A6%B6%E0%A6%A8%E0%A7%87%E0%A6%B0_%E0%A6%A4%E0%A6%BE%E0%A6%B2%E0%A6%BF%E0%A6%95%E0%A6%BE at s3://web-crawler-data-storage/metadata/2025/04/26/c04ee9d43c04f5165a7a8cbca2c509c3.json
2025-04-26 03:38:49,954 - Indexer - INFO - Stored processed text for https://bn.wikipedia.org/wiki/%E0%A6%89%E0%A6%87%E0%A6%95%E0%A6%BF%E0%A6%AA%E0%A6%BF%E0%A6%A1%E0%A6%BF%E0%A6%AF%E0%A6%BC%E0%A6%BE_%E0%A6%AE%E0%A7%8B%E0%A6%AC%E0%A6%BE%E0%A6%87%E0%A6%B2_%E0%A6%85%E0%A7%8D%E0%A6%AF%E0%A6%BE%E0%A6%AA%E0%A7%8D%E0%A6%B2%E0%A6%BF%E0%A6%95%E0%A7%87%E0%A6%B6%E0%A6%A8%E0%A7%87%E0%A6%B0_%E0%A6%A4%E0%A6%BE%E0%A6%B2%E0%A6%BF%E0%A6%95%E0%A6%BE with result: s3
2025-04-26 03:38:50,676 - Indexer - INFO - Successfully indexed https://bn.wikipedia.org/wiki/%E0%A6%89%E0%A6%87%E0%A6%95%E0%A6%BF%E0%A6%AA%E0%A6%BF%E0%A6%A1%E0%A6%BF%E0%A6%AF%E0%A6%BC%E0%A6%BE_%E0%A6%AE%E0%A7%8B%E0%A6%AC%E0%A6%BE%E0%A6%87%E0%A6%B2_%E0%A6%85%E0%A7%8D%E0%A6%AF%E0%A6%BE%E0%A6%AA%E0%A7%8D%E0%A6%B2%E0%A6%BF%E0%A6%95%E0%A7%87%E0%A6%B6%E0%A6%A8%E0%A7%87%E0%A6%B0_%E0%A6%A4%E0%A6%BE%E0%A6%B2%E0%A6%BF%E0%A6%95%E0%A6%BE
2025-04-26 03:38:50,676 - Indexer - INFO - Extracted 10 keywords
2025-04-26 03:38:53,095 - Indexer - INFO - Successfully stored raw HTML for https://www.reddit.com at s3://web-crawler-data-storage/raw_html/2025/04/26/30dd8fd5626b7e36783516a6e238baf2.html
2025-04-26 03:38:53,095 - Indexer - INFO - Stored raw HTML for https://www.reddit.com with result: s3
2025-04-26 03:38:53,397 - Indexer - INFO - Successfully stored processed text for https://www.reddit.com at s3://web-crawler-data-storage/processed_text/2025/04/26/30dd8fd5626b7e36783516a6e238baf2.txt
2025-04-26 03:38:53,723 - Indexer - INFO - Successfully stored metadata for https://www.reddit.com at s3://web-crawler-data-storage/metadata/2025/04/26/30dd8fd5626b7e36783516a6e238baf2.json
2025-04-26 03:38:53,723 - Indexer - INFO - Stored processed text for https://www.reddit.com with result: s3
2025-04-26 03:38:53,799 - Indexer - INFO - Successfully indexed https://www.reddit.com
2025-04-26 03:38:53,799 - Indexer - INFO - Extracted 10 keywords
2025-04-26 03:38:55,129 - Indexer - INFO - Successfully stored raw HTML for https://stackoverflow.co/ at s3://web-crawler-data-storage/raw_html/2025/04/26/32361ce2db14c646f12d4a86a0018736.html
2025-04-26 03:38:55,129 - Indexer - INFO - Stored raw HTML for https://stackoverflow.co/ with result: s3
2025-04-26 03:38:55,479 - Indexer - INFO - Successfully stored processed text for https://stackoverflow.co/ at s3://web-crawler-data-storage/processed_text/2025/04/26/32361ce2db14c646f12d4a86a0018736.txt
2025-04-26 03:38:55,787 - Indexer - INFO - Successfully stored metadata for https://stackoverflow.co/ at s3://web-crawler-data-storage/metadata/2025/04/26/32361ce2db14c646f12d4a86a0018736.json
2025-04-26 03:38:55,787 - Indexer - INFO - Stored processed text for https://stackoverflow.co/ with result: s3
2025-04-26 03:38:55,873 - Indexer - INFO - Successfully indexed https://stackoverflow.co/
2025-04-26 03:38:55,873 - Indexer - INFO - Extracted 10 keywords
2025-04-26 03:38:58,426 - Indexer - INFO - Successfully stored raw HTML for https://github.com/features/copilot at s3://web-crawler-data-storage/raw_html/2025/04/26/dba769c840ccac35bd2dae4b74d18025.html
2025-04-26 03:38:58,426 - Indexer - INFO - Stored raw HTML for https://github.com/features/copilot with result: s3
2025-04-26 03:38:58,894 - Indexer - INFO - Successfully stored processed text for https://github.com/features/copilot at s3://web-crawler-data-storage/processed_text/2025/04/26/dba769c840ccac35bd2dae4b74d18025.txt
2025-04-26 03:38:59,394 - Indexer - INFO - Successfully stored metadata for https://github.com/features/copilot at s3://web-crawler-data-storage/metadata/2025/04/26/dba769c840ccac35bd2dae4b74d18025.json
2025-04-26 03:38:59,394 - Indexer - INFO - Stored processed text for https://github.com/features/copilot with result: s3
2025-04-26 03:38:59,557 - Indexer - INFO - Successfully indexed https://github.com/features/copilot
2025-04-26 03:38:59,557 - Indexer - INFO - Extracted 10 keywords
2025-04-26 03:39:00,880 - Indexer - INFO - Successfully stored raw HTML for https://stackoverflow.co/advertising/?utm_medium=referral&utm_source=stackoverflow-community&utm_campaign=top-nav&utm_content=stack-overflow-advertising at s3://web-crawler-data-storage/raw_html/2025/04/26/794eb1451303a8d4581f25e2eb7489ed.html
2025-04-26 03:39:00,880 - Indexer - INFO - Stored raw HTML for https://stackoverflow.co/advertising/?utm_medium=referral&utm_source=stackoverflow-community&utm_campaign=top-nav&utm_content=stack-overflow-advertising with result: s3
2025-04-26 03:39:01,184 - Indexer - INFO - Successfully stored processed text for https://stackoverflow.co/advertising/?utm_medium=referral&utm_source=stackoverflow-community&utm_campaign=top-nav&utm_content=stack-overflow-advertising at s3://web-crawler-data-storage/processed_text/2025/04/26/794eb1451303a8d4581f25e2eb7489ed.txt
2025-04-26 03:39:01,531 - Indexer - INFO - Successfully stored metadata for https://stackoverflow.co/advertising/?utm_medium=referral&utm_source=stackoverflow-community&utm_campaign=top-nav&utm_content=stack-overflow-advertising at s3://web-crawler-data-storage/metadata/2025/04/26/794eb1451303a8d4581f25e2eb7489ed.json
2025-04-26 03:39:01,531 - Indexer - INFO - Stored processed text for https://stackoverflow.co/advertising/?utm_medium=referral&utm_source=stackoverflow-community&utm_campaign=top-nav&utm_content=stack-overflow-advertising with result: s3
2025-04-26 03:39:01,613 - Indexer - INFO - Successfully indexed https://stackoverflow.co/advertising/?utm_medium=referral&utm_source=stackoverflow-community&utm_campaign=top-nav&utm_content=stack-overflow-advertising
2025-04-26 03:39:01,613 - Indexer - INFO - Extracted 10 keywords
2025-04-26 03:39:03,403 - Indexer - INFO - Successfully stored raw HTML for https://stackoverflow.com at s3://web-crawler-data-storage/raw_html/2025/04/26/7f4c919540be6ec81cd37d9e61da6c37.html
2025-04-26 03:39:03,403 - Indexer - INFO - Stored raw HTML for https://stackoverflow.com with result: s3
2025-04-26 03:39:03,755 - Indexer - INFO - Successfully stored processed text for https://stackoverflow.com at s3://web-crawler-data-storage/processed_text/2025/04/26/7f4c919540be6ec81cd37d9e61da6c37.txt
2025-04-26 03:39:04,111 - Indexer - INFO - Successfully stored metadata for https://stackoverflow.com at s3://web-crawler-data-storage/metadata/2025/04/26/7f4c919540be6ec81cd37d9e61da6c37.json
2025-04-26 03:39:04,111 - Indexer - INFO - Stored processed text for https://stackoverflow.com with result: s3
2025-04-26 03:39:04,871 - Indexer - INFO - Successfully indexed https://stackoverflow.com
2025-04-26 03:39:04,871 - Indexer - INFO - Extracted 10 keywords
2025-04-26 03:39:05,638 - Indexer - INFO - Successfully stored raw HTML for https://stackoverflow.help/ at s3://web-crawler-data-storage/raw_html/2025/04/26/09bc86e6579089a23ecf8a470fa55dd8.html
2025-04-26 03:39:05,638 - Indexer - INFO - Stored raw HTML for https://stackoverflow.help/ with result: s3
2025-04-26 03:39:05,989 - Indexer - INFO - Successfully stored processed text for https://stackoverflow.help/ at s3://web-crawler-data-storage/processed_text/2025/04/26/09bc86e6579089a23ecf8a470fa55dd8.txt
2025-04-26 03:39:06,356 - Indexer - INFO - Successfully stored metadata for https://stackoverflow.help/ at s3://web-crawler-data-storage/metadata/2025/04/26/09bc86e6579089a23ecf8a470fa55dd8.json
2025-04-26 03:39:06,356 - Indexer - INFO - Stored processed text for https://stackoverflow.help/ with result: s3
2025-04-26 03:39:06,428 - Indexer - INFO - Successfully indexed https://stackoverflow.help/
2025-04-26 03:39:06,428 - Indexer - INFO - Extracted 10 keywords
2025-04-26 03:39:06,908 - Indexer - INFO - Successfully stored raw HTML for https://docs.python.org at s3://web-crawler-data-storage/raw_html/2025/04/26/ab87040aecf47a23a07dc06153094d21.html
2025-04-26 03:39:06,908 - Indexer - INFO - Stored raw HTML for https://docs.python.org with result: s3
2025-04-26 03:39:07,336 - Indexer - INFO - Successfully stored processed text for https://docs.python.org at s3://web-crawler-data-storage/processed_text/2025/04/26/ab87040aecf47a23a07dc06153094d21.txt
2025-04-26 03:39:07,793 - Indexer - INFO - Successfully stored metadata for https://docs.python.org at s3://web-crawler-data-storage/metadata/2025/04/26/ab87040aecf47a23a07dc06153094d21.json
2025-04-26 03:39:07,793 - Indexer - INFO - Stored processed text for https://docs.python.org with result: s3
2025-04-26 03:39:07,885 - Indexer - INFO - Successfully indexed https://docs.python.org
2025-04-26 03:39:07,885 - Indexer - INFO - Extracted 10 keywords
2025-04-26 03:39:10,519 - Indexer - INFO - Successfully stored raw HTML for https://meta.wikimedia.org/wiki/Special:MyLanguage/List_of_Wikipedias at s3://web-crawler-data-storage/raw_html/2025/04/26/e89764c6976518e91ebe50251fa3fe33.html
2025-04-26 03:39:10,519 - Indexer - INFO - Stored raw HTML for https://meta.wikimedia.org/wiki/Special:MyLanguage/List_of_Wikipedias with result: s3
2025-04-26 03:39:11,051 - Indexer - INFO - Successfully stored processed text for https://meta.wikimedia.org/wiki/Special:MyLanguage/List_of_Wikipedias at s3://web-crawler-data-storage/processed_text/2025/04/26/e89764c6976518e91ebe50251fa3fe33.txt
2025-04-26 03:39:11,474 - Indexer - INFO - Successfully stored metadata for https://meta.wikimedia.org/wiki/Special:MyLanguage/List_of_Wikipedias at s3://web-crawler-data-storage/metadata/2025/04/26/e89764c6976518e91ebe50251fa3fe33.json
2025-04-26 03:39:11,474 - Indexer - INFO - Stored processed text for https://meta.wikimedia.org/wiki/Special:MyLanguage/List_of_Wikipedias with result: s3
2025-04-26 03:39:11,733 - Indexer - INFO - Successfully indexed https://meta.wikimedia.org/wiki/Special:MyLanguage/List_of_Wikipedias
2025-04-26 03:39:11,733 - Indexer - INFO - Extracted 10 keywords
2025-04-26 03:39:12,437 - Indexer - INFO - Successfully stored raw HTML for https://donate.wikimedia.org/?wmf_source=donate&wmf_medium=sidebar&wmf_campaign=en.wikipedia.org&uselang=en at s3://web-crawler-data-storage/raw_html/2025/04/26/df0bec8166a42928684fcc3ce6494afe.html
2025-04-26 03:39:12,437 - Indexer - INFO - Stored raw HTML for https://donate.wikimedia.org/?wmf_source=donate&wmf_medium=sidebar&wmf_campaign=en.wikipedia.org&uselang=en with result: s3
2025-04-26 03:39:12,812 - Indexer - INFO - Successfully stored processed text for https://donate.wikimedia.org/?wmf_source=donate&wmf_medium=sidebar&wmf_campaign=en.wikipedia.org&uselang=en at s3://web-crawler-data-storage/processed_text/2025/04/26/df0bec8166a42928684fcc3ce6494afe.txt
2025-04-26 03:39:13,106 - Indexer - INFO - Successfully stored metadata for https://donate.wikimedia.org/?wmf_source=donate&wmf_medium=sidebar&wmf_campaign=en.wikipedia.org&uselang=en at s3://web-crawler-data-storage/metadata/2025/04/26/df0bec8166a42928684fcc3ce6494afe.json
2025-04-26 03:39:13,106 - Indexer - INFO - Stored processed text for https://donate.wikimedia.org/?wmf_source=donate&wmf_medium=sidebar&wmf_campaign=en.wikipedia.org&uselang=en with result: s3
2025-04-26 03:39:13,187 - Indexer - INFO - Successfully indexed https://donate.wikimedia.org/?wmf_source=donate&wmf_medium=sidebar&wmf_campaign=en.wikipedia.org&uselang=en
2025-04-26 03:39:13,187 - Indexer - INFO - Extracted 10 keywords
2025-04-26 03:39:13,290 - Indexer - INFO - URL already indexed: https://github.com/features/copilot
2025-04-26 03:39:14,918 - Indexer - INFO - Successfully stored raw HTML for https://github.com/features/issues at s3://web-crawler-data-storage/raw_html/2025/04/26/e2829aebb11ffc941af2d189e2298796.html
2025-04-26 03:39:14,918 - Indexer - INFO - Stored raw HTML for https://github.com/features/issues with result: s3
2025-04-26 03:39:15,226 - Indexer - INFO - Successfully stored processed text for https://github.com/features/issues at s3://web-crawler-data-storage/processed_text/2025/04/26/e2829aebb11ffc941af2d189e2298796.txt
2025-04-26 03:39:15,576 - Indexer - INFO - Successfully stored metadata for https://github.com/features/issues at s3://web-crawler-data-storage/metadata/2025/04/26/e2829aebb11ffc941af2d189e2298796.json
2025-04-26 03:39:15,576 - Indexer - INFO - Stored processed text for https://github.com/features/issues with result: s3
2025-04-26 03:39:16,319 - Indexer - INFO - Successfully indexed https://github.com/features/issues
2025-04-26 03:39:16,319 - Indexer - INFO - Extracted 10 keywords
2025-04-26 03:39:16,423 - Indexer - INFO - URL already indexed: https://www.python.org/psf/
2025-04-26 03:39:17,091 - Indexer - INFO - Successfully stored raw HTML for https://donate.wikimedia.org/?wmf_medium=portal&wmf_campaign=portalFooter&wmf_source=portalFooter at s3://web-crawler-data-storage/raw_html/2025/04/26/e80926e2c85c2736bd72ce8f1fda94c6.html
2025-04-26 03:39:17,091 - Indexer - INFO - Stored raw HTML for https://donate.wikimedia.org/?wmf_medium=portal&wmf_campaign=portalFooter&wmf_source=portalFooter with result: s3
2025-04-26 03:39:17,397 - Indexer - INFO - Successfully stored processed text for https://donate.wikimedia.org/?wmf_medium=portal&wmf_campaign=portalFooter&wmf_source=portalFooter at s3://web-crawler-data-storage/processed_text/2025/04/26/e80926e2c85c2736bd72ce8f1fda94c6.txt
2025-04-26 03:39:17,723 - Indexer - INFO - Successfully stored metadata for https://donate.wikimedia.org/?wmf_medium=portal&wmf_campaign=portalFooter&wmf_source=portalFooter at s3://web-crawler-data-storage/metadata/2025/04/26/e80926e2c85c2736bd72ce8f1fda94c6.json
2025-04-26 03:39:17,723 - Indexer - INFO - Stored processed text for https://donate.wikimedia.org/?wmf_medium=portal&wmf_campaign=portalFooter&wmf_source=portalFooter with result: s3
2025-04-26 03:39:17,775 - Indexer - INFO - Successfully indexed https://donate.wikimedia.org/?wmf_medium=portal&wmf_campaign=portalFooter&wmf_source=portalFooter
2025-04-26 03:39:17,775 - Indexer - INFO - Extracted 10 keywords
2025-04-26 03:39:17,878 - Indexer - WARNING - Indexer received message with unknown format
2025-04-26 03:43:33,838 - Indexer - INFO - Enhanced Indexer node started with rank 4 of 5
2025-04-26 03:43:33,838 - Indexer - INFO - Loaded AWS configuration from aws_config.json
2025-04-26 03:43:33,847 - Indexer - INFO - Found credentials in shared credentials file: ~/.aws/credentials
2025-04-26 03:43:56,598 - Indexer - INFO - Bucket web-crawler-data-storage already exists
2025-04-26 03:43:56,598 - Indexer - INFO - Successfully connected to AWS S3 in region us-east-1
2025-04-26 03:43:56,598 - Indexer - INFO - CloudStorage initialized for data persistence
2025-04-26 03:44:03,355 - Indexer - INFO - Successfully stored raw HTML for https://stackoverflow.co/teams/?utm_medium=referral&utm_source=stackoverflow-community&utm_campaign=top-nav&utm_content=stack-overflow-for-teams at s3://web-crawler-data-storage/raw_html/2025/04/26/095e77fa0a19c94b8608088566ff6168.html
2025-04-26 03:44:03,355 - Indexer - INFO - Stored raw HTML for https://stackoverflow.co/teams/?utm_medium=referral&utm_source=stackoverflow-community&utm_campaign=top-nav&utm_content=stack-overflow-for-teams with result: s3
2025-04-26 03:44:03,690 - Indexer - INFO - Successfully stored processed text for https://stackoverflow.co/teams/?utm_medium=referral&utm_source=stackoverflow-community&utm_campaign=top-nav&utm_content=stack-overflow-for-teams at s3://web-crawler-data-storage/processed_text/2025/04/26/095e77fa0a19c94b8608088566ff6168.txt
2025-04-26 03:44:04,216 - Indexer - INFO - Successfully stored metadata for https://stackoverflow.co/teams/?utm_medium=referral&utm_source=stackoverflow-community&utm_campaign=top-nav&utm_content=stack-overflow-for-teams at s3://web-crawler-data-storage/metadata/2025/04/26/095e77fa0a19c94b8608088566ff6168.json
2025-04-26 03:44:04,216 - Indexer - INFO - Stored processed text for https://stackoverflow.co/teams/?utm_medium=referral&utm_source=stackoverflow-community&utm_campaign=top-nav&utm_content=stack-overflow-for-teams with result: s3
2025-04-26 03:44:04,382 - Indexer - INFO - Successfully indexed https://stackoverflow.co/teams/?utm_medium=referral&utm_source=stackoverflow-community&utm_campaign=top-nav&utm_content=stack-overflow-for-teams
2025-04-26 03:44:04,382 - Indexer - INFO - Extracted 10 keywords
2025-04-26 03:44:04,968 - Indexer - INFO - Successfully stored raw HTML for https://pypi.org/ at s3://web-crawler-data-storage/raw_html/2025/04/26/419defafa8b1d9a6418edbb446e9db79.html
2025-04-26 03:44:04,968 - Indexer - INFO - Stored raw HTML for https://pypi.org/ with result: s3
2025-04-26 03:44:05,295 - Indexer - INFO - Successfully stored processed text for https://pypi.org/ at s3://web-crawler-data-storage/processed_text/2025/04/26/419defafa8b1d9a6418edbb446e9db79.txt
2025-04-26 03:44:05,616 - Indexer - INFO - Successfully stored metadata for https://pypi.org/ at s3://web-crawler-data-storage/metadata/2025/04/26/419defafa8b1d9a6418edbb446e9db79.json
2025-04-26 03:44:05,616 - Indexer - INFO - Stored processed text for https://pypi.org/ with result: s3
2025-04-26 03:44:05,724 - Indexer - INFO - Successfully indexed https://pypi.org/
2025-04-26 03:44:05,724 - Indexer - INFO - Extracted 10 keywords
2025-04-26 03:44:06,213 - Indexer - INFO - Successfully stored raw HTML for https://stackoverflowteams.com/users/login/?utm_source=so-owned&utm_medium=referral&utm_campaign=teams-nav-link at s3://web-crawler-data-storage/raw_html/2025/04/26/aadefc199a0e15bd9bbf48969d5b840d.html
2025-04-26 03:44:06,213 - Indexer - INFO - Stored raw HTML for https://stackoverflowteams.com/users/login/?utm_source=so-owned&utm_medium=referral&utm_campaign=teams-nav-link with result: s3
2025-04-26 03:44:06,565 - Indexer - INFO - Successfully stored processed text for https://stackoverflowteams.com/users/login/?utm_source=so-owned&utm_medium=referral&utm_campaign=teams-nav-link at s3://web-crawler-data-storage/processed_text/2025/04/26/aadefc199a0e15bd9bbf48969d5b840d.txt
2025-04-26 03:44:06,869 - Indexer - INFO - Successfully stored metadata for https://stackoverflowteams.com/users/login/?utm_source=so-owned&utm_medium=referral&utm_campaign=teams-nav-link at s3://web-crawler-data-storage/metadata/2025/04/26/aadefc199a0e15bd9bbf48969d5b840d.json
2025-04-26 03:44:06,869 - Indexer - INFO - Stored processed text for https://stackoverflowteams.com/users/login/?utm_source=so-owned&utm_medium=referral&utm_campaign=teams-nav-link with result: s3
2025-04-26 03:44:06,955 - Indexer - INFO - Successfully indexed https://stackoverflowteams.com/users/login/?utm_source=so-owned&utm_medium=referral&utm_campaign=teams-nav-link
2025-04-26 03:44:06,955 - Indexer - INFO - Extracted 9 keywords
2025-04-26 03:44:07,835 - Indexer - INFO - Successfully stored raw HTML for https://az.wikipedia.org/wiki/Vikipediya_mobil_t%C9%99tbiql%C9%99rinin_siyah%C4%B1s%C4%B1 at s3://web-crawler-data-storage/raw_html/2025/04/26/4e4383666f271d6d881d5877a20ae938.html
2025-04-26 03:44:07,835 - Indexer - INFO - Stored raw HTML for https://az.wikipedia.org/wiki/Vikipediya_mobil_t%C9%99tbiql%C9%99rinin_siyah%C4%B1s%C4%B1 with result: s3
2025-04-26 03:44:08,146 - Indexer - INFO - Successfully stored processed text for https://az.wikipedia.org/wiki/Vikipediya_mobil_t%C9%99tbiql%C9%99rinin_siyah%C4%B1s%C4%B1 at s3://web-crawler-data-storage/processed_text/2025/04/26/4e4383666f271d6d881d5877a20ae938.txt
2025-04-26 03:44:08,457 - Indexer - INFO - Successfully stored metadata for https://az.wikipedia.org/wiki/Vikipediya_mobil_t%C9%99tbiql%C9%99rinin_siyah%C4%B1s%C4%B1 at s3://web-crawler-data-storage/metadata/2025/04/26/4e4383666f271d6d881d5877a20ae938.json
2025-04-26 03:44:08,457 - Indexer - INFO - Stored processed text for https://az.wikipedia.org/wiki/Vikipediya_mobil_t%C9%99tbiql%C9%99rinin_siyah%C4%B1s%C4%B1 with result: s3
2025-04-26 03:44:09,545 - Indexer - INFO - Successfully indexed https://az.wikipedia.org/wiki/Vikipediya_mobil_t%C9%99tbiql%C9%99rinin_siyah%C4%B1s%C4%B1
2025-04-26 03:44:09,545 - Indexer - INFO - Extracted 10 keywords
2025-04-26 03:44:12,947 - Indexer - INFO - Successfully stored raw HTML for https://stackoverflow.co/teams/resources/faq/ at s3://web-crawler-data-storage/raw_html/2025/04/26/434ca2decaaee538b676e8d63e57ed02.html
2025-04-26 03:44:12,947 - Indexer - INFO - Stored raw HTML for https://stackoverflow.co/teams/resources/faq/ with result: s3
2025-04-26 03:44:13,283 - Indexer - INFO - Successfully stored processed text for https://stackoverflow.co/teams/resources/faq/ at s3://web-crawler-data-storage/processed_text/2025/04/26/434ca2decaaee538b676e8d63e57ed02.txt
2025-04-26 03:44:13,608 - Indexer - INFO - Successfully stored metadata for https://stackoverflow.co/teams/resources/faq/ at s3://web-crawler-data-storage/metadata/2025/04/26/434ca2decaaee538b676e8d63e57ed02.json
2025-04-26 03:44:13,609 - Indexer - INFO - Stored processed text for https://stackoverflow.co/teams/resources/faq/ with result: s3
2025-04-26 03:44:13,723 - Indexer - INFO - Successfully indexed https://stackoverflow.co/teams/resources/faq/
2025-04-26 03:44:13,723 - Indexer - INFO - Extracted 10 keywords
2025-04-26 03:44:13,831 - Indexer - INFO - URL already indexed: https://pypi.org/
2025-04-26 03:44:14,865 - Indexer - INFO - Successfully stored raw HTML for https://donate.wikimedia.org/?wmf_source=donate&wmf_medium=sidebar&wmf_campaign=bn.wikipedia.org&uselang=en at s3://web-crawler-data-storage/raw_html/2025/04/26/7fca22b48917b4125fbee5e7e57d65e0.html
2025-04-26 03:44:14,874 - Indexer - INFO - Stored raw HTML for https://donate.wikimedia.org/?wmf_source=donate&wmf_medium=sidebar&wmf_campaign=bn.wikipedia.org&uselang=en with result: s3
2025-04-26 03:44:15,175 - Indexer - INFO - Successfully stored processed text for https://donate.wikimedia.org/?wmf_source=donate&wmf_medium=sidebar&wmf_campaign=bn.wikipedia.org&uselang=en at s3://web-crawler-data-storage/processed_text/2025/04/26/7fca22b48917b4125fbee5e7e57d65e0.txt
2025-04-26 03:44:15,479 - Indexer - INFO - Successfully stored metadata for https://donate.wikimedia.org/?wmf_source=donate&wmf_medium=sidebar&wmf_campaign=bn.wikipedia.org&uselang=en at s3://web-crawler-data-storage/metadata/2025/04/26/7fca22b48917b4125fbee5e7e57d65e0.json
2025-04-26 03:44:15,479 - Indexer - INFO - Stored processed text for https://donate.wikimedia.org/?wmf_source=donate&wmf_medium=sidebar&wmf_campaign=bn.wikipedia.org&uselang=en with result: s3
2025-04-26 03:44:15,604 - Indexer - INFO - Successfully indexed https://donate.wikimedia.org/?wmf_source=donate&wmf_medium=sidebar&wmf_campaign=bn.wikipedia.org&uselang=en
2025-04-26 03:44:15,604 - Indexer - INFO - Extracted 10 keywords
2025-04-26 03:44:19,866 - Indexer - INFO - Successfully stored raw HTML for https://play.google.com/store/apps/details?id=org.wikipedia&referrer=utm_source%3Dportal%26utm_medium%3Dbutton%26anid%3Dadmob at s3://web-crawler-data-storage/raw_html/2025/04/26/999ec284cceaef3b439da23caa40004f.html
2025-04-26 03:44:19,866 - Indexer - INFO - Stored raw HTML for https://play.google.com/store/apps/details?id=org.wikipedia&referrer=utm_source%3Dportal%26utm_medium%3Dbutton%26anid%3Dadmob with result: s3
2025-04-26 03:44:20,199 - Indexer - INFO - Successfully stored processed text for https://play.google.com/store/apps/details?id=org.wikipedia&referrer=utm_source%3Dportal%26utm_medium%3Dbutton%26anid%3Dadmob at s3://web-crawler-data-storage/processed_text/2025/04/26/999ec284cceaef3b439da23caa40004f.txt
2025-04-26 03:44:20,622 - Indexer - INFO - Successfully stored metadata for https://play.google.com/store/apps/details?id=org.wikipedia&referrer=utm_source%3Dportal%26utm_medium%3Dbutton%26anid%3Dadmob at s3://web-crawler-data-storage/metadata/2025/04/26/999ec284cceaef3b439da23caa40004f.json
2025-04-26 03:44:20,622 - Indexer - INFO - Stored processed text for https://play.google.com/store/apps/details?id=org.wikipedia&referrer=utm_source%3Dportal%26utm_medium%3Dbutton%26anid%3Dadmob with result: s3
2025-04-26 03:44:20,711 - Indexer - INFO - Successfully indexed https://play.google.com/store/apps/details?id=org.wikipedia&referrer=utm_source%3Dportal%26utm_medium%3Dbutton%26anid%3Dadmob
2025-04-26 03:44:20,711 - Indexer - INFO - Extracted 10 keywords
2025-04-26 03:44:21,516 - Indexer - INFO - Successfully stored raw HTML for https://dailyboulder.com/ice-can-now-enter-your-home-without-a-warrant-to-find-migrants-doj-memo-says/ at s3://web-crawler-data-storage/raw_html/2025/04/26/ad39b7851a08a0149a834c8472647443.html
2025-04-26 03:44:21,516 - Indexer - INFO - Stored raw HTML for https://dailyboulder.com/ice-can-now-enter-your-home-without-a-warrant-to-find-migrants-doj-memo-says/ with result: s3
2025-04-26 03:44:21,833 - Indexer - INFO - Successfully stored processed text for https://dailyboulder.com/ice-can-now-enter-your-home-without-a-warrant-to-find-migrants-doj-memo-says/ at s3://web-crawler-data-storage/processed_text/2025/04/26/ad39b7851a08a0149a834c8472647443.txt
2025-04-26 03:44:22,161 - Indexer - INFO - Successfully stored metadata for https://dailyboulder.com/ice-can-now-enter-your-home-without-a-warrant-to-find-migrants-doj-memo-says/ at s3://web-crawler-data-storage/metadata/2025/04/26/ad39b7851a08a0149a834c8472647443.json
2025-04-26 03:44:22,161 - Indexer - INFO - Stored processed text for https://dailyboulder.com/ice-can-now-enter-your-home-without-a-warrant-to-find-migrants-doj-memo-says/ with result: s3
2025-04-26 03:44:22,258 - Indexer - INFO - Successfully indexed https://dailyboulder.com/ice-can-now-enter-your-home-without-a-warrant-to-find-migrants-doj-memo-says/
2025-04-26 03:44:22,258 - Indexer - INFO - Extracted 10 keywords
2025-04-26 03:44:23,061 - Indexer - INFO - Successfully stored raw HTML for https://cs.wikipedia.org/wiki/Seznam_mobiln%C3%ADch_aplikac%C3%AD_Wikipedie at s3://web-crawler-data-storage/raw_html/2025/04/26/79ae30ff97ff6e1e814e1b144589a899.html
2025-04-26 03:44:23,061 - Indexer - INFO - Stored raw HTML for https://cs.wikipedia.org/wiki/Seznam_mobiln%C3%ADch_aplikac%C3%AD_Wikipedie with result: s3
2025-04-26 03:44:23,490 - Indexer - INFO - Successfully stored processed text for https://cs.wikipedia.org/wiki/Seznam_mobiln%C3%ADch_aplikac%C3%AD_Wikipedie at s3://web-crawler-data-storage/processed_text/2025/04/26/79ae30ff97ff6e1e814e1b144589a899.txt
2025-04-26 03:44:24,011 - Indexer - INFO - Successfully stored metadata for https://cs.wikipedia.org/wiki/Seznam_mobiln%C3%ADch_aplikac%C3%AD_Wikipedie at s3://web-crawler-data-storage/metadata/2025/04/26/79ae30ff97ff6e1e814e1b144589a899.json
2025-04-26 03:44:24,011 - Indexer - INFO - Stored processed text for https://cs.wikipedia.org/wiki/Seznam_mobiln%C3%ADch_aplikac%C3%AD_Wikipedie with result: s3
2025-04-26 03:44:24,942 - Indexer - INFO - Successfully indexed https://cs.wikipedia.org/wiki/Seznam_mobiln%C3%ADch_aplikac%C3%AD_Wikipedie
2025-04-26 03:44:24,942 - Indexer - INFO - Extracted 10 keywords
2025-04-26 03:44:27,532 - Indexer - INFO - Successfully stored raw HTML for https://itunes.apple.com/app/apple-store/id324715238?pt=208305&ct=portal&mt=8 at s3://web-crawler-data-storage/raw_html/2025/04/26/4ab61f2e1910f4ba05089d1f2e2e5e61.html
2025-04-26 03:44:27,532 - Indexer - INFO - Stored raw HTML for https://itunes.apple.com/app/apple-store/id324715238?pt=208305&ct=portal&mt=8 with result: s3
2025-04-26 03:44:27,870 - Indexer - INFO - Successfully stored processed text for https://itunes.apple.com/app/apple-store/id324715238?pt=208305&ct=portal&mt=8 at s3://web-crawler-data-storage/processed_text/2025/04/26/4ab61f2e1910f4ba05089d1f2e2e5e61.txt
2025-04-26 03:44:28,272 - Indexer - INFO - Successfully stored metadata for https://itunes.apple.com/app/apple-store/id324715238?pt=208305&ct=portal&mt=8 at s3://web-crawler-data-storage/metadata/2025/04/26/4ab61f2e1910f4ba05089d1f2e2e5e61.json
2025-04-26 03:44:28,272 - Indexer - INFO - Stored processed text for https://itunes.apple.com/app/apple-store/id324715238?pt=208305&ct=portal&mt=8 with result: s3
2025-04-26 03:44:28,396 - Indexer - INFO - Successfully indexed https://itunes.apple.com/app/apple-store/id324715238?pt=208305&ct=portal&mt=8
2025-04-26 03:44:28,396 - Indexer - INFO - Extracted 10 keywords
2025-04-26 03:44:29,400 - Indexer - INFO - Successfully stored raw HTML for https://psfmember.org/civicrm/contribute/transact?reset=1&id=2 at s3://web-crawler-data-storage/raw_html/2025/04/26/618bfe50d3538b5c56fc1f83e629ea52.html
2025-04-26 03:44:29,400 - Indexer - INFO - Stored raw HTML for https://psfmember.org/civicrm/contribute/transact?reset=1&id=2 with result: s3
2025-04-26 03:44:29,719 - Indexer - INFO - Successfully stored processed text for https://psfmember.org/civicrm/contribute/transact?reset=1&id=2 at s3://web-crawler-data-storage/processed_text/2025/04/26/618bfe50d3538b5c56fc1f83e629ea52.txt
2025-04-26 03:44:30,035 - Indexer - INFO - Successfully stored metadata for https://psfmember.org/civicrm/contribute/transact?reset=1&id=2 at s3://web-crawler-data-storage/metadata/2025/04/26/618bfe50d3538b5c56fc1f83e629ea52.json
2025-04-26 03:44:30,035 - Indexer - INFO - Stored processed text for https://psfmember.org/civicrm/contribute/transact?reset=1&id=2 with result: s3
2025-04-26 03:44:30,155 - Indexer - INFO - Successfully indexed https://psfmember.org/civicrm/contribute/transact?reset=1&id=2
2025-04-26 03:44:30,155 - Indexer - INFO - Extracted 10 keywords
2025-04-26 03:44:31,531 - Indexer - INFO - Successfully stored raw HTML for https://github.com/features/actions at s3://web-crawler-data-storage/raw_html/2025/04/26/d7af0858294d18fa9f4dc16984f9a98d.html
2025-04-26 03:44:31,531 - Indexer - INFO - Stored raw HTML for https://github.com/features/actions with result: s3
2025-04-26 03:44:31,856 - Indexer - INFO - Successfully stored processed text for https://github.com/features/actions at s3://web-crawler-data-storage/processed_text/2025/04/26/d7af0858294d18fa9f4dc16984f9a98d.txt
2025-04-26 03:44:32,169 - Indexer - INFO - Successfully stored metadata for https://github.com/features/actions at s3://web-crawler-data-storage/metadata/2025/04/26/d7af0858294d18fa9f4dc16984f9a98d.json
2025-04-26 03:44:32,176 - Indexer - INFO - Stored processed text for https://github.com/features/actions with result: s3
2025-04-26 03:44:32,274 - Indexer - INFO - Successfully indexed https://github.com/features/actions
2025-04-26 03:44:32,274 - Indexer - INFO - Extracted 10 keywords
2025-04-26 03:44:32,375 - Indexer - INFO - URL already indexed: https://github.com/features/actions
2025-04-26 03:44:34,021 - Indexer - INFO - Successfully stored raw HTML for https://github.com/features/codespaces at s3://web-crawler-data-storage/raw_html/2025/04/26/9b0feeb833799d4ed2b4e16427b7032e.html
2025-04-26 03:44:34,021 - Indexer - INFO - Stored raw HTML for https://github.com/features/codespaces with result: s3
2025-04-26 03:44:34,341 - Indexer - INFO - Successfully stored processed text for https://github.com/features/codespaces at s3://web-crawler-data-storage/processed_text/2025/04/26/9b0feeb833799d4ed2b4e16427b7032e.txt
2025-04-26 03:44:34,753 - Indexer - INFO - Successfully stored metadata for https://github.com/features/codespaces at s3://web-crawler-data-storage/metadata/2025/04/26/9b0feeb833799d4ed2b4e16427b7032e.json
2025-04-26 03:44:34,753 - Indexer - INFO - Stored processed text for https://github.com/features/codespaces with result: s3
2025-04-26 03:44:34,870 - Indexer - INFO - Successfully indexed https://github.com/features/codespaces
2025-04-26 03:44:34,870 - Indexer - INFO - Extracted 10 keywords
2025-04-26 03:44:34,971 - Indexer - INFO - URL already indexed: https://github.com/features/codespaces
2025-04-26 03:44:35,649 - Indexer - INFO - Successfully stored raw HTML for https://donate.wikimedia.org/?wmf_source=donate&wmf_medium=sidebar&wmf_campaign=en.wikipedia.org&uselang=en at s3://web-crawler-data-storage/raw_html/2025/04/26/df0bec8166a42928684fcc3ce6494afe.html
2025-04-26 03:44:35,649 - Indexer - INFO - Stored raw HTML for https://donate.wikimedia.org/?wmf_source=donate&wmf_medium=sidebar&wmf_campaign=en.wikipedia.org&uselang=en with result: s3
2025-04-26 03:44:35,977 - Indexer - INFO - Successfully stored processed text for https://donate.wikimedia.org/?wmf_source=donate&wmf_medium=sidebar&wmf_campaign=en.wikipedia.org&uselang=en at s3://web-crawler-data-storage/processed_text/2025/04/26/df0bec8166a42928684fcc3ce6494afe.txt
2025-04-26 03:44:36,340 - Indexer - INFO - Successfully stored metadata for https://donate.wikimedia.org/?wmf_source=donate&wmf_medium=sidebar&wmf_campaign=en.wikipedia.org&uselang=en at s3://web-crawler-data-storage/metadata/2025/04/26/df0bec8166a42928684fcc3ce6494afe.json
2025-04-26 03:44:36,340 - Indexer - INFO - Stored processed text for https://donate.wikimedia.org/?wmf_source=donate&wmf_medium=sidebar&wmf_campaign=en.wikipedia.org&uselang=en with result: s3
2025-04-26 03:44:37,426 - Indexer - INFO - Successfully indexed https://donate.wikimedia.org/?wmf_source=donate&wmf_medium=sidebar&wmf_campaign=en.wikipedia.org&uselang=en
2025-04-26 03:44:37,426 - Indexer - INFO - Extracted 10 keywords
2025-04-26 03:44:37,528 - Indexer - INFO - URL already indexed: https://psfmember.org/civicrm/contribute/transact?reset=1&id=2
2025-04-26 03:44:38,936 - Indexer - INFO - Successfully stored raw HTML for https://stackoverflow.co/ at s3://web-crawler-data-storage/raw_html/2025/04/26/32361ce2db14c646f12d4a86a0018736.html
2025-04-26 03:44:38,936 - Indexer - INFO - Stored raw HTML for https://stackoverflow.co/ with result: s3
2025-04-26 03:44:39,265 - Indexer - INFO - Successfully stored processed text for https://stackoverflow.co/ at s3://web-crawler-data-storage/processed_text/2025/04/26/32361ce2db14c646f12d4a86a0018736.txt
2025-04-26 03:44:39,577 - Indexer - INFO - Successfully stored metadata for https://stackoverflow.co/ at s3://web-crawler-data-storage/metadata/2025/04/26/32361ce2db14c646f12d4a86a0018736.json
2025-04-26 03:44:39,577 - Indexer - INFO - Stored processed text for https://stackoverflow.co/ with result: s3
2025-04-26 03:44:39,686 - Indexer - INFO - Successfully indexed https://stackoverflow.co/
2025-04-26 03:44:39,686 - Indexer - INFO - Extracted 10 keywords
2025-04-26 03:44:41,514 - Indexer - INFO - Successfully stored raw HTML for https://www.redditinc.com/policies/content-policy at s3://web-crawler-data-storage/raw_html/2025/04/26/dd55afbca761c77b67276348ec41dad2.html
2025-04-26 03:44:41,514 - Indexer - INFO - Stored raw HTML for https://www.redditinc.com/policies/content-policy with result: s3
2025-04-26 03:44:41,873 - Indexer - INFO - Successfully stored processed text for https://www.redditinc.com/policies/content-policy at s3://web-crawler-data-storage/processed_text/2025/04/26/dd55afbca761c77b67276348ec41dad2.txt
2025-04-26 03:44:42,236 - Indexer - INFO - Successfully stored metadata for https://www.redditinc.com/policies/content-policy at s3://web-crawler-data-storage/metadata/2025/04/26/dd55afbca761c77b67276348ec41dad2.json
2025-04-26 03:44:42,236 - Indexer - INFO - Stored processed text for https://www.redditinc.com/policies/content-policy with result: s3
2025-04-26 03:44:42,375 - Indexer - INFO - Successfully indexed https://www.redditinc.com/policies/content-policy
2025-04-26 03:44:42,375 - Indexer - INFO - Extracted 10 keywords
2025-04-26 03:44:42,851 - Indexer - INFO - Successfully stored raw HTML for https://docs.python.org at s3://web-crawler-data-storage/raw_html/2025/04/26/ab87040aecf47a23a07dc06153094d21.html
2025-04-26 03:44:42,851 - Indexer - INFO - Stored raw HTML for https://docs.python.org with result: s3
2025-04-26 03:44:43,218 - Indexer - INFO - Successfully stored processed text for https://docs.python.org at s3://web-crawler-data-storage/processed_text/2025/04/26/ab87040aecf47a23a07dc06153094d21.txt
2025-04-26 03:44:43,527 - Indexer - INFO - Successfully stored metadata for https://docs.python.org at s3://web-crawler-data-storage/metadata/2025/04/26/ab87040aecf47a23a07dc06153094d21.json
2025-04-26 03:44:43,527 - Indexer - INFO - Stored processed text for https://docs.python.org with result: s3
2025-04-26 03:44:43,662 - Indexer - INFO - Successfully indexed https://docs.python.org
2025-04-26 03:44:43,662 - Indexer - INFO - Extracted 10 keywords
2025-04-26 03:44:45,398 - Indexer - INFO - Successfully stored raw HTML for https://stackoverflow.co/teams/resources/ at s3://web-crawler-data-storage/raw_html/2025/04/26/a883f02ae48dcb106cc7882e66ebf64f.html
2025-04-26 03:44:45,398 - Indexer - INFO - Stored raw HTML for https://stackoverflow.co/teams/resources/ with result: s3
2025-04-26 03:44:45,746 - Indexer - INFO - Successfully stored processed text for https://stackoverflow.co/teams/resources/ at s3://web-crawler-data-storage/processed_text/2025/04/26/a883f02ae48dcb106cc7882e66ebf64f.txt
2025-04-26 03:44:46,066 - Indexer - INFO - Successfully stored metadata for https://stackoverflow.co/teams/resources/ at s3://web-crawler-data-storage/metadata/2025/04/26/a883f02ae48dcb106cc7882e66ebf64f.json
2025-04-26 03:44:46,066 - Indexer - INFO - Stored processed text for https://stackoverflow.co/teams/resources/ with result: s3
2025-04-26 03:44:46,223 - Indexer - INFO - Successfully indexed https://stackoverflow.co/teams/resources/
2025-04-26 03:44:46,223 - Indexer - INFO - Extracted 10 keywords
2025-04-26 03:44:46,324 - Indexer - WARNING - Indexer received message with unknown format
2025-04-26 03:44:47,752 - Indexer - INFO - Successfully stored raw HTML for https://stackoverflow.co/company/social-impact/ at s3://web-crawler-data-storage/raw_html/2025/04/26/274fc191b5622bd5846beae271ca0be3.html
2025-04-26 03:44:47,752 - Indexer - INFO - Stored raw HTML for https://stackoverflow.co/company/social-impact/ with result: s3
2025-04-26 03:44:48,173 - Indexer - INFO - Successfully stored processed text for https://stackoverflow.co/company/social-impact/ at s3://web-crawler-data-storage/processed_text/2025/04/26/274fc191b5622bd5846beae271ca0be3.txt
2025-04-26 03:44:48,696 - Indexer - INFO - Successfully stored metadata for https://stackoverflow.co/company/social-impact/ at s3://web-crawler-data-storage/metadata/2025/04/26/274fc191b5622bd5846beae271ca0be3.json
2025-04-26 03:44:48,696 - Indexer - INFO - Stored processed text for https://stackoverflow.co/company/social-impact/ with result: s3
2025-04-26 03:44:49,588 - Indexer - INFO - Successfully indexed https://stackoverflow.co/company/social-impact/
2025-04-26 03:44:49,588 - Indexer - INFO - Extracted 10 keywords
2025-04-26 03:44:52,349 - Indexer - INFO - Successfully stored raw HTML for https://github.com/features/copilot at s3://web-crawler-data-storage/raw_html/2025/04/26/dba769c840ccac35bd2dae4b74d18025.html
2025-04-26 03:44:52,349 - Indexer - INFO - Stored raw HTML for https://github.com/features/copilot with result: s3
2025-04-26 03:44:52,919 - Indexer - INFO - Successfully stored processed text for https://github.com/features/copilot at s3://web-crawler-data-storage/processed_text/2025/04/26/dba769c840ccac35bd2dae4b74d18025.txt
2025-04-26 03:44:53,496 - Indexer - INFO - Successfully stored metadata for https://github.com/features/copilot at s3://web-crawler-data-storage/metadata/2025/04/26/dba769c840ccac35bd2dae4b74d18025.json
2025-04-26 03:44:53,496 - Indexer - INFO - Stored processed text for https://github.com/features/copilot with result: s3
2025-04-26 03:44:53,653 - Indexer - INFO - Successfully indexed https://github.com/features/copilot
2025-04-26 03:44:53,653 - Indexer - INFO - Extracted 10 keywords
2025-04-26 03:44:55,619 - Indexer - INFO - Successfully stored raw HTML for https://www.reddit.com/login/ at s3://web-crawler-data-storage/raw_html/2025/04/26/686b8a13c276555c1986636287e1b566.html
2025-04-26 03:44:55,619 - Indexer - INFO - Stored raw HTML for https://www.reddit.com/login/ with result: s3
2025-04-26 03:44:55,932 - Indexer - INFO - Successfully stored processed text for https://www.reddit.com/login/ at s3://web-crawler-data-storage/processed_text/2025/04/26/686b8a13c276555c1986636287e1b566.txt
2025-04-26 03:44:56,241 - Indexer - INFO - Successfully stored metadata for https://www.reddit.com/login/ at s3://web-crawler-data-storage/metadata/2025/04/26/686b8a13c276555c1986636287e1b566.json
2025-04-26 03:44:56,241 - Indexer - INFO - Stored processed text for https://www.reddit.com/login/ with result: s3
2025-04-26 03:44:56,337 - Indexer - INFO - Successfully indexed https://www.reddit.com/login/
2025-04-26 03:44:56,337 - Indexer - INFO - Extracted 3 keywords
2025-04-27 02:55:42,988 - Indexer - INFO - Enhanced Indexer node started with rank 4 of 5
2025-04-27 02:55:42,988 - Indexer - INFO - Loaded AWS configuration from aws_config.json
2025-04-27 02:55:43,010 - Indexer - INFO - Found credentials in shared credentials file: ~/.aws/credentials
2025-04-27 02:55:44,244 - Indexer - INFO - Bucket web-crawler-data-storage already exists
2025-04-27 02:55:44,244 - Indexer - INFO - Successfully connected to AWS S3 in region us-east-1
2025-04-27 02:55:44,244 - Indexer - INFO - CloudStorage initialized for data persistence
2025-04-27 02:55:50,358 - Indexer - INFO - Successfully stored raw HTML for https://donate.wikimedia.org/?wmf_source=donate&wmf_medium=sidebar&wmf_campaign=bn.wikipedia.org&uselang=en at s3://web-crawler-data-storage/raw_html/2025/04/27/7fca22b48917b4125fbee5e7e57d65e0.html
2025-04-27 02:55:50,358 - Indexer - INFO - Stored raw HTML for https://donate.wikimedia.org/?wmf_source=donate&wmf_medium=sidebar&wmf_campaign=bn.wikipedia.org&uselang=en with result: s3
2025-04-27 02:55:50,813 - Indexer - INFO - Successfully stored processed text for https://donate.wikimedia.org/?wmf_source=donate&wmf_medium=sidebar&wmf_campaign=bn.wikipedia.org&uselang=en at s3://web-crawler-data-storage/processed_text/2025/04/27/7fca22b48917b4125fbee5e7e57d65e0.txt
2025-04-27 02:55:51,158 - Indexer - INFO - Successfully stored metadata for https://donate.wikimedia.org/?wmf_source=donate&wmf_medium=sidebar&wmf_campaign=bn.wikipedia.org&uselang=en at s3://web-crawler-data-storage/metadata/2025/04/27/7fca22b48917b4125fbee5e7e57d65e0.json
2025-04-27 02:55:51,166 - Indexer - INFO - Stored processed text for https://donate.wikimedia.org/?wmf_source=donate&wmf_medium=sidebar&wmf_campaign=bn.wikipedia.org&uselang=en with result: s3
2025-04-27 02:55:51,363 - Indexer - INFO - Successfully indexed https://donate.wikimedia.org/?wmf_source=donate&wmf_medium=sidebar&wmf_campaign=bn.wikipedia.org&uselang=en
2025-04-27 02:55:51,363 - Indexer - INFO - Extracted 10 keywords
2025-04-27 02:55:53,133 - Indexer - INFO - Successfully stored raw HTML for https://stackoverflow.blog/ at s3://web-crawler-data-storage/raw_html/2025/04/27/9ddad477209d95b77c290fbf40ec7626.html
2025-04-27 02:55:53,133 - Indexer - INFO - Stored raw HTML for https://stackoverflow.blog/ with result: s3
2025-04-27 02:55:53,546 - Indexer - INFO - Successfully stored processed text for https://stackoverflow.blog/ at s3://web-crawler-data-storage/processed_text/2025/04/27/9ddad477209d95b77c290fbf40ec7626.txt
2025-04-27 02:55:53,925 - Indexer - INFO - Successfully stored metadata for https://stackoverflow.blog/ at s3://web-crawler-data-storage/metadata/2025/04/27/9ddad477209d95b77c290fbf40ec7626.json
2025-04-27 02:55:53,925 - Indexer - INFO - Stored processed text for https://stackoverflow.blog/ with result: s3
2025-04-27 02:55:54,019 - Indexer - INFO - Successfully indexed https://stackoverflow.blog/
2025-04-27 02:55:54,019 - Indexer - INFO - Extracted 10 keywords
2025-04-27 02:55:55,238 - Indexer - INFO - Successfully stored raw HTML for https://ar.wikipedia.org/wiki/%D9%82%D8%A7%D8%A6%D9%85%D8%A9_%D8%AA%D8%B7%D8%A8%D9%8A%D9%82%D8%A7%D8%AA_%D9%88%D9%8A%D9%83%D9%8A%D8%A8%D9%8A%D8%AF%D9%8A%D8%A7_%D9%84%D9%84%D9%87%D8%A7%D8%AA%D9%81 at s3://web-crawler-data-storage/raw_html/2025/04/27/859cc6e871b0d27d611b40f8a1875637.html
2025-04-27 02:55:55,238 - Indexer - INFO - Stored raw HTML for https://ar.wikipedia.org/wiki/%D9%82%D8%A7%D8%A6%D9%85%D8%A9_%D8%AA%D8%B7%D8%A8%D9%8A%D9%82%D8%A7%D8%AA_%D9%88%D9%8A%D9%83%D9%8A%D8%A8%D9%8A%D8%AF%D9%8A%D8%A7_%D9%84%D9%84%D9%87%D8%A7%D8%AA%D9%81 with result: s3
2025-04-27 02:55:55,615 - Indexer - INFO - Successfully stored processed text for https://ar.wikipedia.org/wiki/%D9%82%D8%A7%D8%A6%D9%85%D8%A9_%D8%AA%D8%B7%D8%A8%D9%8A%D9%82%D8%A7%D8%AA_%D9%88%D9%8A%D9%83%D9%8A%D8%A8%D9%8A%D8%AF%D9%8A%D8%A7_%D9%84%D9%84%D9%87%D8%A7%D8%AA%D9%81 at s3://web-crawler-data-storage/processed_text/2025/04/27/859cc6e871b0d27d611b40f8a1875637.txt
2025-04-27 02:55:56,064 - Indexer - INFO - Successfully stored metadata for https://ar.wikipedia.org/wiki/%D9%82%D8%A7%D8%A6%D9%85%D8%A9_%D8%AA%D8%B7%D8%A8%D9%8A%D9%82%D8%A7%D8%AA_%D9%88%D9%8A%D9%83%D9%8A%D8%A8%D9%8A%D8%AF%D9%8A%D8%A7_%D9%84%D9%84%D9%87%D8%A7%D8%AA%D9%81 at s3://web-crawler-data-storage/metadata/2025/04/27/859cc6e871b0d27d611b40f8a1875637.json
2025-04-27 02:55:56,064 - Indexer - INFO - Stored processed text for https://ar.wikipedia.org/wiki/%D9%82%D8%A7%D8%A6%D9%85%D8%A9_%D8%AA%D8%B7%D8%A8%D9%8A%D9%82%D8%A7%D8%AA_%D9%88%D9%8A%D9%83%D9%8A%D8%A8%D9%8A%D8%AF%D9%8A%D8%A7_%D9%84%D9%84%D9%87%D8%A7%D8%AA%D9%81 with result: s3
2025-04-27 02:55:58,369 - Indexer - INFO - Successfully indexed https://ar.wikipedia.org/wiki/%D9%82%D8%A7%D8%A6%D9%85%D8%A9_%D8%AA%D8%B7%D8%A8%D9%8A%D9%82%D8%A7%D8%AA_%D9%88%D9%8A%D9%83%D9%8A%D8%A8%D9%8A%D8%AF%D9%8A%D8%A7_%D9%84%D9%84%D9%87%D8%A7%D8%AA%D9%81
2025-04-27 02:55:58,369 - Indexer - INFO - Extracted 10 keywords
2025-04-27 02:55:59,959 - Indexer - INFO - Successfully stored raw HTML for https://stackoverflow.co/advertising/resources/ at s3://web-crawler-data-storage/raw_html/2025/04/27/0900f2834bf3303e0227ecb9ddff320b.html
2025-04-27 02:55:59,959 - Indexer - INFO - Stored raw HTML for https://stackoverflow.co/advertising/resources/ with result: s3
2025-04-27 02:56:00,326 - Indexer - INFO - Successfully stored processed text for https://stackoverflow.co/advertising/resources/ at s3://web-crawler-data-storage/processed_text/2025/04/27/0900f2834bf3303e0227ecb9ddff320b.txt
2025-04-27 02:56:00,649 - Indexer - INFO - Successfully stored metadata for https://stackoverflow.co/advertising/resources/ at s3://web-crawler-data-storage/metadata/2025/04/27/0900f2834bf3303e0227ecb9ddff320b.json
2025-04-27 02:56:00,649 - Indexer - INFO - Stored processed text for https://stackoverflow.co/advertising/resources/ with result: s3
2025-04-27 02:56:00,887 - Indexer - INFO - Successfully indexed https://stackoverflow.co/advertising/resources/
2025-04-27 02:56:00,887 - Indexer - INFO - Extracted 10 keywords
2025-04-27 02:56:01,564 - Indexer - INFO - Successfully stored raw HTML for https://foundation.wikimedia.org/wiki/Policy:Donor_privacy_policy/Supplement at s3://web-crawler-data-storage/raw_html/2025/04/27/8e9f6a05ce0a19e369efc8459bc2cadf.html
2025-04-27 02:56:01,564 - Indexer - INFO - Stored raw HTML for https://foundation.wikimedia.org/wiki/Policy:Donor_privacy_policy/Supplement with result: s3
2025-04-27 02:56:01,925 - Indexer - INFO - Successfully stored processed text for https://foundation.wikimedia.org/wiki/Policy:Donor_privacy_policy/Supplement at s3://web-crawler-data-storage/processed_text/2025/04/27/8e9f6a05ce0a19e369efc8459bc2cadf.txt
2025-04-27 02:56:02,428 - Indexer - INFO - Successfully stored metadata for https://foundation.wikimedia.org/wiki/Policy:Donor_privacy_policy/Supplement at s3://web-crawler-data-storage/metadata/2025/04/27/8e9f6a05ce0a19e369efc8459bc2cadf.json
2025-04-27 02:56:02,428 - Indexer - INFO - Stored processed text for https://foundation.wikimedia.org/wiki/Policy:Donor_privacy_policy/Supplement with result: s3
2025-04-27 02:56:02,543 - Indexer - INFO - Successfully indexed https://foundation.wikimedia.org/wiki/Policy:Donor_privacy_policy/Supplement
2025-04-27 02:56:02,543 - Indexer - INFO - Extracted 10 keywords
2025-04-27 02:56:04,402 - Indexer - INFO - Successfully stored raw HTML for https://www.wikipedia.org at s3://web-crawler-data-storage/raw_html/2025/04/27/8d1d8a3956ab5668e1da4e3e7f856f08.html
2025-04-27 02:56:04,402 - Indexer - INFO - Stored raw HTML for https://www.wikipedia.org with result: s3
2025-04-27 02:56:04,765 - Indexer - INFO - Successfully stored processed text for https://www.wikipedia.org at s3://web-crawler-data-storage/processed_text/2025/04/27/8d1d8a3956ab5668e1da4e3e7f856f08.txt
2025-04-27 02:56:05,137 - Indexer - INFO - Successfully stored metadata for https://www.wikipedia.org at s3://web-crawler-data-storage/metadata/2025/04/27/8d1d8a3956ab5668e1da4e3e7f856f08.json
2025-04-27 02:56:05,137 - Indexer - INFO - Stored processed text for https://www.wikipedia.org with result: s3
2025-04-27 02:56:05,260 - Indexer - INFO - Successfully indexed https://www.wikipedia.org
2025-04-27 02:56:05,260 - Indexer - INFO - Extracted 10 keywords
2025-04-27 02:56:06,295 - Indexer - INFO - Successfully stored raw HTML for https://foundation.wikimedia.org/wiki/Special:LandingCheck?landing_page=Donor_privacy_policy&basic=true&language=en at s3://web-crawler-data-storage/raw_html/2025/04/27/8549b83fb76c34bd8ce8ab273b544a69.html
2025-04-27 02:56:06,303 - Indexer - INFO - Stored raw HTML for https://foundation.wikimedia.org/wiki/Special:LandingCheck?landing_page=Donor_privacy_policy&basic=true&language=en with result: s3
2025-04-27 02:56:06,610 - Indexer - INFO - Successfully stored processed text for https://foundation.wikimedia.org/wiki/Special:LandingCheck?landing_page=Donor_privacy_policy&basic=true&language=en at s3://web-crawler-data-storage/processed_text/2025/04/27/8549b83fb76c34bd8ce8ab273b544a69.txt
2025-04-27 02:56:06,990 - Indexer - INFO - Successfully stored metadata for https://foundation.wikimedia.org/wiki/Special:LandingCheck?landing_page=Donor_privacy_policy&basic=true&language=en at s3://web-crawler-data-storage/metadata/2025/04/27/8549b83fb76c34bd8ce8ab273b544a69.json
2025-04-27 02:56:06,990 - Indexer - INFO - Stored processed text for https://foundation.wikimedia.org/wiki/Special:LandingCheck?landing_page=Donor_privacy_policy&basic=true&language=en with result: s3
2025-04-27 02:56:07,171 - Indexer - INFO - Successfully indexed https://foundation.wikimedia.org/wiki/Special:LandingCheck?landing_page=Donor_privacy_policy&basic=true&language=en
2025-04-27 02:56:07,172 - Indexer - INFO - Extracted 10 keywords
2025-04-27 02:56:08,209 - Indexer - INFO - Successfully stored raw HTML for https://az.wikipedia.org/wiki/Vikipediya_mobil_t%C9%99tbiql%C9%99rinin_siyah%C4%B1s%C4%B1 at s3://web-crawler-data-storage/raw_html/2025/04/27/4e4383666f271d6d881d5877a20ae938.html
2025-04-27 02:56:08,209 - Indexer - INFO - Stored raw HTML for https://az.wikipedia.org/wiki/Vikipediya_mobil_t%C9%99tbiql%C9%99rinin_siyah%C4%B1s%C4%B1 with result: s3
2025-04-27 02:56:08,506 - Indexer - INFO - Successfully stored processed text for https://az.wikipedia.org/wiki/Vikipediya_mobil_t%C9%99tbiql%C9%99rinin_siyah%C4%B1s%C4%B1 at s3://web-crawler-data-storage/processed_text/2025/04/27/4e4383666f271d6d881d5877a20ae938.txt
2025-04-27 02:56:08,843 - Indexer - INFO - Successfully stored metadata for https://az.wikipedia.org/wiki/Vikipediya_mobil_t%C9%99tbiql%C9%99rinin_siyah%C4%B1s%C4%B1 at s3://web-crawler-data-storage/metadata/2025/04/27/4e4383666f271d6d881d5877a20ae938.json
2025-04-27 02:56:08,843 - Indexer - INFO - Stored processed text for https://az.wikipedia.org/wiki/Vikipediya_mobil_t%C9%99tbiql%C9%99rinin_siyah%C4%B1s%C4%B1 with result: s3
2025-04-27 02:56:11,530 - Indexer - INFO - Successfully indexed https://az.wikipedia.org/wiki/Vikipediya_mobil_t%C9%99tbiql%C9%99rinin_siyah%C4%B1s%C4%B1
2025-04-27 02:56:11,530 - Indexer - INFO - Extracted 10 keywords
2025-04-27 02:56:14,248 - Indexer - INFO - Successfully stored raw HTML for https://itunes.apple.com/app/apple-store/id324715238?pt=208305&ct=portal&mt=8 at s3://web-crawler-data-storage/raw_html/2025/04/27/4ab61f2e1910f4ba05089d1f2e2e5e61.html
2025-04-27 02:56:14,248 - Indexer - INFO - Stored raw HTML for https://itunes.apple.com/app/apple-store/id324715238?pt=208305&ct=portal&mt=8 with result: s3
2025-04-27 02:56:14,667 - Indexer - INFO - Successfully stored processed text for https://itunes.apple.com/app/apple-store/id324715238?pt=208305&ct=portal&mt=8 at s3://web-crawler-data-storage/processed_text/2025/04/27/4ab61f2e1910f4ba05089d1f2e2e5e61.txt
2025-04-27 02:56:15,105 - Indexer - INFO - Successfully stored metadata for https://itunes.apple.com/app/apple-store/id324715238?pt=208305&ct=portal&mt=8 at s3://web-crawler-data-storage/metadata/2025/04/27/4ab61f2e1910f4ba05089d1f2e2e5e61.json
2025-04-27 02:56:15,105 - Indexer - INFO - Stored processed text for https://itunes.apple.com/app/apple-store/id324715238?pt=208305&ct=portal&mt=8 with result: s3
2025-04-27 02:56:15,337 - Indexer - INFO - Successfully indexed https://itunes.apple.com/app/apple-store/id324715238?pt=208305&ct=portal&mt=8
2025-04-27 02:56:15,337 - Indexer - INFO - Extracted 10 keywords
2025-04-27 02:56:15,751 - Indexer - INFO - Successfully stored raw HTML for http://example.com/page_3_0 at s3://web-crawler-data-storage/raw_html/2025/04/27/a9915e4e501d96d5de96719b4b3ca5e4.html
2025-04-27 02:56:15,751 - Indexer - INFO - Stored raw HTML for http://example.com/page_3_0 with result: s3
2025-04-27 02:56:16,654 - Indexer - INFO - Successfully stored processed text for http://example.com/page_3_0 at s3://web-crawler-data-storage/processed_text/2025/04/27/a9915e4e501d96d5de96719b4b3ca5e4.txt
2025-04-27 02:56:17,256 - Indexer - INFO - Successfully stored metadata for http://example.com/page_3_0 at s3://web-crawler-data-storage/metadata/2025/04/27/a9915e4e501d96d5de96719b4b3ca5e4.json
2025-04-27 02:56:17,256 - Indexer - INFO - Stored processed text for http://example.com/page_3_0 with result: s3
2025-04-27 02:56:17,396 - Indexer - INFO - Successfully indexed http://example.com/page_3_0
2025-04-27 02:56:17,396 - Indexer - INFO - Extracted 10 keywords
2025-04-27 02:56:19,688 - Indexer - INFO - Successfully stored raw HTML for https://diff.wikimedia.org/calendar at s3://web-crawler-data-storage/raw_html/2025/04/27/8c2309c1f6b63c6c1f0dcc3b621bfdde.html
2025-04-27 02:56:19,688 - Indexer - INFO - Stored raw HTML for https://diff.wikimedia.org/calendar with result: s3
2025-04-27 02:56:20,004 - Indexer - INFO - Successfully stored processed text for https://diff.wikimedia.org/calendar at s3://web-crawler-data-storage/processed_text/2025/04/27/8c2309c1f6b63c6c1f0dcc3b621bfdde.txt
2025-04-27 02:56:20,380 - Indexer - INFO - Successfully stored metadata for https://diff.wikimedia.org/calendar at s3://web-crawler-data-storage/metadata/2025/04/27/8c2309c1f6b63c6c1f0dcc3b621bfdde.json
2025-04-27 02:56:20,380 - Indexer - INFO - Stored processed text for https://diff.wikimedia.org/calendar with result: s3
2025-04-27 02:56:20,481 - Indexer - INFO - Successfully indexed https://diff.wikimedia.org/calendar
2025-04-27 02:56:20,481 - Indexer - INFO - Extracted 10 keywords
2025-04-27 02:56:20,901 - Indexer - INFO - Successfully stored raw HTML for https://www.iana.org/domains/example at s3://web-crawler-data-storage/raw_html/2025/04/27/5c36633c263ae91d241cfd357fa5f04e.html
2025-04-27 02:56:20,901 - Indexer - INFO - Stored raw HTML for https://www.iana.org/domains/example with result: s3
2025-04-27 02:56:21,255 - Indexer - INFO - Successfully stored processed text for https://www.iana.org/domains/example at s3://web-crawler-data-storage/processed_text/2025/04/27/5c36633c263ae91d241cfd357fa5f04e.txt
2025-04-27 02:56:21,552 - Indexer - INFO - Successfully stored metadata for https://www.iana.org/domains/example at s3://web-crawler-data-storage/metadata/2025/04/27/5c36633c263ae91d241cfd357fa5f04e.json
2025-04-27 02:56:21,552 - Indexer - INFO - Stored processed text for https://www.iana.org/domains/example with result: s3
2025-04-27 02:56:21,691 - Indexer - INFO - Successfully indexed https://www.iana.org/domains/example
2025-04-27 02:56:21,691 - Indexer - INFO - Extracted 10 keywords
2025-04-27 02:56:22,924 - Indexer - INFO - Successfully stored raw HTML for https://diff.wikimedia.org/ at s3://web-crawler-data-storage/raw_html/2025/04/27/11abaff3a46ac02a53b239135eb20e5c.html
2025-04-27 02:56:22,924 - Indexer - INFO - Stored raw HTML for https://diff.wikimedia.org/ with result: s3
2025-04-27 02:56:23,373 - Indexer - INFO - Successfully stored processed text for https://diff.wikimedia.org/ at s3://web-crawler-data-storage/processed_text/2025/04/27/11abaff3a46ac02a53b239135eb20e5c.txt
2025-04-27 02:56:23,730 - Indexer - INFO - Successfully stored metadata for https://diff.wikimedia.org/ at s3://web-crawler-data-storage/metadata/2025/04/27/11abaff3a46ac02a53b239135eb20e5c.json
2025-04-27 02:56:23,730 - Indexer - INFO - Stored processed text for https://diff.wikimedia.org/ with result: s3
2025-04-27 02:56:26,408 - Indexer - INFO - Successfully indexed https://diff.wikimedia.org/
2025-04-27 02:56:26,408 - Indexer - INFO - Extracted 10 keywords
2025-04-27 02:56:27,964 - Indexer - INFO - Successfully stored raw HTML for https://github.com/security/advanced-security at s3://web-crawler-data-storage/raw_html/2025/04/27/1fe3a393f05c47bb0a664cde7f830a83.html
2025-04-27 02:56:27,964 - Indexer - INFO - Stored raw HTML for https://github.com/security/advanced-security with result: s3
2025-04-27 02:56:28,334 - Indexer - INFO - Successfully stored processed text for https://github.com/security/advanced-security at s3://web-crawler-data-storage/processed_text/2025/04/27/1fe3a393f05c47bb0a664cde7f830a83.txt
2025-04-27 02:56:28,819 - Indexer - INFO - Successfully stored metadata for https://github.com/security/advanced-security at s3://web-crawler-data-storage/metadata/2025/04/27/1fe3a393f05c47bb0a664cde7f830a83.json
2025-04-27 02:56:28,819 - Indexer - INFO - Stored processed text for https://github.com/security/advanced-security with result: s3
2025-04-27 02:56:29,075 - Indexer - INFO - Successfully indexed https://github.com/security/advanced-security
2025-04-27 02:56:29,075 - Indexer - INFO - Extracted 10 keywords
2025-04-27 02:56:29,958 - Indexer - INFO - Successfully stored raw HTML for https://www.python.org at s3://web-crawler-data-storage/raw_html/2025/04/27/c137682bbb0946674f25d1d4bd9e07a0.html
2025-04-27 02:56:29,958 - Indexer - INFO - Stored raw HTML for https://www.python.org with result: s3
2025-04-27 02:56:30,295 - Indexer - INFO - Successfully stored processed text for https://www.python.org at s3://web-crawler-data-storage/processed_text/2025/04/27/c137682bbb0946674f25d1d4bd9e07a0.txt
2025-04-27 02:56:30,818 - Indexer - INFO - Successfully stored metadata for https://www.python.org at s3://web-crawler-data-storage/metadata/2025/04/27/c137682bbb0946674f25d1d4bd9e07a0.json
2025-04-27 02:56:30,818 - Indexer - INFO - Stored processed text for https://www.python.org with result: s3
2025-04-27 02:56:30,944 - Indexer - INFO - Successfully indexed https://www.python.org
2025-04-27 02:56:30,945 - Indexer - INFO - Extracted 10 keywords
2025-04-27 02:56:31,692 - Indexer - INFO - Successfully stored raw HTML for https://donate.wikimedia.org/wiki/Special:LandingCheck?landing_page=Problems_donating&basic=true&language=en at s3://web-crawler-data-storage/raw_html/2025/04/27/8742febe1601068a84be5d08dacc962c.html
2025-04-27 02:56:31,693 - Indexer - INFO - Stored raw HTML for https://donate.wikimedia.org/wiki/Special:LandingCheck?landing_page=Problems_donating&basic=true&language=en with result: s3
2025-04-27 02:56:32,104 - Indexer - INFO - Successfully stored processed text for https://donate.wikimedia.org/wiki/Special:LandingCheck?landing_page=Problems_donating&basic=true&language=en at s3://web-crawler-data-storage/processed_text/2025/04/27/8742febe1601068a84be5d08dacc962c.txt
2025-04-27 02:56:32,466 - Indexer - INFO - Successfully stored metadata for https://donate.wikimedia.org/wiki/Special:LandingCheck?landing_page=Problems_donating&basic=true&language=en at s3://web-crawler-data-storage/metadata/2025/04/27/8742febe1601068a84be5d08dacc962c.json
2025-04-27 02:56:32,466 - Indexer - INFO - Stored processed text for https://donate.wikimedia.org/wiki/Special:LandingCheck?landing_page=Problems_donating&basic=true&language=en with result: s3
2025-04-27 02:56:32,666 - Indexer - INFO - Successfully indexed https://donate.wikimedia.org/wiki/Special:LandingCheck?landing_page=Problems_donating&basic=true&language=en
2025-04-27 02:56:32,666 - Indexer - INFO - Extracted 10 keywords
2025-04-27 02:56:33,544 - Indexer - INFO - Successfully stored raw HTML for https://cs.wikipedia.org/wiki/Seznam_mobiln%C3%ADch_aplikac%C3%AD_Wikipedie at s3://web-crawler-data-storage/raw_html/2025/04/27/79ae30ff97ff6e1e814e1b144589a899.html
2025-04-27 02:56:33,544 - Indexer - INFO - Stored raw HTML for https://cs.wikipedia.org/wiki/Seznam_mobiln%C3%ADch_aplikac%C3%AD_Wikipedie with result: s3
2025-04-27 02:56:33,855 - Indexer - INFO - Successfully stored processed text for https://cs.wikipedia.org/wiki/Seznam_mobiln%C3%ADch_aplikac%C3%AD_Wikipedie at s3://web-crawler-data-storage/processed_text/2025/04/27/79ae30ff97ff6e1e814e1b144589a899.txt
2025-04-27 02:56:34,234 - Indexer - INFO - Successfully stored metadata for https://cs.wikipedia.org/wiki/Seznam_mobiln%C3%ADch_aplikac%C3%AD_Wikipedie at s3://web-crawler-data-storage/metadata/2025/04/27/79ae30ff97ff6e1e814e1b144589a899.json
2025-04-27 02:56:34,234 - Indexer - INFO - Stored processed text for https://cs.wikipedia.org/wiki/Seznam_mobiln%C3%ADch_aplikac%C3%AD_Wikipedie with result: s3
2025-04-27 02:56:34,415 - Indexer - INFO - Successfully indexed https://cs.wikipedia.org/wiki/Seznam_mobiln%C3%ADch_aplikac%C3%AD_Wikipedie
2025-04-27 02:56:34,416 - Indexer - INFO - Extracted 10 keywords
2025-04-27 02:56:36,576 - Indexer - INFO - Successfully stored raw HTML for https://diff.wikimedia.org/category/technology/ at s3://web-crawler-data-storage/raw_html/2025/04/27/08041bbb9cb102e8aba3cadc6f67e86c.html
2025-04-27 02:56:36,576 - Indexer - INFO - Stored raw HTML for https://diff.wikimedia.org/category/technology/ with result: s3
2025-04-27 02:56:36,900 - Indexer - INFO - Successfully stored processed text for https://diff.wikimedia.org/category/technology/ at s3://web-crawler-data-storage/processed_text/2025/04/27/08041bbb9cb102e8aba3cadc6f67e86c.txt
2025-04-27 02:56:37,283 - Indexer - INFO - Successfully stored metadata for https://diff.wikimedia.org/category/technology/ at s3://web-crawler-data-storage/metadata/2025/04/27/08041bbb9cb102e8aba3cadc6f67e86c.json
2025-04-27 02:56:37,283 - Indexer - INFO - Stored processed text for https://diff.wikimedia.org/category/technology/ with result: s3
2025-04-27 02:56:40,230 - Indexer - INFO - Successfully indexed https://diff.wikimedia.org/category/technology/
2025-04-27 02:56:40,230 - Indexer - INFO - Extracted 10 keywords
2025-04-27 02:56:41,846 - Indexer - INFO - Successfully stored raw HTML for https://www.github.com at s3://web-crawler-data-storage/raw_html/2025/04/27/1895ab41ad3a81f6fd0a194bbc337a22.html
2025-04-27 02:56:41,846 - Indexer - INFO - Stored raw HTML for https://www.github.com with result: s3
2025-04-27 02:56:42,361 - Indexer - INFO - Successfully stored processed text for https://www.github.com at s3://web-crawler-data-storage/processed_text/2025/04/27/1895ab41ad3a81f6fd0a194bbc337a22.txt
2025-04-27 02:56:42,730 - Indexer - INFO - Successfully stored metadata for https://www.github.com at s3://web-crawler-data-storage/metadata/2025/04/27/1895ab41ad3a81f6fd0a194bbc337a22.json
2025-04-27 02:56:42,730 - Indexer - INFO - Stored processed text for https://www.github.com with result: s3
2025-04-27 02:56:42,921 - Indexer - INFO - Successfully indexed https://www.github.com
2025-04-27 02:56:42,921 - Indexer - INFO - Extracted 10 keywords
2025-04-27 02:56:45,086 - Indexer - INFO - Successfully stored raw HTML for https://stackoverflow.co/teams/?utm_source=so-owned&utm_medium=blog&utm_campaign=nav-side-bar at s3://web-crawler-data-storage/raw_html/2025/04/27/0dfe3c5f9ba316f505109106159409f2.html
2025-04-27 02:56:45,086 - Indexer - INFO - Stored raw HTML for https://stackoverflow.co/teams/?utm_source=so-owned&utm_medium=blog&utm_campaign=nav-side-bar with result: s3
2025-04-27 02:56:45,414 - Indexer - INFO - Successfully stored processed text for https://stackoverflow.co/teams/?utm_source=so-owned&utm_medium=blog&utm_campaign=nav-side-bar at s3://web-crawler-data-storage/processed_text/2025/04/27/0dfe3c5f9ba316f505109106159409f2.txt
2025-04-27 02:56:45,927 - Indexer - INFO - Successfully stored metadata for https://stackoverflow.co/teams/?utm_source=so-owned&utm_medium=blog&utm_campaign=nav-side-bar at s3://web-crawler-data-storage/metadata/2025/04/27/0dfe3c5f9ba316f505109106159409f2.json
2025-04-27 02:56:45,927 - Indexer - INFO - Stored processed text for https://stackoverflow.co/teams/?utm_source=so-owned&utm_medium=blog&utm_campaign=nav-side-bar with result: s3
2025-04-27 02:56:46,067 - Indexer - INFO - Successfully indexed https://stackoverflow.co/teams/?utm_source=so-owned&utm_medium=blog&utm_campaign=nav-side-bar
2025-04-27 02:56:46,068 - Indexer - INFO - Extracted 10 keywords
2025-04-27 02:56:47,083 - Indexer - INFO - Successfully stored raw HTML for https://stackoverflowteams.help/en/collections/4145545-enterprise at s3://web-crawler-data-storage/raw_html/2025/04/27/6cae8c515caf1eda6ad3db5f24650e72.html
2025-04-27 02:56:47,083 - Indexer - INFO - Stored raw HTML for https://stackoverflowteams.help/en/collections/4145545-enterprise with result: s3
2025-04-27 02:56:47,443 - Indexer - INFO - Successfully stored processed text for https://stackoverflowteams.help/en/collections/4145545-enterprise at s3://web-crawler-data-storage/processed_text/2025/04/27/6cae8c515caf1eda6ad3db5f24650e72.txt
2025-04-27 02:56:47,748 - Indexer - INFO - Successfully stored metadata for https://stackoverflowteams.help/en/collections/4145545-enterprise at s3://web-crawler-data-storage/metadata/2025/04/27/6cae8c515caf1eda6ad3db5f24650e72.json
2025-04-27 02:56:47,748 - Indexer - INFO - Stored processed text for https://stackoverflowteams.help/en/collections/4145545-enterprise with result: s3
2025-04-27 02:56:47,884 - Indexer - INFO - Successfully indexed https://stackoverflowteams.help/en/collections/4145545-enterprise
2025-04-27 02:56:47,888 - Indexer - INFO - Extracted 10 keywords
2025-04-27 02:56:48,421 - Indexer - INFO - Successfully stored raw HTML for https://stackoverflowteams.help/en/collections/7850240-stack-overflow-for-teams-university at s3://web-crawler-data-storage/raw_html/2025/04/27/c47e0d1664012dad88167c30d5cbccfc.html
2025-04-27 02:56:48,421 - Indexer - INFO - Stored raw HTML for https://stackoverflowteams.help/en/collections/7850240-stack-overflow-for-teams-university with result: s3
2025-04-27 02:56:48,998 - Indexer - INFO - Successfully stored processed text for https://stackoverflowteams.help/en/collections/7850240-stack-overflow-for-teams-university at s3://web-crawler-data-storage/processed_text/2025/04/27/c47e0d1664012dad88167c30d5cbccfc.txt
2025-04-27 02:56:50,235 - Indexer - INFO - Successfully stored metadata for https://stackoverflowteams.help/en/collections/7850240-stack-overflow-for-teams-university at s3://web-crawler-data-storage/metadata/2025/04/27/c47e0d1664012dad88167c30d5cbccfc.json
2025-04-27 02:56:50,235 - Indexer - INFO - Stored processed text for https://stackoverflowteams.help/en/collections/7850240-stack-overflow-for-teams-university with result: s3
2025-04-27 02:56:50,367 - Indexer - INFO - Successfully indexed https://stackoverflowteams.help/en/collections/7850240-stack-overflow-for-teams-university
2025-04-27 02:56:50,367 - Indexer - INFO - Extracted 10 keywords
2025-04-27 02:56:54,390 - Indexer - INFO - Successfully stored raw HTML for https://stackoverflow.co/advertising/use-cases/marketing-teams/ at s3://web-crawler-data-storage/raw_html/2025/04/27/16cf9776c29ab240052d6daf47e20a51.html
2025-04-27 02:56:54,390 - Indexer - INFO - Stored raw HTML for https://stackoverflow.co/advertising/use-cases/marketing-teams/ with result: s3
2025-04-27 02:56:54,781 - Indexer - INFO - Successfully stored processed text for https://stackoverflow.co/advertising/use-cases/marketing-teams/ at s3://web-crawler-data-storage/processed_text/2025/04/27/16cf9776c29ab240052d6daf47e20a51.txt
2025-04-27 02:56:55,200 - Indexer - INFO - Successfully stored metadata for https://stackoverflow.co/advertising/use-cases/marketing-teams/ at s3://web-crawler-data-storage/metadata/2025/04/27/16cf9776c29ab240052d6daf47e20a51.json
2025-04-27 02:56:55,200 - Indexer - INFO - Stored processed text for https://stackoverflow.co/advertising/use-cases/marketing-teams/ with result: s3
2025-04-27 02:56:57,851 - Indexer - INFO - Successfully indexed https://stackoverflow.co/advertising/use-cases/marketing-teams/
2025-04-27 02:56:57,851 - Indexer - INFO - Extracted 10 keywords
2025-04-27 02:56:57,953 - Indexer - WARNING - Indexer received message with unknown format
2025-04-28 00:10:01,872 - Indexer - INFO - Enhanced Indexer node started with rank 4 of 5
2025-04-28 00:10:01,880 - Indexer - INFO - Found credentials in shared credentials file: ~/.aws/credentials
2025-04-28 00:10:03,890 - Indexer - ERROR - Error checking bucket: An error occurred (403) when calling the HeadBucket operation: Forbidden
2025-04-28 00:10:03,890 - Indexer - WARNING - Failed to initialize S3, falling back to local storage: An error occurred (403) when calling the HeadBucket operation: Forbidden
2025-04-28 00:10:03,907 - Indexer - INFO - CloudStorage initialized for data persistence
2025-04-28 00:10:03,948 - Indexer - INFO - Indexer received shutdown signal. Generating final statistics...
2025-04-28 00:10:03,965 - Indexer - INFO - Final Index Statistics:
2025-04-28 00:10:03,965 - Indexer - INFO - Total documents indexed: 53
2025-04-28 00:10:03,965 - Indexer - INFO - Total unique URLs processed: 0
2025-04-28 00:10:03,965 - Indexer - INFO - 
Example Search Results:
2025-04-28 00:10:03,972 - Indexer - INFO - 
Query: python AND programming
2025-04-28 00:10:03,972 - Indexer - INFO - Found 4 results
2025-04-28 00:10:03,980 - Indexer - INFO - 
Query: title:github
2025-04-28 00:10:03,980 - Indexer - INFO - Found 0 results
2025-04-28 00:10:03,989 - Indexer - INFO - 
Query: "open source"
2025-04-28 00:10:03,989 - Indexer - INFO - Found 12 results
2025-04-28 00:10:03,997 - Indexer - INFO - 
Query: content:machine learning
2025-04-28 00:10:03,997 - Indexer - INFO - Found 5 results
2025-04-28 00:21:00,244 - Indexer - INFO - Enhanced Indexer node started with rank 4 of 5
2025-04-28 00:21:00,258 - Indexer - INFO - Found credentials in shared credentials file: ~/.aws/credentials
2025-04-28 00:21:04,805 - Indexer - ERROR - Error checking bucket: An error occurred (403) when calling the HeadBucket operation: Forbidden
2025-04-28 00:21:04,805 - Indexer - WARNING - Failed to initialize S3, falling back to local storage: An error occurred (403) when calling the HeadBucket operation: Forbidden
2025-04-28 00:21:04,805 - Indexer - INFO - CloudStorage initialized for data persistence
2025-04-28 00:22:20,551 - Indexer - INFO - Enhanced Indexer node started with rank 4 of 5
2025-04-28 00:22:20,575 - Indexer - INFO - Found credentials in shared credentials file: ~/.aws/credentials
2025-04-28 00:22:22,618 - Indexer - ERROR - Error checking bucket: An error occurred (403) when calling the HeadBucket operation: Forbidden
2025-04-28 00:22:22,618 - Indexer - WARNING - Failed to initialize S3, falling back to local storage: An error occurred (403) when calling the HeadBucket operation: Forbidden
2025-04-28 00:22:22,618 - Indexer - INFO - CloudStorage initialized for data persistence
2025-04-28 00:24:51,267 - Indexer - INFO - Enhanced Indexer node started with rank 4 of 5
2025-04-28 00:24:51,289 - Indexer - INFO - Found credentials in shared credentials file: ~/.aws/credentials
2025-04-28 00:25:00,911 - Indexer - ERROR - Error checking bucket: An error occurred (403) when calling the HeadBucket operation: Forbidden
2025-04-28 00:25:00,911 - Indexer - WARNING - Failed to initialize S3, falling back to local storage: An error occurred (403) when calling the HeadBucket operation: Forbidden
2025-04-28 00:25:00,911 - Indexer - INFO - CloudStorage initialized for data persistence
2025-04-28 23:47:32,521 - Indexer - INFO - Enhanced Indexer node started with rank 4 of 5
2025-04-28 23:47:32,540 - Indexer - INFO - Found credentials in shared credentials file: ~/.aws/credentials
2025-04-28 23:47:33,805 - Indexer - ERROR - Error checking bucket: An error occurred (403) when calling the HeadBucket operation: Forbidden
2025-04-28 23:47:33,806 - Indexer - WARNING - Failed to initialize S3, falling back to local storage: An error occurred (403) when calling the HeadBucket operation: Forbidden
2025-04-28 23:47:33,806 - Indexer - INFO - CloudStorage initialized for data persistence
2025-04-28 23:48:59,469 - Indexer - INFO - Indexer received shutdown signal. Generating final statistics...
2025-04-28 23:48:59,518 - Indexer - INFO - Final Index Statistics:
2025-04-28 23:48:59,518 - Indexer - INFO - Total documents indexed: 53
2025-04-28 23:48:59,518 - Indexer - INFO - Total unique URLs processed: 0
2025-04-28 23:48:59,518 - Indexer - INFO - 
Example Search Results:
2025-04-28 23:48:59,560 - Indexer - INFO - 
Query: python AND programming
2025-04-28 23:48:59,560 - Indexer - INFO - Found 4 results
2025-04-28 23:48:59,566 - Indexer - INFO - 
Query: title:github
2025-04-28 23:48:59,566 - Indexer - INFO - Found 0 results
2025-04-28 23:48:59,578 - Indexer - INFO - 
Query: "open source"
2025-04-28 23:48:59,578 - Indexer - INFO - Found 12 results
2025-04-28 23:48:59,588 - Indexer - INFO - 
Query: content:machine learning
2025-04-28 23:48:59,588 - Indexer - INFO - Found 5 results
2025-04-28 23:54:05,372 - Indexer - INFO - Enhanced Indexer node started with rank 4 of 5
2025-04-28 23:54:05,382 - Indexer - INFO - Found credentials in shared credentials file: ~/.aws/credentials
2025-04-28 23:54:06,618 - Indexer - ERROR - Error checking bucket: An error occurred (403) when calling the HeadBucket operation: Forbidden
2025-04-28 23:54:06,619 - Indexer - WARNING - Failed to initialize S3, falling back to local storage: An error occurred (403) when calling the HeadBucket operation: Forbidden
2025-04-28 23:54:06,619 - Indexer - INFO - CloudStorage initialized for data persistence
2025-04-28 23:54:06,630 - Indexer - INFO - Indexer received shutdown signal. Generating final statistics...
2025-04-28 23:54:06,638 - Indexer - INFO - Final Index Statistics:
2025-04-28 23:54:06,638 - Indexer - INFO - Total documents indexed: 53
2025-04-28 23:54:06,638 - Indexer - INFO - Total unique URLs processed: 0
2025-04-28 23:54:06,638 - Indexer - INFO - 
Example Search Results:
2025-04-28 23:54:06,655 - Indexer - INFO - 
Query: python AND programming
2025-04-28 23:54:06,656 - Indexer - INFO - Found 4 results
2025-04-28 23:54:06,659 - Indexer - INFO - 
Query: title:github
2025-04-28 23:54:06,659 - Indexer - INFO - Found 0 results
2025-04-28 23:54:06,668 - Indexer - INFO - 
Query: "open source"
2025-04-28 23:54:06,668 - Indexer - INFO - Found 12 results
2025-04-28 23:54:06,675 - Indexer - INFO - 
Query: content:machine learning
2025-04-28 23:54:06,675 - Indexer - INFO - Found 5 results
2025-04-28 23:54:38,225 - Indexer - INFO - Enhanced Indexer node started with rank 4 of 5
2025-04-28 23:54:38,236 - Indexer - INFO - Found credentials in shared credentials file: ~/.aws/credentials
2025-04-28 23:54:39,517 - Indexer - ERROR - Error checking bucket: An error occurred (403) when calling the HeadBucket operation: Forbidden
2025-04-28 23:54:39,517 - Indexer - WARNING - Failed to initialize S3, falling back to local storage: An error occurred (403) when calling the HeadBucket operation: Forbidden
2025-04-28 23:54:39,518 - Indexer - INFO - CloudStorage initialized for data persistence
2025-04-28 23:54:39,533 - Indexer - INFO - Indexer received shutdown signal. Generating final statistics...
2025-04-28 23:54:39,545 - Indexer - INFO - Final Index Statistics:
2025-04-28 23:54:39,545 - Indexer - INFO - Total documents indexed: 53
2025-04-28 23:54:39,545 - Indexer - INFO - Total unique URLs processed: 0
2025-04-28 23:54:39,545 - Indexer - INFO - 
Example Search Results:
2025-04-28 23:54:39,575 - Indexer - INFO - 
Query: python AND programming
2025-04-28 23:54:39,575 - Indexer - INFO - Found 4 results
2025-04-28 23:54:39,581 - Indexer - INFO - 
Query: title:github
2025-04-28 23:54:39,581 - Indexer - INFO - Found 0 results
2025-04-28 23:54:39,596 - Indexer - INFO - 
Query: "open source"
2025-04-28 23:54:39,596 - Indexer - INFO - Found 12 results
2025-04-28 23:54:39,611 - Indexer - INFO - 
Query: content:machine learning
2025-04-28 23:54:39,612 - Indexer - INFO - Found 5 results
2025-04-28 23:55:22,937 - Indexer - INFO - Enhanced Indexer node started with rank 4 of 5
2025-04-28 23:55:22,953 - Indexer - INFO - Found credentials in shared credentials file: ~/.aws/credentials
2025-04-28 23:55:24,318 - Indexer - ERROR - Error checking bucket: An error occurred (403) when calling the HeadBucket operation: Forbidden
2025-04-28 23:55:24,318 - Indexer - WARNING - Failed to initialize S3, falling back to local storage: An error occurred (403) when calling the HeadBucket operation: Forbidden
2025-04-28 23:55:24,318 - Indexer - INFO - CloudStorage initialized for data persistence
2025-04-28 23:55:24,329 - Indexer - INFO - Indexer received shutdown signal. Generating final statistics...
2025-04-28 23:55:24,335 - Indexer - INFO - Final Index Statistics:
2025-04-28 23:55:24,335 - Indexer - INFO - Total documents indexed: 53
2025-04-28 23:55:24,336 - Indexer - INFO - Total unique URLs processed: 0
2025-04-28 23:55:24,336 - Indexer - INFO - 
Example Search Results:
2025-04-28 23:55:24,352 - Indexer - INFO - 
Query: python AND programming
2025-04-28 23:55:24,352 - Indexer - INFO - Found 4 results
2025-04-28 23:55:24,356 - Indexer - INFO - 
Query: title:github
2025-04-28 23:55:24,356 - Indexer - INFO - Found 0 results
2025-04-28 23:55:24,365 - Indexer - INFO - 
Query: "open source"
2025-04-28 23:55:24,365 - Indexer - INFO - Found 12 results
2025-04-28 23:55:24,371 - Indexer - INFO - 
Query: content:machine learning
2025-04-28 23:55:24,371 - Indexer - INFO - Found 5 results
2025-04-28 23:56:34,047 - Indexer - INFO - Enhanced Indexer node started with rank 4 of 5
2025-04-28 23:56:34,058 - Indexer - INFO - Found credentials in shared credentials file: ~/.aws/credentials
2025-04-28 23:56:35,586 - Indexer - ERROR - Error checking bucket: An error occurred (403) when calling the HeadBucket operation: Forbidden
2025-04-28 23:56:35,587 - Indexer - WARNING - Failed to initialize S3, falling back to local storage: An error occurred (403) when calling the HeadBucket operation: Forbidden
2025-04-28 23:56:35,587 - Indexer - INFO - CloudStorage initialized for data persistence
2025-04-28 23:56:35,598 - Indexer - INFO - Indexer received shutdown signal. Generating final statistics...
2025-04-28 23:56:35,606 - Indexer - INFO - Final Index Statistics:
2025-04-28 23:56:35,606 - Indexer - INFO - Total documents indexed: 53
2025-04-28 23:56:35,606 - Indexer - INFO - Total unique URLs processed: 0
2025-04-28 23:56:35,606 - Indexer - INFO - 
Example Search Results:
2025-04-28 23:56:35,624 - Indexer - INFO - 
Query: python AND programming
2025-04-28 23:56:35,624 - Indexer - INFO - Found 4 results
2025-04-28 23:56:35,627 - Indexer - INFO - 
Query: title:github
2025-04-28 23:56:35,627 - Indexer - INFO - Found 0 results
2025-04-28 23:56:35,636 - Indexer - INFO - 
Query: "open source"
2025-04-28 23:56:35,636 - Indexer - INFO - Found 12 results
2025-04-28 23:56:35,644 - Indexer - INFO - 
Query: content:machine learning
2025-04-28 23:56:35,644 - Indexer - INFO - Found 5 results
2025-04-28 23:59:24,195 - Indexer - INFO - Enhanced Indexer node started with rank 4 of 5
2025-04-28 23:59:24,205 - Indexer - INFO - Found credentials in shared credentials file: ~/.aws/credentials
2025-04-28 23:59:26,346 - Indexer - ERROR - Error checking bucket: An error occurred (403) when calling the HeadBucket operation: Forbidden
2025-04-28 23:59:26,347 - Indexer - WARNING - Failed to initialize S3, falling back to local storage: An error occurred (403) when calling the HeadBucket operation: Forbidden
2025-04-28 23:59:26,348 - Indexer - INFO - CloudStorage initialized for data persistence
2025-04-28 23:59:26,360 - Indexer - INFO - Indexer received shutdown signal. Generating final statistics...
2025-04-28 23:59:26,367 - Indexer - INFO - Final Index Statistics:
2025-04-28 23:59:26,367 - Indexer - INFO - Total documents indexed: 53
2025-04-28 23:59:26,367 - Indexer - INFO - Total unique URLs processed: 0
2025-04-28 23:59:26,367 - Indexer - INFO - 
Example Search Results:
2025-04-28 23:59:26,381 - Indexer - INFO - 
Query: python AND programming
2025-04-28 23:59:26,381 - Indexer - INFO - Found 4 results
2025-04-28 23:59:26,383 - Indexer - INFO - 
Query: title:github
2025-04-28 23:59:26,384 - Indexer - INFO - Found 0 results
2025-04-28 23:59:26,390 - Indexer - INFO - 
Query: "open source"
2025-04-28 23:59:26,390 - Indexer - INFO - Found 12 results
2025-04-28 23:59:26,399 - Indexer - INFO - 
Query: content:machine learning
2025-04-28 23:59:26,399 - Indexer - INFO - Found 5 results
2025-04-28 23:59:39,641 - Indexer - INFO - Enhanced Indexer node started with rank 4 of 5
2025-04-28 23:59:39,650 - Indexer - INFO - Found credentials in shared credentials file: ~/.aws/credentials
2025-04-28 23:59:40,770 - Indexer - ERROR - Error checking bucket: An error occurred (403) when calling the HeadBucket operation: Forbidden
2025-04-28 23:59:40,770 - Indexer - WARNING - Failed to initialize S3, falling back to local storage: An error occurred (403) when calling the HeadBucket operation: Forbidden
2025-04-28 23:59:40,772 - Indexer - INFO - CloudStorage initialized for data persistence
2025-04-29 00:00:31,408 - Indexer - INFO - Enhanced Indexer node started with rank 4 of 5
2025-04-29 00:00:31,424 - Indexer - INFO - Found credentials in shared credentials file: ~/.aws/credentials
2025-04-29 00:00:32,574 - Indexer - ERROR - Error checking bucket: An error occurred (403) when calling the HeadBucket operation: Forbidden
2025-04-29 00:00:32,575 - Indexer - WARNING - Failed to initialize S3, falling back to local storage: An error occurred (403) when calling the HeadBucket operation: Forbidden
2025-04-29 00:00:32,575 - Indexer - INFO - CloudStorage initialized for data persistence
2025-04-29 00:02:35,662 - Indexer - INFO - Indexer received shutdown signal. Generating final statistics...
2025-04-29 00:02:35,670 - Indexer - INFO - Final Index Statistics:
2025-04-29 00:02:35,670 - Indexer - INFO - Total documents indexed: 53
2025-04-29 00:02:35,670 - Indexer - INFO - Total unique URLs processed: 0
2025-04-29 00:02:35,670 - Indexer - INFO - 
Example Search Results:
2025-04-29 00:02:35,687 - Indexer - INFO - 
Query: python AND programming
2025-04-29 00:02:35,687 - Indexer - INFO - Found 4 results
2025-04-29 00:02:35,690 - Indexer - INFO - 
Query: title:github
2025-04-29 00:02:35,691 - Indexer - INFO - Found 0 results
2025-04-29 00:02:35,701 - Indexer - INFO - 
Query: "open source"
2025-04-29 00:02:35,701 - Indexer - INFO - Found 12 results
2025-04-29 00:02:35,709 - Indexer - INFO - 
Query: content:machine learning
2025-04-29 00:02:35,709 - Indexer - INFO - Found 5 results
2025-04-29 00:02:50,845 - Indexer - INFO - Enhanced Indexer node started with rank 4 of 5
2025-04-29 00:02:50,855 - Indexer - INFO - Found credentials in shared credentials file: ~/.aws/credentials
2025-04-29 00:02:52,026 - Indexer - ERROR - Error checking bucket: An error occurred (403) when calling the HeadBucket operation: Forbidden
2025-04-29 00:02:52,026 - Indexer - WARNING - Failed to initialize S3, falling back to local storage: An error occurred (403) when calling the HeadBucket operation: Forbidden
2025-04-29 00:02:52,026 - Indexer - INFO - CloudStorage initialized for data persistence
2025-04-29 00:02:52,040 - Indexer - INFO - Indexer received shutdown signal. Generating final statistics...
2025-04-29 00:02:52,048 - Indexer - INFO - Final Index Statistics:
2025-04-29 00:02:52,048 - Indexer - INFO - Total documents indexed: 53
2025-04-29 00:02:52,049 - Indexer - INFO - Total unique URLs processed: 0
2025-04-29 00:02:52,049 - Indexer - INFO - 
Example Search Results:
2025-04-29 00:02:52,064 - Indexer - INFO - 
Query: python AND programming
2025-04-29 00:02:52,064 - Indexer - INFO - Found 4 results
2025-04-29 00:02:52,067 - Indexer - INFO - 
Query: title:github
2025-04-29 00:02:52,068 - Indexer - INFO - Found 0 results
2025-04-29 00:02:52,075 - Indexer - INFO - 
Query: "open source"
2025-04-29 00:02:52,075 - Indexer - INFO - Found 12 results
2025-04-29 00:02:52,083 - Indexer - INFO - 
Query: content:machine learning
2025-04-29 00:02:52,083 - Indexer - INFO - Found 5 results
2025-04-29 00:03:44,142 - Indexer - INFO - Enhanced Indexer node started with rank 4 of 5
2025-04-29 00:03:44,153 - Indexer - INFO - Found credentials in shared credentials file: ~/.aws/credentials
2025-04-29 00:03:45,428 - Indexer - ERROR - Error checking bucket: An error occurred (403) when calling the HeadBucket operation: Forbidden
2025-04-29 00:03:45,428 - Indexer - WARNING - Failed to initialize S3, falling back to local storage: An error occurred (403) when calling the HeadBucket operation: Forbidden
2025-04-29 00:03:45,429 - Indexer - INFO - CloudStorage initialized for data persistence
2025-04-29 00:03:52,768 - Indexer - INFO - Indexer received shutdown signal. Generating final statistics...
2025-04-29 00:03:52,777 - Indexer - INFO - Final Index Statistics:
2025-04-29 00:03:52,778 - Indexer - INFO - Total documents indexed: 53
2025-04-29 00:03:52,778 - Indexer - INFO - Total unique URLs processed: 0
2025-04-29 00:03:52,778 - Indexer - INFO - 
Example Search Results:
2025-04-29 00:03:52,797 - Indexer - INFO - 
Query: python AND programming
2025-04-29 00:03:52,797 - Indexer - INFO - Found 4 results
2025-04-29 00:03:52,802 - Indexer - INFO - 
Query: title:github
2025-04-29 00:03:52,803 - Indexer - INFO - Found 0 results
2025-04-29 00:03:52,815 - Indexer - INFO - 
Query: "open source"
2025-04-29 00:03:52,815 - Indexer - INFO - Found 12 results
2025-04-29 00:03:52,826 - Indexer - INFO - 
Query: content:machine learning
2025-04-29 00:03:52,827 - Indexer - INFO - Found 5 results
2025-04-29 00:36:10,721 - Indexer - INFO - Enhanced Indexer node started with rank 4 of 5
2025-04-29 00:36:10,732 - Indexer - INFO - Found credentials in shared credentials file: ~/.aws/credentials
2025-04-29 00:36:12,032 - Indexer - ERROR - Error checking bucket: An error occurred (403) when calling the HeadBucket operation: Forbidden
2025-04-29 00:36:12,032 - Indexer - WARNING - Failed to initialize S3, falling back to local storage: An error occurred (403) when calling the HeadBucket operation: Forbidden
2025-04-29 00:36:12,033 - Indexer - INFO - CloudStorage initialized for data persistence
2025-04-29 00:36:20,633 - Indexer - INFO - Indexer received shutdown signal. Generating final statistics...
2025-04-29 00:36:20,640 - Indexer - INFO - Final Index Statistics:
2025-04-29 00:36:20,640 - Indexer - INFO - Total documents indexed: 53
2025-04-29 00:36:20,640 - Indexer - INFO - Total unique URLs processed: 0
2025-04-29 00:36:20,641 - Indexer - INFO - 
Example Search Results:
2025-04-29 00:36:20,663 - Indexer - INFO - 
Query: python AND programming
2025-04-29 00:36:20,663 - Indexer - INFO - Found 4 results
2025-04-29 00:36:20,667 - Indexer - INFO - 
Query: title:github
2025-04-29 00:36:20,667 - Indexer - INFO - Found 0 results
2025-04-29 00:36:20,676 - Indexer - INFO - 
Query: "open source"
2025-04-29 00:36:20,677 - Indexer - INFO - Found 12 results
2025-04-29 00:36:20,685 - Indexer - INFO - 
Query: content:machine learning
2025-04-29 00:36:20,686 - Indexer - INFO - Found 5 results
2025-05-04 19:22:34,808 - Indexer - INFO - Found credentials in shared credentials file: ~/.aws/credentials
2025-05-04 19:22:35,942 - Indexer - INFO - Found existing queue: https://sqs.us-east-1.amazonaws.com/405823273955/crawler-url-queue
2025-05-04 19:22:36,080 - Indexer - INFO - Found existing status queue: https://sqs.us-east-1.amazonaws.com/405823273955/crawler-status-queue
2025-05-04 19:22:36,080 - Indexer - INFO - Successfully initialized SQS queues
2025-05-04 19:22:37,263 - Indexer - INFO - DBManager initialized with DynamoDB tables
2025-05-04 19:22:37,343 - Indexer - ERROR - Failed to initialize AWS services: Unknown service: 'cloudwatch-logs'. Valid service names are: accessanalyzer, account, acm, acm-pca, alexaforbusiness, amp, amplify, amplifybackend, amplifyuibuilder, apigateway, apigatewaymanagementapi, apigatewayv2, appconfig, appconfigdata, appfabric, appflow, appintegrations, application-autoscaling, application-insights, applicationcostprofiler, appmesh, apprunner, appstream, appsync, arc-zonal-shift, athena, auditmanager, autoscaling, autoscaling-plans, backup, backup-gateway, backupstorage, batch, billingconductor, braket, budgets, ce, chime, chime-sdk-identity, chime-sdk-media-pipelines, chime-sdk-meetings, chime-sdk-messaging, chime-sdk-voice, cleanrooms, cloud9, cloudcontrol, clouddirectory, cloudformation, cloudfront, cloudhsm, cloudhsmv2, cloudsearch, cloudsearchdomain, cloudtrail, cloudtrail-data, cloudwatch, codeartifact, codebuild, codecatalyst, codecommit, codedeploy, codeguru-reviewer, codeguru-security, codeguruprofiler, codepipeline, codestar, codestar-connections, codestar-notifications, cognito-identity, cognito-idp, cognito-sync, comprehend, comprehendmedical, compute-optimizer, config, connect, connect-contact-lens, connectcampaigns, connectcases, connectparticipant, controltower, cur, customer-profiles, databrew, dataexchange, datapipeline, datasync, dax, detective, devicefarm, devops-guru, directconnect, discovery, dlm, dms, docdb, docdb-elastic, drs, ds, dynamodb, dynamodbstreams, ebs, ec2, ec2-instance-connect, ecr, ecr-public, ecs, efs, eks, elastic-inference, elasticache, elasticbeanstalk, elastictranscoder, elb, elbv2, emr, emr-containers, emr-serverless, es, events, evidently, finspace, finspace-data, firehose, fis, fms, forecast, forecastquery, frauddetector, fsx, gamelift, gamesparks, glacier, globalaccelerator, glue, grafana, greengrass, greengrassv2, groundstation, guardduty, health, healthlake, honeycode, iam, identitystore, imagebuilder, importexport, inspector, inspector2, internetmonitor, iot, iot-data, iot-jobs-data, iot-roborunner, iot1click-devices, iot1click-projects, iotanalytics, iotdeviceadvisor, iotevents, iotevents-data, iotfleethub, iotfleetwise, iotsecuretunneling, iotsitewise, iotthingsgraph, iottwinmaker, iotwireless, ivs, ivs-realtime, ivschat, kafka, kafkaconnect, kendra, kendra-ranking, keyspaces, kinesis, kinesis-video-archived-media, kinesis-video-media, kinesis-video-signaling, kinesis-video-webrtc-storage, kinesisanalytics, kinesisanalyticsv2, kinesisvideo, kms, lakeformation, lambda, lex-models, lex-runtime, lexv2-models, lexv2-runtime, license-manager, license-manager-linux-subscriptions, license-manager-user-subscriptions, lightsail, location, logs, lookoutequipment, lookoutmetrics, lookoutvision, m2, machinelearning, macie, macie2, managedblockchain, marketplace-catalog, marketplace-entitlement, marketplacecommerceanalytics, mediaconnect, mediaconvert, medialive, mediapackage, mediapackage-vod, mediapackagev2, mediastore, mediastore-data, mediatailor, memorydb, meteringmarketplace, mgh, mgn, migration-hub-refactor-spaces, migrationhub-config, migrationhuborchestrator, migrationhubstrategy, mobile, mq, mturk, mwaa, neptune, network-firewall, networkmanager, nimble, oam, omics, opensearch, opensearchserverless, opsworks, opsworkscm, organizations, osis, outposts, panorama, payment-cryptography, payment-cryptography-data, personalize, personalize-events, personalize-runtime, pi, pinpoint, pinpoint-email, pinpoint-sms-voice, pinpoint-sms-voice-v2, pipes, polly, pricing, privatenetworks, proton, qldb, qldb-session, quicksight, ram, rbin, rds, rds-data, redshift, redshift-data, redshift-serverless, rekognition, resiliencehub, resource-explorer-2, resource-groups, resourcegroupstaggingapi, robomaker, rolesanywhere, route53, route53-recovery-cluster, route53-recovery-control-config, route53-recovery-readiness, route53domains, route53resolver, rum, s3, s3control, s3outposts, sagemaker, sagemaker-a2i-runtime, sagemaker-edge, sagemaker-featurestore-runtime, sagemaker-geospatial, sagemaker-metrics, sagemaker-runtime, savingsplans, scheduler, schemas, sdb, secretsmanager, securityhub, securitylake, serverlessrepo, service-quotas, servicecatalog, servicecatalog-appregistry, servicediscovery, ses, sesv2, shield, signer, simspaceweaver, sms, sms-voice, snow-device-management, snowball, sns, sqs, ssm, ssm-contacts, ssm-incidents, ssm-sap, sso, sso-admin, sso-oidc, stepfunctions, storagegateway, sts, support, support-app, swf, synthetics, textract, timestream-query, timestream-write, tnb, transcribe, transfer, translate, verifiedpermissions, voice-id, vpc-lattice, waf, waf-regional, wafv2, wellarchitected, wisdom, workdocs, worklink, workmail, workmailmessageflow, workspaces, workspaces-web, xray
2025-05-04 19:22:37,416 - Indexer - INFO - [31m[1mWARNING: This is a development server. Do not use it in a production deployment. Use a production WSGI server instead.[0m
 * Running on all addresses (0.0.0.0)
 * Running on http://127.0.0.1:5000
 * Running on http://192.168.1.15:5000
2025-05-04 19:22:37,417 - Indexer - INFO - [33mPress CTRL+C to quit[0m
2025-05-04 19:23:06,550 - Indexer - INFO - Found credentials in shared credentials file: ~/.aws/credentials
2025-05-04 19:23:07,432 - Indexer - INFO - Found existing queue: https://sqs.us-east-1.amazonaws.com/405823273955/crawler-url-queue
2025-05-04 19:23:07,571 - Indexer - INFO - Found existing status queue: https://sqs.us-east-1.amazonaws.com/405823273955/crawler-status-queue
2025-05-04 19:23:07,571 - Indexer - INFO - Successfully initialized SQS queues
2025-05-04 19:23:08,666 - Indexer - INFO - DBManager initialized with DynamoDB tables
2025-05-04 19:23:08,864 - Indexer - INFO - AWS services initialized successfully
2025-05-04 19:23:08,886 - Indexer - INFO - [31m[1mWARNING: This is a development server. Do not use it in a production deployment. Use a production WSGI server instead.[0m
 * Running on all addresses (0.0.0.0)
 * Running on http://127.0.0.1:5000
 * Running on http://192.168.1.15:5000
2025-05-04 19:23:08,888 - Indexer - INFO - [33mPress CTRL+C to quit[0m
2025-05-04 19:34:51,938 - Indexer - INFO - Found credentials in shared credentials file: ~/.aws/credentials
2025-05-04 19:34:52,824 - Indexer - INFO - Found existing queue: https://sqs.us-east-1.amazonaws.com/405823273955/crawler-url-queue
2025-05-04 19:34:52,964 - Indexer - INFO - Found existing status queue: https://sqs.us-east-1.amazonaws.com/405823273955/crawler-status-queue
2025-05-04 19:34:52,965 - Indexer - INFO - Successfully initialized SQS queues
2025-05-04 19:34:54,086 - Indexer - INFO - DBManager initialized with DynamoDB tables
2025-05-04 19:34:54,186 - Indexer - INFO - AWS services initialized successfully
2025-05-04 19:34:54,232 - Indexer - INFO - [31m[1mWARNING: This is a development server. Do not use it in a production deployment. Use a production WSGI server instead.[0m
 * Running on all addresses (0.0.0.0)
 * Running on http://127.0.0.1:5000
 * Running on http://192.168.1.15:5000
2025-05-04 19:34:54,233 - Indexer - INFO - [33mPress CTRL+C to quit[0m
2025-05-04 19:34:54,236 - Indexer - INFO -  * Restarting with stat
2025-05-04 19:34:56,287 - Indexer - INFO - Found credentials in shared credentials file: ~/.aws/credentials
2025-05-04 19:34:57,126 - Indexer - INFO - Found existing queue: https://sqs.us-east-1.amazonaws.com/405823273955/crawler-url-queue
2025-05-04 19:34:57,263 - Indexer - INFO - Found existing status queue: https://sqs.us-east-1.amazonaws.com/405823273955/crawler-status-queue
2025-05-04 19:34:57,264 - Indexer - INFO - Successfully initialized SQS queues
2025-05-04 19:34:58,336 - Indexer - INFO - DBManager initialized with DynamoDB tables
2025-05-04 19:34:58,435 - Indexer - INFO - AWS services initialized successfully
2025-05-04 19:34:58,461 - Indexer - WARNING -  * Debugger is active!
2025-05-04 19:34:58,463 - Indexer - INFO -  * Debugger PIN: 380-068-087
2025-05-04 19:37:59,368 - Indexer - INFO - 127.0.0.1 - - [04/May/2025 19:37:59] "GET / HTTP/1.1" 200 -
2025-05-04 19:37:59,447 - Indexer - INFO - 127.0.0.1 - - [04/May/2025 19:37:59] "[33mGET /favicon.ico HTTP/1.1[0m" 404 -
2025-05-04 19:38:15,400 - Indexer - INFO - Opened existing Whoosh index
2025-05-04 19:38:15,400 - Indexer - INFO - Whoosh indexer initialized with directory: search_index
2025-05-04 19:38:15,427 - Indexer - INFO - 127.0.0.1 - - [04/May/2025 19:38:15] "GET /?q=python HTTP/1.1" 200 -
2025-05-04 19:38:58,683 - Indexer - INFO - Opened existing Whoosh index
2025-05-04 19:38:58,683 - Indexer - INFO - Whoosh indexer initialized with directory: search_index
2025-05-04 19:38:58,688 - Indexer - INFO - 127.0.0.1 - - [04/May/2025 19:38:58] "GET /?q=python HTTP/1.1" 200 -
2025-05-04 19:39:00,322 - Indexer - INFO - Opened existing Whoosh index
2025-05-04 19:39:00,322 - Indexer - INFO - Whoosh indexer initialized with directory: search_index
2025-05-04 19:39:00,330 - Indexer - INFO - 127.0.0.1 - - [04/May/2025 19:39:00] "GET /?q=python HTTP/1.1" 200 -
2025-05-04 19:39:14,201 - Indexer - INFO -  * Detected change in 'C:\\Users\\acer\\Distributed-Web-Crawling-and-Indexing-System-using-Cloud-Computing\\web_search.py', reloading
2025-05-04 19:39:14,556 - Indexer - INFO -  * Restarting with stat
2025-05-04 19:39:16,646 - Indexer - INFO - Found credentials in shared credentials file: ~/.aws/credentials
2025-05-04 19:39:17,529 - Indexer - INFO - Found existing queue: https://sqs.us-east-1.amazonaws.com/405823273955/crawler-url-queue
2025-05-04 19:39:17,669 - Indexer - INFO - Found existing status queue: https://sqs.us-east-1.amazonaws.com/405823273955/crawler-status-queue
2025-05-04 19:39:17,670 - Indexer - INFO - Successfully initialized SQS queues
2025-05-04 19:39:18,791 - Indexer - INFO - DBManager initialized with DynamoDB tables
2025-05-04 19:39:18,896 - Indexer - INFO - AWS services initialized successfully
2025-05-04 19:39:18,922 - Indexer - WARNING -  * Debugger is active!
2025-05-04 19:39:18,926 - Indexer - INFO -  * Debugger PIN: 380-068-087
2025-05-04 19:39:34,356 - Indexer - INFO -  * Detected change in 'C:\\Users\\acer\\Distributed-Web-Crawling-and-Indexing-System-using-Cloud-Computing\\web_search.py', reloading
2025-05-04 19:39:34,803 - Indexer - INFO -  * Restarting with stat
2025-05-04 19:39:36,994 - Indexer - INFO - Found credentials in shared credentials file: ~/.aws/credentials
2025-05-04 19:39:37,897 - Indexer - INFO - Found existing queue: https://sqs.us-east-1.amazonaws.com/405823273955/crawler-url-queue
2025-05-04 19:39:38,034 - Indexer - INFO - Found existing status queue: https://sqs.us-east-1.amazonaws.com/405823273955/crawler-status-queue
2025-05-04 19:39:38,035 - Indexer - INFO - Successfully initialized SQS queues
2025-05-04 19:39:39,408 - Indexer - INFO - DBManager initialized with DynamoDB tables
2025-05-04 19:39:39,510 - Indexer - INFO - AWS services initialized successfully
2025-05-04 19:39:39,534 - Indexer - WARNING -  * Debugger is active!
2025-05-04 19:39:39,537 - Indexer - INFO -  * Debugger PIN: 380-068-087
2025-05-04 19:39:55,947 - Indexer - INFO -  * Detected change in 'C:\\Users\\acer\\Distributed-Web-Crawling-and-Indexing-System-using-Cloud-Computing\\web_search.py', reloading
2025-05-04 19:39:56,285 - Indexer - INFO -  * Restarting with stat
2025-05-04 19:39:58,451 - Indexer - INFO - Found credentials in shared credentials file: ~/.aws/credentials
2025-05-04 19:39:59,448 - Indexer - INFO - Found existing queue: https://sqs.us-east-1.amazonaws.com/405823273955/crawler-url-queue
2025-05-04 19:39:59,790 - Indexer - INFO - Found existing status queue: https://sqs.us-east-1.amazonaws.com/405823273955/crawler-status-queue
2025-05-04 19:39:59,791 - Indexer - INFO - Successfully initialized SQS queues
2025-05-04 19:40:01,610 - Indexer - INFO - DBManager initialized with DynamoDB tables
2025-05-04 19:40:01,716 - Indexer - INFO - AWS services initialized successfully
2025-05-04 19:40:01,741 - Indexer - WARNING -  * Debugger is active!
2025-05-04 19:40:01,744 - Indexer - INFO -  * Debugger PIN: 380-068-087
2025-05-04 19:40:20,625 - Indexer - INFO - Opened existing Whoosh index
2025-05-04 19:40:20,626 - Indexer - INFO - Whoosh indexer initialized with directory: search_index
2025-05-04 19:40:20,684 - Indexer - INFO - 127.0.0.1 - - [04/May/2025 19:40:20] "GET /?q=python HTTP/1.1" 200 -
2025-05-04 19:40:21,151 - Indexer - INFO -  * Detected change in 'C:\\Users\\acer\\Distributed-Web-Crawling-and-Indexing-System-using-Cloud-Computing\\web_search.py', reloading
2025-05-04 19:40:21,471 - Indexer - INFO -  * Restarting with stat
2025-05-04 19:40:23,686 - Indexer - INFO - Found credentials in shared credentials file: ~/.aws/credentials
2025-05-04 19:40:24,765 - Indexer - INFO - Found existing queue: https://sqs.us-east-1.amazonaws.com/405823273955/crawler-url-queue
2025-05-04 19:40:25,106 - Indexer - INFO - Found existing status queue: https://sqs.us-east-1.amazonaws.com/405823273955/crawler-status-queue
2025-05-04 19:40:25,107 - Indexer - INFO - Successfully initialized SQS queues
2025-05-04 19:40:26,950 - Indexer - INFO - DBManager initialized with DynamoDB tables
2025-05-04 19:40:27,052 - Indexer - INFO - AWS services initialized successfully
2025-05-04 19:40:27,076 - Indexer - WARNING -  * Debugger is active!
2025-05-04 19:40:27,079 - Indexer - INFO -  * Debugger PIN: 380-068-087
2025-05-04 19:40:27,594 - Indexer - INFO - Opened existing Whoosh index
2025-05-04 19:40:27,594 - Indexer - INFO - Whoosh indexer initialized with directory: search_index
2025-05-04 19:40:27,627 - Indexer - INFO - 127.0.0.1 - - [04/May/2025 19:40:27] "GET /?q=python HTTP/1.1" 200 -
2025-05-04 19:40:33,594 - Indexer - INFO - 127.0.0.1 - - [04/May/2025 19:40:33] "GET /?q= HTTP/1.1" 200 -
2025-05-04 19:40:35,635 - Indexer - INFO -  * Detected change in 'C:\\Users\\acer\\Distributed-Web-Crawling-and-Indexing-System-using-Cloud-Computing\\web_search.py', reloading
2025-05-04 19:40:36,001 - Indexer - INFO -  * Restarting with stat
2025-05-04 19:40:38,343 - Indexer - INFO - Found credentials in shared credentials file: ~/.aws/credentials
2025-05-04 19:40:39,439 - Indexer - INFO - Found existing queue: https://sqs.us-east-1.amazonaws.com/405823273955/crawler-url-queue
2025-05-04 19:40:39,773 - Indexer - INFO - Found existing status queue: https://sqs.us-east-1.amazonaws.com/405823273955/crawler-status-queue
2025-05-04 19:40:39,774 - Indexer - INFO - Successfully initialized SQS queues
2025-05-04 19:40:41,574 - Indexer - INFO - DBManager initialized with DynamoDB tables
2025-05-04 19:40:41,693 - Indexer - INFO - AWS services initialized successfully
2025-05-04 19:40:41,717 - Indexer - WARNING -  * Debugger is active!
2025-05-04 19:40:41,720 - Indexer - INFO -  * Debugger PIN: 380-068-087
2025-05-04 19:40:51,558 - Indexer - INFO -  * Detected change in 'C:\\Users\\acer\\Distributed-Web-Crawling-and-Indexing-System-using-Cloud-Computing\\web_search.py', reloading
2025-05-04 19:40:51,882 - Indexer - INFO -  * Restarting with stat
2025-05-04 19:40:54,259 - Indexer - INFO - Found credentials in shared credentials file: ~/.aws/credentials
2025-05-04 19:40:55,141 - Indexer - INFO - Found existing queue: https://sqs.us-east-1.amazonaws.com/405823273955/crawler-url-queue
2025-05-04 19:40:55,287 - Indexer - INFO - Found existing status queue: https://sqs.us-east-1.amazonaws.com/405823273955/crawler-status-queue
2025-05-04 19:40:55,287 - Indexer - INFO - Successfully initialized SQS queues
2025-05-04 19:40:57,702 - Indexer - INFO - DBManager initialized with DynamoDB tables
2025-05-04 19:40:57,808 - Indexer - INFO - AWS services initialized successfully
2025-05-04 19:40:57,834 - Indexer - WARNING -  * Debugger is active!
2025-05-04 19:40:57,837 - Indexer - INFO -  * Debugger PIN: 380-068-087
2025-05-04 19:41:07,034 - Indexer - INFO - 127.0.0.1 - - [04/May/2025 19:41:07] "GET /?q= HTTP/1.1" 200 -
2025-05-04 19:41:24,487 - Indexer - INFO -  * Detected change in 'C:\\Users\\acer\\Distributed-Web-Crawling-and-Indexing-System-using-Cloud-Computing\\web_search.py', reloading
2025-05-04 19:41:24,795 - Indexer - INFO -  * Restarting with stat
2025-05-04 19:41:27,053 - Indexer - INFO - Found credentials in shared credentials file: ~/.aws/credentials
2025-05-04 19:41:27,946 - Indexer - INFO - Found existing queue: https://sqs.us-east-1.amazonaws.com/405823273955/crawler-url-queue
2025-05-04 19:41:28,118 - Indexer - INFO - Found existing status queue: https://sqs.us-east-1.amazonaws.com/405823273955/crawler-status-queue
2025-05-04 19:41:28,120 - Indexer - INFO - Successfully initialized SQS queues
2025-05-04 19:41:30,371 - Indexer - INFO - DBManager initialized with DynamoDB tables
2025-05-04 19:41:30,474 - Indexer - INFO - AWS services initialized successfully
2025-05-04 19:41:30,497 - Indexer - WARNING -  * Debugger is active!
2025-05-04 19:41:30,500 - Indexer - INFO -  * Debugger PIN: 380-068-087
2025-05-04 19:41:49,937 - Indexer - INFO -  * Detected change in 'C:\\Users\\acer\\Distributed-Web-Crawling-and-Indexing-System-using-Cloud-Computing\\web_search.py', reloading
2025-05-04 19:41:50,276 - Indexer - INFO -  * Restarting with stat
2025-05-04 19:41:52,531 - Indexer - INFO - Found credentials in shared credentials file: ~/.aws/credentials
2025-05-04 19:41:53,412 - Indexer - INFO - Found existing queue: https://sqs.us-east-1.amazonaws.com/405823273955/crawler-url-queue
2025-05-04 19:41:53,548 - Indexer - INFO - Found existing status queue: https://sqs.us-east-1.amazonaws.com/405823273955/crawler-status-queue
2025-05-04 19:41:53,550 - Indexer - INFO - Successfully initialized SQS queues
2025-05-04 19:41:55,361 - Indexer - INFO - DBManager initialized with DynamoDB tables
2025-05-04 19:41:55,462 - Indexer - INFO - AWS services initialized successfully
2025-05-04 19:41:55,483 - Indexer - WARNING -  * Debugger is active!
2025-05-04 19:41:55,487 - Indexer - INFO -  * Debugger PIN: 380-068-087
2025-05-04 19:42:04,855 - Indexer - INFO -  * Detected change in 'C:\\Users\\acer\\Distributed-Web-Crawling-and-Indexing-System-using-Cloud-Computing\\web_search.py', reloading
2025-05-04 19:42:05,171 - Indexer - INFO -  * Restarting with stat
2025-05-04 19:42:07,401 - Indexer - INFO - Found credentials in shared credentials file: ~/.aws/credentials
2025-05-04 19:42:08,307 - Indexer - INFO - Found existing queue: https://sqs.us-east-1.amazonaws.com/405823273955/crawler-url-queue
2025-05-04 19:42:08,580 - Indexer - INFO - Found existing status queue: https://sqs.us-east-1.amazonaws.com/405823273955/crawler-status-queue
2025-05-04 19:42:08,581 - Indexer - INFO - Successfully initialized SQS queues
2025-05-04 19:42:10,539 - Indexer - INFO - DBManager initialized with DynamoDB tables
2025-05-04 19:42:10,648 - Indexer - INFO - AWS services initialized successfully
2025-05-04 19:42:10,672 - Indexer - WARNING -  * Debugger is active!
2025-05-04 19:42:10,674 - Indexer - INFO -  * Debugger PIN: 380-068-087
2025-05-04 19:43:21,601 - Indexer - INFO - Found credentials in shared credentials file: ~/.aws/credentials
2025-05-04 19:43:22,491 - Indexer - INFO - Found existing queue: https://sqs.us-east-1.amazonaws.com/405823273955/crawler-url-queue
2025-05-04 19:43:22,628 - Indexer - INFO - Found existing status queue: https://sqs.us-east-1.amazonaws.com/405823273955/crawler-status-queue
2025-05-04 19:43:22,629 - Indexer - INFO - Successfully initialized SQS queues
2025-05-04 19:43:23,714 - Indexer - INFO - DBManager initialized with DynamoDB tables
2025-05-04 19:43:23,812 - Indexer - INFO - AWS services initialized successfully
2025-05-04 19:43:23,841 - Indexer - INFO - [31m[1mWARNING: This is a development server. Do not use it in a production deployment. Use a production WSGI server instead.[0m
 * Running on all addresses (0.0.0.0)
 * Running on http://127.0.0.1:5000
 * Running on http://192.168.1.15:5000
2025-05-04 19:43:23,842 - Indexer - INFO - [33mPress CTRL+C to quit[0m
2025-05-04 19:43:23,843 - Indexer - INFO -  * Restarting with stat
2025-05-04 19:43:25,875 - Indexer - INFO - Found credentials in shared credentials file: ~/.aws/credentials
2025-05-04 19:43:26,759 - Indexer - INFO - Found existing queue: https://sqs.us-east-1.amazonaws.com/405823273955/crawler-url-queue
2025-05-04 19:43:26,896 - Indexer - INFO - Found existing status queue: https://sqs.us-east-1.amazonaws.com/405823273955/crawler-status-queue
2025-05-04 19:43:26,897 - Indexer - INFO - Successfully initialized SQS queues
2025-05-04 19:43:28,022 - Indexer - INFO - DBManager initialized with DynamoDB tables
2025-05-04 19:43:28,123 - Indexer - INFO - AWS services initialized successfully
2025-05-04 19:43:28,146 - Indexer - WARNING -  * Debugger is active!
2025-05-04 19:43:28,149 - Indexer - INFO -  * Debugger PIN: 380-068-087
2025-05-04 19:43:53,657 - Indexer - INFO - 127.0.0.1 - - [04/May/2025 19:43:53] "GET / HTTP/1.1" 200 -
2025-05-04 19:44:02,892 - Indexer - INFO - 127.0.0.1 - - [04/May/2025 19:44:02] "GET / HTTP/1.1" 200 -
2025-05-04 19:44:02,964 - Indexer - INFO - 127.0.0.1 - - [04/May/2025 19:44:02] "[33mGET /favicon.ico HTTP/1.1[0m" 404 -
2025-05-04 19:44:48,065 - Indexer - INFO - 192.168.1.15 - - [04/May/2025 19:44:48] "GET / HTTP/1.1" 200 -
2025-05-04 19:44:48,167 - Indexer - INFO - 192.168.1.15 - - [04/May/2025 19:44:48] "[33mGET /favicon.ico HTTP/1.1[0m" 404 -
2025-05-04 19:45:23,086 - Indexer - INFO -  * Detected change in 'C:\\Users\\acer\\Distributed-Web-Crawling-and-Indexing-System-using-Cloud-Computing\\web_search.py', reloading
2025-05-04 19:45:23,435 - Indexer - INFO -  * Restarting with stat
2025-05-04 19:45:25,696 - Indexer - INFO - Found credentials in shared credentials file: ~/.aws/credentials
2025-05-04 19:45:26,590 - Indexer - INFO - Found existing queue: https://sqs.us-east-1.amazonaws.com/405823273955/crawler-url-queue
2025-05-04 19:45:26,729 - Indexer - INFO - Found existing status queue: https://sqs.us-east-1.amazonaws.com/405823273955/crawler-status-queue
2025-05-04 19:45:26,730 - Indexer - INFO - Successfully initialized SQS queues
2025-05-04 19:45:27,824 - Indexer - INFO - DBManager initialized with DynamoDB tables
2025-05-04 19:45:27,936 - Indexer - INFO - AWS services initialized successfully
2025-05-04 19:45:27,961 - Indexer - WARNING -  * Debugger is active!
2025-05-04 19:45:27,964 - Indexer - INFO -  * Debugger PIN: 380-068-087
2025-05-04 19:46:14,540 - Indexer - INFO -  * Detected change in 'C:\\Users\\acer\\Distributed-Web-Crawling-and-Indexing-System-using-Cloud-Computing\\web_search.py', reloading
2025-05-04 19:46:14,839 - Indexer - INFO -  * Restarting with stat
2025-05-04 19:46:17,111 - Indexer - INFO - Found credentials in shared credentials file: ~/.aws/credentials
2025-05-04 19:46:18,004 - Indexer - INFO - Found existing queue: https://sqs.us-east-1.amazonaws.com/405823273955/crawler-url-queue
2025-05-04 19:46:18,137 - Indexer - INFO - Found existing status queue: https://sqs.us-east-1.amazonaws.com/405823273955/crawler-status-queue
2025-05-04 19:46:18,139 - Indexer - INFO - Successfully initialized SQS queues
2025-05-04 19:46:19,756 - Indexer - INFO - DBManager initialized with DynamoDB tables
2025-05-04 19:46:19,865 - Indexer - INFO - AWS services initialized successfully
2025-05-04 19:46:19,889 - Indexer - WARNING -  * Debugger is active!
2025-05-04 19:46:19,892 - Indexer - INFO -  * Debugger PIN: 380-068-087
2025-05-04 19:46:20,413 - Indexer - INFO - 192.168.1.15 - - [04/May/2025 19:46:20] "GET / HTTP/1.1" 200 -
2025-05-04 19:46:30,912 - Indexer - INFO -  * Detected change in 'C:\\Users\\acer\\Distributed-Web-Crawling-and-Indexing-System-using-Cloud-Computing\\web_search.py', reloading
2025-05-04 19:46:31,233 - Indexer - INFO -  * Restarting with stat
2025-05-04 19:46:33,390 - Indexer - INFO - Found credentials in shared credentials file: ~/.aws/credentials
2025-05-04 19:46:34,584 - Indexer - INFO - Found existing queue: https://sqs.us-east-1.amazonaws.com/405823273955/crawler-url-queue
2025-05-04 19:46:34,933 - Indexer - INFO - Found existing status queue: https://sqs.us-east-1.amazonaws.com/405823273955/crawler-status-queue
2025-05-04 19:46:34,934 - Indexer - INFO - Successfully initialized SQS queues
2025-05-04 19:46:36,064 - Indexer - INFO - DBManager initialized with DynamoDB tables
2025-05-04 19:46:36,179 - Indexer - INFO - AWS services initialized successfully
2025-05-04 19:46:36,203 - Indexer - WARNING -  * Debugger is active!
2025-05-04 19:46:36,205 - Indexer - INFO -  * Debugger PIN: 380-068-087
2025-05-04 19:47:55,970 - Indexer - INFO - Found credentials in shared credentials file: ~/.aws/credentials
2025-05-04 19:47:56,864 - Indexer - INFO - Found existing queue: https://sqs.us-east-1.amazonaws.com/405823273955/crawler-url-queue
2025-05-04 19:47:57,002 - Indexer - INFO - Found existing status queue: https://sqs.us-east-1.amazonaws.com/405823273955/crawler-status-queue
2025-05-04 19:47:57,003 - Indexer - INFO - Successfully initialized SQS queues
2025-05-04 19:47:58,163 - Indexer - INFO - DBManager initialized with DynamoDB tables
2025-05-04 19:47:58,270 - Indexer - INFO - AWS services initialized successfully
2025-05-04 19:47:58,304 - Indexer - INFO - [31m[1mWARNING: This is a development server. Do not use it in a production deployment. Use a production WSGI server instead.[0m
 * Running on all addresses (0.0.0.0)
 * Running on http://127.0.0.1:5000
 * Running on http://192.168.1.15:5000
2025-05-04 19:47:58,304 - Indexer - INFO - [33mPress CTRL+C to quit[0m
2025-05-04 19:47:58,307 - Indexer - INFO -  * Restarting with stat
2025-05-04 19:48:00,487 - Indexer - INFO - Found credentials in shared credentials file: ~/.aws/credentials
2025-05-04 19:48:01,343 - Indexer - INFO - Found existing queue: https://sqs.us-east-1.amazonaws.com/405823273955/crawler-url-queue
2025-05-04 19:48:01,477 - Indexer - INFO - Found existing status queue: https://sqs.us-east-1.amazonaws.com/405823273955/crawler-status-queue
2025-05-04 19:48:01,478 - Indexer - INFO - Successfully initialized SQS queues
2025-05-04 19:48:02,647 - Indexer - INFO - DBManager initialized with DynamoDB tables
2025-05-04 19:48:02,750 - Indexer - INFO - AWS services initialized successfully
2025-05-04 19:48:02,775 - Indexer - WARNING -  * Debugger is active!
2025-05-04 19:48:02,777 - Indexer - INFO -  * Debugger PIN: 380-068-087
2025-05-04 19:48:03,215 - Indexer - INFO - 127.0.0.1 - - [04/May/2025 19:48:03] "GET / HTTP/1.1" 200 -
2025-05-04 19:48:57,284 - Indexer - INFO -  * Detected change in 'C:\\Users\\acer\\Distributed-Web-Crawling-and-Indexing-System-using-Cloud-Computing\\web_search.py', reloading
2025-05-04 19:48:57,586 - Indexer - INFO -  * Restarting with stat
2025-05-04 19:48:59,802 - Indexer - INFO - Found credentials in shared credentials file: ~/.aws/credentials
2025-05-04 19:49:44,596 - Indexer - INFO - Found existing queue: https://sqs.us-east-1.amazonaws.com/405823273955/crawler-url-queue
2025-05-04 19:49:44,734 - Indexer - INFO - Found existing status queue: https://sqs.us-east-1.amazonaws.com/405823273955/crawler-status-queue
2025-05-04 19:49:44,735 - Indexer - INFO - Successfully initialized SQS queues
2025-05-04 19:49:45,850 - Indexer - INFO - DBManager initialized with DynamoDB tables
2025-05-04 19:49:45,953 - Indexer - INFO - AWS services initialized successfully
2025-05-04 19:49:45,977 - Indexer - WARNING -  * Debugger is active!
2025-05-04 19:49:45,980 - Indexer - INFO -  * Debugger PIN: 380-068-087
2025-05-04 19:50:28,215 - Indexer - INFO -  * Detected change in 'C:\\Users\\acer\\Distributed-Web-Crawling-and-Indexing-System-using-Cloud-Computing\\web_search.py', reloading
2025-05-04 19:50:28,533 - Indexer - INFO -  * Restarting with stat
2025-05-04 19:50:30,800 - Indexer - INFO - Found credentials in shared credentials file: ~/.aws/credentials
2025-05-04 19:50:32,042 - Indexer - INFO - Found existing queue: https://sqs.us-east-1.amazonaws.com/405823273955/crawler-url-queue
2025-05-04 19:50:32,433 - Indexer - INFO - Found existing status queue: https://sqs.us-east-1.amazonaws.com/405823273955/crawler-status-queue
2025-05-04 19:50:32,434 - Indexer - INFO - Successfully initialized SQS queues
2025-05-04 19:50:33,621 - Indexer - INFO - DBManager initialized with DynamoDB tables
2025-05-04 19:50:33,737 - Indexer - INFO - AWS services initialized successfully
2025-05-04 19:50:33,763 - Indexer - WARNING -  * Debugger is active!
2025-05-04 19:50:33,767 - Indexer - INFO -  * Debugger PIN: 380-068-087
2025-05-04 19:51:01,096 - Indexer - INFO - Found credentials in shared credentials file: ~/.aws/credentials
2025-05-04 19:51:01,939 - Indexer - INFO - Found existing queue: https://sqs.us-east-1.amazonaws.com/405823273955/crawler-url-queue
2025-05-04 19:51:02,072 - Indexer - INFO - Found existing status queue: https://sqs.us-east-1.amazonaws.com/405823273955/crawler-status-queue
2025-05-04 19:51:02,073 - Indexer - INFO - Successfully initialized SQS queues
2025-05-04 19:51:03,189 - Indexer - INFO - DBManager initialized with DynamoDB tables
2025-05-04 19:51:03,316 - Indexer - INFO - AWS services initialized successfully
2025-05-04 19:51:03,345 - Indexer - INFO - [31m[1mWARNING: This is a development server. Do not use it in a production deployment. Use a production WSGI server instead.[0m
 * Running on all addresses (0.0.0.0)
 * Running on http://127.0.0.1:5000
 * Running on http://192.168.1.15:5000
2025-05-04 19:51:03,346 - Indexer - INFO - [33mPress CTRL+C to quit[0m
2025-05-04 19:51:03,348 - Indexer - INFO -  * Restarting with stat
2025-05-04 19:51:05,491 - Indexer - INFO - Found credentials in shared credentials file: ~/.aws/credentials
2025-05-04 19:51:06,403 - Indexer - INFO - Found existing queue: https://sqs.us-east-1.amazonaws.com/405823273955/crawler-url-queue
2025-05-04 19:51:06,539 - Indexer - INFO - Found existing status queue: https://sqs.us-east-1.amazonaws.com/405823273955/crawler-status-queue
2025-05-04 19:51:06,540 - Indexer - INFO - Successfully initialized SQS queues
2025-05-04 19:51:07,672 - Indexer - INFO - DBManager initialized with DynamoDB tables
2025-05-04 19:51:07,778 - Indexer - INFO - AWS services initialized successfully
2025-05-04 19:51:07,803 - Indexer - WARNING -  * Debugger is active!
2025-05-04 19:51:07,806 - Indexer - INFO -  * Debugger PIN: 380-068-087
2025-05-04 19:51:08,258 - Indexer - INFO - 127.0.0.1 - - [04/May/2025 19:51:08] "GET / HTTP/1.1" 200 -
2025-05-04 19:51:08,267 - Indexer - INFO - 127.0.0.1 - - [04/May/2025 19:51:08] "GET / HTTP/1.1" 200 -
2025-05-04 19:51:18,515 - Indexer - INFO - 127.0.0.1 - - [04/May/2025 19:51:18] "GET / HTTP/1.1" 200 -
2025-05-04 19:53:22,739 - Indexer - INFO -  * Detected change in 'C:\\Users\\acer\\Distributed-Web-Crawling-and-Indexing-System-using-Cloud-Computing\\web_search.py', reloading
2025-05-04 19:53:23,035 - Indexer - INFO -  * Restarting with stat
2025-05-04 19:53:25,273 - Indexer - INFO - Found credentials in shared credentials file: ~/.aws/credentials
2025-05-04 19:53:26,173 - Indexer - INFO - Found existing queue: https://sqs.us-east-1.amazonaws.com/405823273955/crawler-url-queue
2025-05-04 19:53:26,318 - Indexer - INFO - Found existing status queue: https://sqs.us-east-1.amazonaws.com/405823273955/crawler-status-queue
2025-05-04 19:53:26,320 - Indexer - INFO - Successfully initialized SQS queues
2025-05-04 19:53:27,420 - Indexer - INFO - DBManager initialized with DynamoDB tables
2025-05-04 19:53:27,519 - Indexer - INFO - AWS services initialized successfully
2025-05-04 19:53:27,542 - Indexer - WARNING -  * Debugger is active!
2025-05-04 19:53:27,545 - Indexer - INFO -  * Debugger PIN: 380-068-087
2025-05-04 19:53:33,855 - Indexer - INFO -  * Detected change in 'C:\\Users\\acer\\Distributed-Web-Crawling-and-Indexing-System-using-Cloud-Computing\\web_search.py', reloading
2025-05-04 19:53:34,158 - Indexer - INFO -  * Restarting with stat
2025-05-04 19:53:36,275 - Indexer - INFO - Found credentials in shared credentials file: ~/.aws/credentials
2025-05-04 19:53:37,156 - Indexer - INFO - Found existing queue: https://sqs.us-east-1.amazonaws.com/405823273955/crawler-url-queue
2025-05-04 19:53:37,293 - Indexer - INFO - Found existing status queue: https://sqs.us-east-1.amazonaws.com/405823273955/crawler-status-queue
2025-05-04 19:53:37,293 - Indexer - INFO - Successfully initialized SQS queues
2025-05-04 19:53:39,516 - Indexer - INFO - DBManager initialized with DynamoDB tables
2025-05-04 19:53:39,617 - Indexer - INFO - AWS services initialized successfully
2025-05-04 19:53:39,640 - Indexer - WARNING -  * Debugger is active!
2025-05-04 19:53:39,643 - Indexer - INFO -  * Debugger PIN: 380-068-087
2025-05-04 19:53:48,769 - Indexer - INFO -  * Detected change in 'C:\\Users\\acer\\Distributed-Web-Crawling-and-Indexing-System-using-Cloud-Computing\\web_search.py', reloading
2025-05-04 19:53:49,065 - Indexer - INFO -  * Restarting with stat
2025-05-04 19:53:51,086 - Indexer - INFO - Found credentials in shared credentials file: ~/.aws/credentials
2025-05-04 19:53:51,986 - Indexer - INFO - Found existing queue: https://sqs.us-east-1.amazonaws.com/405823273955/crawler-url-queue
2025-05-04 19:53:52,124 - Indexer - INFO - Found existing status queue: https://sqs.us-east-1.amazonaws.com/405823273955/crawler-status-queue
2025-05-04 19:53:52,125 - Indexer - INFO - Successfully initialized SQS queues
2025-05-04 19:53:54,084 - Indexer - INFO - DBManager initialized with DynamoDB tables
2025-05-04 19:53:54,185 - Indexer - INFO - AWS services initialized successfully
2025-05-04 19:53:54,207 - Indexer - WARNING -  * Debugger is active!
2025-05-04 19:53:54,209 - Indexer - INFO -  * Debugger PIN: 380-068-087
2025-05-04 19:54:14,650 - Indexer - INFO -  * Detected change in 'C:\\Users\\acer\\Distributed-Web-Crawling-and-Indexing-System-using-Cloud-Computing\\web_search.py', reloading
2025-05-04 19:54:14,941 - Indexer - INFO -  * Restarting with stat
2025-05-04 19:54:17,085 - Indexer - INFO - Found credentials in shared credentials file: ~/.aws/credentials
2025-05-04 19:54:17,975 - Indexer - INFO - Found existing queue: https://sqs.us-east-1.amazonaws.com/405823273955/crawler-url-queue
2025-05-04 19:54:18,111 - Indexer - INFO - Found existing status queue: https://sqs.us-east-1.amazonaws.com/405823273955/crawler-status-queue
2025-05-04 19:54:18,112 - Indexer - INFO - Successfully initialized SQS queues
2025-05-04 19:54:20,098 - Indexer - INFO - DBManager initialized with DynamoDB tables
2025-05-04 19:54:20,201 - Indexer - INFO - AWS services initialized successfully
2025-05-04 19:54:20,222 - Indexer - WARNING -  * Debugger is active!
2025-05-04 19:54:20,225 - Indexer - INFO -  * Debugger PIN: 380-068-087
2025-05-04 19:54:44,202 - Indexer - INFO - Found credentials in shared credentials file: ~/.aws/credentials
2025-05-04 19:54:46,337 - Indexer - INFO - Found existing queue: https://sqs.us-east-1.amazonaws.com/405823273955/crawler-url-queue
2025-05-04 19:54:46,487 - Indexer - INFO - Found existing status queue: https://sqs.us-east-1.amazonaws.com/405823273955/crawler-status-queue
2025-05-04 19:54:46,488 - Indexer - INFO - Successfully initialized SQS queues
2025-05-04 19:54:47,595 - Indexer - INFO - DBManager initialized with DynamoDB tables
2025-05-04 19:54:47,712 - Indexer - INFO - AWS services initialized successfully
2025-05-04 19:54:47,744 - Indexer - INFO - [31m[1mWARNING: This is a development server. Do not use it in a production deployment. Use a production WSGI server instead.[0m
 * Running on all addresses (0.0.0.0)
 * Running on http://127.0.0.1:5000
 * Running on http://192.168.1.15:5000
2025-05-04 19:54:47,745 - Indexer - INFO - [33mPress CTRL+C to quit[0m
2025-05-04 19:54:47,747 - Indexer - INFO -  * Restarting with stat
2025-05-04 19:54:49,947 - Indexer - INFO - Found credentials in shared credentials file: ~/.aws/credentials
2025-05-04 19:54:50,814 - Indexer - INFO - Found existing queue: https://sqs.us-east-1.amazonaws.com/405823273955/crawler-url-queue
2025-05-04 19:54:50,948 - Indexer - INFO - Found existing status queue: https://sqs.us-east-1.amazonaws.com/405823273955/crawler-status-queue
2025-05-04 19:54:50,949 - Indexer - INFO - Successfully initialized SQS queues
2025-05-04 19:54:52,097 - Indexer - INFO - DBManager initialized with DynamoDB tables
2025-05-04 19:54:52,202 - Indexer - INFO - AWS services initialized successfully
2025-05-04 19:54:52,229 - Indexer - WARNING -  * Debugger is active!
2025-05-04 19:54:52,232 - Indexer - INFO -  * Debugger PIN: 380-068-087
2025-05-04 19:54:52,719 - Indexer - INFO - 127.0.0.1 - - [04/May/2025 19:54:52] "GET /?section=aws-tab HTTP/1.1" 200 -
2025-05-04 19:55:17,878 - Indexer - INFO - 127.0.0.1 - - [04/May/2025 19:55:17] "GET /?q=&section=search-tab HTTP/1.1" 200 -
2025-05-04 19:55:18,117 - Indexer - INFO - 127.0.0.1 - - [04/May/2025 19:55:18] "GET /?q=&section=search-tab HTTP/1.1" 200 -
2025-05-04 19:55:21,669 - Indexer - INFO - 127.0.0.1 - - [04/May/2025 19:55:21] "GET /?q=&section=search-tab HTTP/1.1" 200 -
2025-05-04 19:55:23,138 - Indexer - INFO - 127.0.0.1 - - [04/May/2025 19:55:23] "GET /?q=&section=search-tab HTTP/1.1" 200 -
2025-05-04 19:55:25,085 - Indexer - INFO - 127.0.0.1 - - [04/May/2025 19:55:25] "GET /?q=&section=search-tab HTTP/1.1" 200 -
2025-05-04 19:55:25,682 - Indexer - INFO - 127.0.0.1 - - [04/May/2025 19:55:25] "GET /?q=&section=search-tab HTTP/1.1" 200 -
2025-05-04 19:55:29,731 - Indexer - INFO - 127.0.0.1 - - [04/May/2025 19:55:29] "GET /?q=&section=search-tab HTTP/1.1" 200 -
2025-05-04 19:55:33,239 - Indexer - INFO - 127.0.0.1 - - [04/May/2025 19:55:33] "GET /?q=&section=search-tab HTTP/1.1" 200 -
2025-05-04 19:55:34,212 - Indexer - INFO - 127.0.0.1 - - [04/May/2025 19:55:34] "GET /?q=&section=search-tab HTTP/1.1" 200 -
2025-05-04 19:57:19,780 - Indexer - INFO -  * Detected change in 'C:\\Users\\acer\\Distributed-Web-Crawling-and-Indexing-System-using-Cloud-Computing\\web_search.py', reloading
2025-05-04 19:57:20,078 - Indexer - INFO -  * Restarting with stat
2025-05-04 19:57:22,297 - Indexer - INFO - Found credentials in shared credentials file: ~/.aws/credentials
2025-05-04 19:57:23,194 - Indexer - INFO - Found existing queue: https://sqs.us-east-1.amazonaws.com/405823273955/crawler-url-queue
2025-05-04 19:57:23,334 - Indexer - INFO - Found existing status queue: https://sqs.us-east-1.amazonaws.com/405823273955/crawler-status-queue
2025-05-04 19:57:23,335 - Indexer - INFO - Successfully initialized SQS queues
2025-05-04 19:57:24,452 - Indexer - INFO - DBManager initialized with DynamoDB tables
2025-05-04 19:57:24,550 - Indexer - INFO - AWS services initialized successfully
2025-05-04 19:57:24,574 - Indexer - WARNING -  * Debugger is active!
2025-05-04 19:57:24,577 - Indexer - INFO -  * Debugger PIN: 380-068-087
2025-05-04 19:57:40,713 - Indexer - INFO -  * Detected change in 'C:\\Users\\acer\\Distributed-Web-Crawling-and-Indexing-System-using-Cloud-Computing\\web_search.py', reloading
2025-05-04 19:57:41,017 - Indexer - INFO -  * Restarting with stat
2025-05-04 19:57:43,133 - Indexer - INFO - Found credentials in shared credentials file: ~/.aws/credentials
2025-05-04 19:57:43,993 - Indexer - INFO - Found existing queue: https://sqs.us-east-1.amazonaws.com/405823273955/crawler-url-queue
2025-05-04 19:57:44,157 - Indexer - INFO - Found existing status queue: https://sqs.us-east-1.amazonaws.com/405823273955/crawler-status-queue
2025-05-04 19:57:44,158 - Indexer - INFO - Successfully initialized SQS queues
2025-05-04 19:57:46,292 - Indexer - INFO - DBManager initialized with DynamoDB tables
2025-05-04 19:57:46,401 - Indexer - INFO - AWS services initialized successfully
2025-05-04 19:57:46,422 - Indexer - WARNING -  * Debugger is active!
2025-05-04 19:57:46,426 - Indexer - INFO -  * Debugger PIN: 380-068-087
2025-05-04 19:58:09,620 - Indexer - INFO -  * Detected change in 'C:\\Users\\acer\\Distributed-Web-Crawling-and-Indexing-System-using-Cloud-Computing\\web_search.py', reloading
2025-05-04 19:58:09,920 - Indexer - INFO -  * Restarting with stat
2025-05-04 19:58:11,997 - Indexer - INFO - Found credentials in shared credentials file: ~/.aws/credentials
2025-05-04 19:58:12,895 - Indexer - INFO - Found existing queue: https://sqs.us-east-1.amazonaws.com/405823273955/crawler-url-queue
2025-05-04 19:58:13,044 - Indexer - INFO - Found existing status queue: https://sqs.us-east-1.amazonaws.com/405823273955/crawler-status-queue
2025-05-04 19:58:13,044 - Indexer - INFO - Successfully initialized SQS queues
2025-05-04 19:58:15,114 - Indexer - INFO - DBManager initialized with DynamoDB tables
2025-05-04 19:58:15,218 - Indexer - INFO - AWS services initialized successfully
2025-05-04 19:58:15,243 - Indexer - WARNING -  * Debugger is active!
2025-05-04 19:58:15,246 - Indexer - INFO -  * Debugger PIN: 380-068-087
2025-05-04 19:58:27,304 - Indexer - INFO -  * Detected change in 'C:\\Users\\acer\\Distributed-Web-Crawling-and-Indexing-System-using-Cloud-Computing\\web_search.py', reloading
2025-05-04 19:58:27,628 - Indexer - INFO -  * Restarting with stat
2025-05-04 19:58:29,948 - Indexer - INFO - Found credentials in shared credentials file: ~/.aws/credentials
2025-05-04 19:58:30,850 - Indexer - INFO - Found existing queue: https://sqs.us-east-1.amazonaws.com/405823273955/crawler-url-queue
2025-05-04 19:58:31,055 - Indexer - INFO - Found existing status queue: https://sqs.us-east-1.amazonaws.com/405823273955/crawler-status-queue
2025-05-04 19:58:31,056 - Indexer - INFO - Successfully initialized SQS queues
2025-05-04 19:58:33,124 - Indexer - INFO - DBManager initialized with DynamoDB tables
2025-05-04 19:58:33,236 - Indexer - INFO - AWS services initialized successfully
2025-05-04 19:58:33,260 - Indexer - WARNING -  * Debugger is active!
2025-05-04 19:58:33,264 - Indexer - INFO -  * Debugger PIN: 380-068-087
2025-05-04 19:58:57,012 - Indexer - INFO -  * Detected change in 'C:\\Users\\acer\\Distributed-Web-Crawling-and-Indexing-System-using-Cloud-Computing\\web_search.py', reloading
2025-05-04 19:58:57,351 - Indexer - INFO -  * Restarting with stat
2025-05-04 19:58:59,660 - Indexer - INFO - Found credentials in shared credentials file: ~/.aws/credentials
2025-05-04 19:59:00,512 - Indexer - INFO - Found existing queue: https://sqs.us-east-1.amazonaws.com/405823273955/crawler-url-queue
2025-05-04 19:59:00,646 - Indexer - INFO - Found existing status queue: https://sqs.us-east-1.amazonaws.com/405823273955/crawler-status-queue
2025-05-04 19:59:00,647 - Indexer - INFO - Successfully initialized SQS queues
2025-05-04 19:59:02,692 - Indexer - INFO - DBManager initialized with DynamoDB tables
2025-05-04 19:59:02,801 - Indexer - INFO - AWS services initialized successfully
2025-05-04 19:59:02,824 - Indexer - WARNING -  * Debugger is active!
2025-05-04 19:59:02,827 - Indexer - INFO -  * Debugger PIN: 380-068-087
2025-05-04 19:59:33,870 - Indexer - INFO -  * Detected change in 'C:\\Users\\acer\\Distributed-Web-Crawling-and-Indexing-System-using-Cloud-Computing\\web_search.py', reloading
2025-05-04 19:59:34,187 - Indexer - INFO -  * Restarting with stat
2025-05-04 19:59:36,288 - Indexer - INFO - Found credentials in shared credentials file: ~/.aws/credentials
2025-05-04 19:59:37,544 - Indexer - INFO - Found existing queue: https://sqs.us-east-1.amazonaws.com/405823273955/crawler-url-queue
2025-05-04 19:59:37,936 - Indexer - INFO - Found existing status queue: https://sqs.us-east-1.amazonaws.com/405823273955/crawler-status-queue
2025-05-04 19:59:37,937 - Indexer - INFO - Successfully initialized SQS queues
2025-05-04 19:59:39,484 - Indexer - INFO - DBManager initialized with DynamoDB tables
2025-05-04 19:59:39,591 - Indexer - INFO - AWS services initialized successfully
2025-05-04 19:59:39,613 - Indexer - WARNING -  * Debugger is active!
2025-05-04 19:59:39,617 - Indexer - INFO -  * Debugger PIN: 380-068-087
2025-05-04 20:00:28,324 - Indexer - INFO - Found credentials in shared credentials file: ~/.aws/credentials
2025-05-04 20:00:29,292 - Indexer - INFO - Found existing queue: https://sqs.us-east-1.amazonaws.com/405823273955/crawler-url-queue
2025-05-04 20:00:29,429 - Indexer - INFO - Found existing status queue: https://sqs.us-east-1.amazonaws.com/405823273955/crawler-status-queue
2025-05-04 20:00:29,431 - Indexer - INFO - Successfully initialized SQS queues
2025-05-04 20:00:30,537 - Indexer - INFO - DBManager initialized with DynamoDB tables
2025-05-04 20:00:30,642 - Indexer - INFO - AWS services initialized successfully
2025-05-04 20:00:30,674 - Indexer - INFO - [31m[1mWARNING: This is a development server. Do not use it in a production deployment. Use a production WSGI server instead.[0m
 * Running on all addresses (0.0.0.0)
 * Running on http://127.0.0.1:5000
 * Running on http://192.168.1.15:5000
2025-05-04 20:00:30,674 - Indexer - INFO - [33mPress CTRL+C to quit[0m
2025-05-04 20:00:30,677 - Indexer - INFO -  * Restarting with stat
2025-05-04 20:00:32,824 - Indexer - INFO - Found credentials in shared credentials file: ~/.aws/credentials
2025-05-04 20:00:33,741 - Indexer - INFO - Found existing queue: https://sqs.us-east-1.amazonaws.com/405823273955/crawler-url-queue
2025-05-04 20:00:33,877 - Indexer - INFO - Found existing status queue: https://sqs.us-east-1.amazonaws.com/405823273955/crawler-status-queue
2025-05-04 20:00:33,878 - Indexer - INFO - Successfully initialized SQS queues
2025-05-04 20:00:34,995 - Indexer - INFO - DBManager initialized with DynamoDB tables
2025-05-04 20:00:35,099 - Indexer - INFO - AWS services initialized successfully
2025-05-04 20:00:35,121 - Indexer - WARNING -  * Debugger is active!
2025-05-04 20:00:35,124 - Indexer - INFO -  * Debugger PIN: 380-068-087
2025-05-04 20:00:37,927 - Indexer - INFO - 127.0.0.1 - - [04/May/2025 20:00:37] "GET / HTTP/1.1" 200 -
2025-05-04 20:02:01,757 - Indexer - INFO - 127.0.0.1 - - [04/May/2025 20:02:01] "GET / HTTP/1.1" 200 -
2025-05-04 20:04:54,972 - Indexer - INFO -  * Detected change in 'C:\\Users\\acer\\Distributed-Web-Crawling-and-Indexing-System-using-Cloud-Computing\\web_search.py', reloading
2025-05-04 20:04:55,331 - Indexer - INFO -  * Restarting with stat
2025-05-04 20:04:57,647 - Indexer - INFO - Found credentials in shared credentials file: ~/.aws/credentials
2025-05-04 20:04:58,555 - Indexer - INFO - Found existing queue: https://sqs.us-east-1.amazonaws.com/405823273955/crawler-url-queue
2025-05-04 20:04:58,712 - Indexer - INFO - Found existing status queue: https://sqs.us-east-1.amazonaws.com/405823273955/crawler-status-queue
2025-05-04 20:04:58,713 - Indexer - INFO - Successfully initialized SQS queues
2025-05-04 20:04:59,969 - Indexer - INFO - DBManager initialized with DynamoDB tables
2025-05-04 20:05:00,083 - Indexer - INFO - AWS services initialized successfully
2025-05-04 20:05:00,106 - Indexer - WARNING -  * Debugger is active!
2025-05-04 20:05:00,111 - Indexer - INFO -  * Debugger PIN: 380-068-087
2025-05-04 20:05:35,155 - Indexer - INFO -  * Detected change in 'C:\\Users\\acer\\Distributed-Web-Crawling-and-Indexing-System-using-Cloud-Computing\\web_search.py', reloading
2025-05-04 20:05:35,502 - Indexer - INFO -  * Restarting with stat
2025-05-04 20:05:37,829 - Indexer - INFO - Found credentials in shared credentials file: ~/.aws/credentials
2025-05-04 20:05:39,284 - Indexer - INFO - Found existing queue: https://sqs.us-east-1.amazonaws.com/405823273955/crawler-url-queue
2025-05-04 20:05:39,550 - Indexer - INFO - Found existing status queue: https://sqs.us-east-1.amazonaws.com/405823273955/crawler-status-queue
2025-05-04 20:05:39,552 - Indexer - INFO - Successfully initialized SQS queues
2025-05-04 20:05:40,668 - Indexer - INFO - DBManager initialized with DynamoDB tables
2025-05-04 20:05:40,770 - Indexer - INFO - AWS services initialized successfully
2025-05-04 20:05:40,797 - Indexer - WARNING -  * Debugger is active!
2025-05-04 20:05:40,800 - Indexer - INFO -  * Debugger PIN: 380-068-087
2025-05-04 20:05:52,952 - Indexer - INFO -  * Detected change in 'C:\\Users\\acer\\Distributed-Web-Crawling-and-Indexing-System-using-Cloud-Computing\\web_search.py', reloading
2025-05-04 20:05:53,267 - Indexer - INFO -  * Restarting with stat
2025-05-04 20:05:55,494 - Indexer - INFO - Found credentials in shared credentials file: ~/.aws/credentials
2025-05-04 20:05:56,502 - Indexer - INFO - Found existing queue: https://sqs.us-east-1.amazonaws.com/405823273955/crawler-url-queue
2025-05-04 20:05:56,648 - Indexer - INFO - Found existing status queue: https://sqs.us-east-1.amazonaws.com/405823273955/crawler-status-queue
2025-05-04 20:05:56,650 - Indexer - INFO - Successfully initialized SQS queues
2025-05-04 20:05:58,400 - Indexer - INFO - DBManager initialized with DynamoDB tables
2025-05-04 20:05:58,498 - Indexer - INFO - AWS services initialized successfully
2025-05-04 20:05:58,521 - Indexer - WARNING -  * Debugger is active!
2025-05-04 20:05:58,524 - Indexer - INFO -  * Debugger PIN: 380-068-087
2025-05-04 20:06:34,758 - Indexer - INFO -  * Detected change in 'C:\\Users\\acer\\Distributed-Web-Crawling-and-Indexing-System-using-Cloud-Computing\\web_search.py', reloading
2025-05-04 20:06:35,070 - Indexer - INFO -  * Restarting with stat
2025-05-04 20:06:37,298 - Indexer - INFO - Found credentials in shared credentials file: ~/.aws/credentials
2025-05-04 20:06:38,202 - Indexer - INFO - Found existing queue: https://sqs.us-east-1.amazonaws.com/405823273955/crawler-url-queue
2025-05-04 20:06:38,398 - Indexer - INFO - Found existing status queue: https://sqs.us-east-1.amazonaws.com/405823273955/crawler-status-queue
2025-05-04 20:06:38,399 - Indexer - INFO - Successfully initialized SQS queues
2025-05-04 20:06:40,026 - Indexer - INFO - DBManager initialized with DynamoDB tables
2025-05-04 20:06:40,136 - Indexer - INFO - AWS services initialized successfully
2025-05-04 20:06:40,159 - Indexer - WARNING -  * Debugger is active!
2025-05-04 20:06:40,162 - Indexer - INFO -  * Debugger PIN: 380-068-087
2025-05-04 20:06:49,406 - Indexer - INFO -  * Detected change in 'C:\\Users\\acer\\Distributed-Web-Crawling-and-Indexing-System-using-Cloud-Computing\\web_search.py', reloading
2025-05-04 20:06:49,712 - Indexer - INFO -  * Restarting with stat
2025-05-04 20:06:51,875 - Indexer - INFO - Found credentials in shared credentials file: ~/.aws/credentials
2025-05-04 20:06:52,743 - Indexer - INFO - Found existing queue: https://sqs.us-east-1.amazonaws.com/405823273955/crawler-url-queue
2025-05-04 20:06:52,884 - Indexer - INFO - Found existing status queue: https://sqs.us-east-1.amazonaws.com/405823273955/crawler-status-queue
2025-05-04 20:06:52,885 - Indexer - INFO - Successfully initialized SQS queues
2025-05-04 20:06:54,602 - Indexer - INFO - DBManager initialized with DynamoDB tables
2025-05-04 20:06:54,716 - Indexer - INFO - AWS services initialized successfully
2025-05-04 20:06:54,736 - Indexer - WARNING -  * Debugger is active!
2025-05-04 20:06:54,740 - Indexer - INFO -  * Debugger PIN: 380-068-087
2025-05-04 20:08:14,240 - Indexer - INFO - Found credentials in shared credentials file: ~/.aws/credentials
2025-05-04 20:08:15,177 - Indexer - INFO - Found existing queue: https://sqs.us-east-1.amazonaws.com/405823273955/crawler-url-queue
2025-05-04 20:08:15,318 - Indexer - INFO - Found existing status queue: https://sqs.us-east-1.amazonaws.com/405823273955/crawler-status-queue
2025-05-04 20:08:15,318 - Indexer - INFO - Successfully initialized SQS queues
2025-05-04 20:08:16,610 - Indexer - INFO - DBManager initialized with DynamoDB tables
2025-05-04 20:08:16,732 - Indexer - INFO - AWS services initialized successfully
2025-05-04 20:08:16,769 - Indexer - INFO - [31m[1mWARNING: This is a development server. Do not use it in a production deployment. Use a production WSGI server instead.[0m
 * Running on all addresses (0.0.0.0)
 * Running on http://127.0.0.1:5000
 * Running on http://192.168.1.15:5000
2025-05-04 20:08:16,770 - Indexer - INFO - [33mPress CTRL+C to quit[0m
2025-05-04 20:08:16,773 - Indexer - INFO -  * Restarting with stat
2025-05-04 20:08:19,136 - Indexer - INFO - Found credentials in shared credentials file: ~/.aws/credentials
2025-05-04 20:08:20,057 - Indexer - INFO - Found existing queue: https://sqs.us-east-1.amazonaws.com/405823273955/crawler-url-queue
2025-05-04 20:08:20,193 - Indexer - INFO - Found existing status queue: https://sqs.us-east-1.amazonaws.com/405823273955/crawler-status-queue
2025-05-04 20:08:20,194 - Indexer - INFO - Successfully initialized SQS queues
2025-05-04 20:08:21,306 - Indexer - INFO - DBManager initialized with DynamoDB tables
2025-05-04 20:08:21,414 - Indexer - INFO - AWS services initialized successfully
2025-05-04 20:08:21,439 - Indexer - WARNING -  * Debugger is active!
2025-05-04 20:08:21,442 - Indexer - INFO -  * Debugger PIN: 380-068-087
2025-05-04 20:08:22,029 - Indexer - INFO - 127.0.0.1 - - [04/May/2025 20:08:22] "GET / HTTP/1.1" 200 -
2025-05-04 20:08:43,215 - Indexer - INFO - 127.0.0.1 - - [04/May/2025 20:08:43] "GET /?q= HTTP/1.1" 200 -
2025-05-04 20:08:45,922 - Indexer - INFO - 127.0.0.1 - - [04/May/2025 20:08:45] "GET /?q= HTTP/1.1" 200 -
2025-05-04 20:08:46,075 - Indexer - INFO - 127.0.0.1 - - [04/May/2025 20:08:46] "GET /?q= HTTP/1.1" 200 -
2025-05-04 20:09:54,106 - Indexer - INFO -  * Detected change in 'C:\\Users\\acer\\Distributed-Web-Crawling-and-Indexing-System-using-Cloud-Computing\\web_search.py', reloading
2025-05-04 20:09:54,464 - Indexer - INFO -  * Restarting with stat
2025-05-04 20:09:56,955 - Indexer - INFO - Found credentials in shared credentials file: ~/.aws/credentials
2025-05-04 20:09:57,873 - Indexer - INFO - Found existing queue: https://sqs.us-east-1.amazonaws.com/405823273955/crawler-url-queue
2025-05-04 20:09:58,012 - Indexer - INFO - Found existing status queue: https://sqs.us-east-1.amazonaws.com/405823273955/crawler-status-queue
2025-05-04 20:09:58,013 - Indexer - INFO - Successfully initialized SQS queues
2025-05-04 20:09:59,138 - Indexer - INFO - DBManager initialized with DynamoDB tables
2025-05-04 20:09:59,259 - Indexer - INFO - AWS services initialized successfully
2025-05-04 20:09:59,283 - Indexer - WARNING -  * Debugger is active!
2025-05-04 20:09:59,286 - Indexer - INFO -  * Debugger PIN: 380-068-087
2025-05-04 20:10:06,499 - Indexer - INFO -  * Detected change in 'C:\\Users\\acer\\Distributed-Web-Crawling-and-Indexing-System-using-Cloud-Computing\\web_search.py', reloading
2025-05-04 20:10:06,864 - Indexer - INFO -  * Restarting with stat
2025-05-04 20:10:09,276 - Indexer - INFO - Found credentials in shared credentials file: ~/.aws/credentials
2025-05-04 20:10:10,132 - Indexer - INFO - Found existing queue: https://sqs.us-east-1.amazonaws.com/405823273955/crawler-url-queue
2025-05-04 20:10:10,267 - Indexer - INFO - Found existing status queue: https://sqs.us-east-1.amazonaws.com/405823273955/crawler-status-queue
2025-05-04 20:10:10,269 - Indexer - INFO - Successfully initialized SQS queues
2025-05-04 20:10:12,153 - Indexer - INFO - DBManager initialized with DynamoDB tables
2025-05-04 20:10:12,250 - Indexer - INFO - AWS services initialized successfully
2025-05-04 20:10:12,274 - Indexer - WARNING -  * Debugger is active!
2025-05-04 20:10:12,277 - Indexer - INFO -  * Debugger PIN: 380-068-087
2025-05-04 20:17:33,175 - Indexer - INFO -  * Detected change in 'C:\\Users\\acer\\Distributed-Web-Crawling-and-Indexing-System-using-Cloud-Computing\\deploy_to_ec2.py', reloading
2025-05-04 20:17:33,526 - Indexer - INFO -  * Restarting with stat
2025-05-04 20:17:36,038 - Indexer - INFO - Found credentials in shared credentials file: ~/.aws/credentials
2025-05-04 20:17:38,045 - Indexer - INFO - Found existing queue: https://sqs.us-east-1.amazonaws.com/405823273955/crawler-url-queue
2025-05-04 20:17:38,198 - Indexer - INFO - Found existing status queue: https://sqs.us-east-1.amazonaws.com/405823273955/crawler-status-queue
2025-05-04 20:17:38,198 - Indexer - INFO - Successfully initialized SQS queues
2025-05-04 20:17:39,442 - Indexer - INFO - DBManager initialized with DynamoDB tables
2025-05-04 20:17:39,545 - Indexer - INFO - AWS services initialized successfully
2025-05-04 20:17:39,574 - Indexer - WARNING -  * Debugger is active!
2025-05-04 20:17:39,581 - Indexer - INFO -  * Debugger PIN: 380-068-087
2025-05-04 20:17:57,153 - Indexer - INFO -  * Detected change in 'C:\\Users\\acer\\Distributed-Web-Crawling-and-Indexing-System-using-Cloud-Computing\\deploy_to_ec2.py', reloading
2025-05-04 20:17:57,473 - Indexer - INFO -  * Restarting with stat
2025-05-04 20:17:59,875 - Indexer - INFO - Found credentials in shared credentials file: ~/.aws/credentials
2025-05-04 20:18:00,825 - Indexer - INFO - Found existing queue: https://sqs.us-east-1.amazonaws.com/405823273955/crawler-url-queue
2025-05-04 20:18:00,959 - Indexer - INFO - Found existing status queue: https://sqs.us-east-1.amazonaws.com/405823273955/crawler-status-queue
2025-05-04 20:18:00,959 - Indexer - INFO - Successfully initialized SQS queues
2025-05-04 20:18:02,162 - Indexer - INFO - DBManager initialized with DynamoDB tables
2025-05-04 20:18:02,260 - Indexer - INFO - AWS services initialized successfully
2025-05-04 20:18:02,277 - Indexer - WARNING -  * Debugger is active!
2025-05-04 20:18:02,280 - Indexer - INFO -  * Debugger PIN: 380-068-087
2025-05-04 20:18:30,535 - Indexer - INFO -  * Detected change in 'C:\\Users\\acer\\Distributed-Web-Crawling-and-Indexing-System-using-Cloud-Computing\\deploy_to_ec2.py', reloading
2025-05-04 20:18:30,865 - Indexer - INFO -  * Restarting with stat
2025-05-04 20:18:33,151 - Indexer - INFO - Found credentials in shared credentials file: ~/.aws/credentials
2025-05-04 20:18:34,218 - Indexer - INFO - Found existing queue: https://sqs.us-east-1.amazonaws.com/405823273955/crawler-url-queue
2025-05-04 20:18:34,355 - Indexer - INFO - Found existing status queue: https://sqs.us-east-1.amazonaws.com/405823273955/crawler-status-queue
2025-05-04 20:18:34,356 - Indexer - INFO - Successfully initialized SQS queues
2025-05-04 20:18:35,461 - Indexer - INFO - DBManager initialized with DynamoDB tables
2025-05-04 20:18:35,557 - Indexer - INFO - AWS services initialized successfully
2025-05-04 20:18:35,579 - Indexer - WARNING -  * Debugger is active!
2025-05-04 20:18:35,581 - Indexer - INFO -  * Debugger PIN: 380-068-087
2025-05-04 20:18:59,028 - Indexer - INFO -  * Detected change in 'C:\\Users\\acer\\Distributed-Web-Crawling-and-Indexing-System-using-Cloud-Computing\\deploy_to_ec2.py', reloading
2025-05-04 20:18:59,547 - Indexer - INFO -  * Restarting with stat
2025-05-04 20:19:01,772 - Indexer - INFO - Found credentials in shared credentials file: ~/.aws/credentials
2025-05-04 20:19:02,652 - Indexer - INFO - Found existing queue: https://sqs.us-east-1.amazonaws.com/405823273955/crawler-url-queue
2025-05-04 20:19:02,786 - Indexer - INFO - Found existing status queue: https://sqs.us-east-1.amazonaws.com/405823273955/crawler-status-queue
2025-05-04 20:19:02,787 - Indexer - INFO - Successfully initialized SQS queues
2025-05-04 20:19:03,965 - Indexer - INFO - DBManager initialized with DynamoDB tables
2025-05-04 20:19:04,074 - Indexer - INFO - AWS services initialized successfully
2025-05-04 20:19:04,095 - Indexer - WARNING -  * Debugger is active!
2025-05-04 20:19:04,098 - Indexer - INFO -  * Debugger PIN: 380-068-087
2025-05-04 20:19:28,940 - Indexer - INFO -  * Detected change in 'C:\\Users\\acer\\Distributed-Web-Crawling-and-Indexing-System-using-Cloud-Computing\\deploy_to_ec2.py', reloading
2025-05-04 20:19:29,254 - Indexer - INFO -  * Restarting with stat
2025-05-04 20:19:31,492 - Indexer - INFO - Found credentials in shared credentials file: ~/.aws/credentials
2025-05-04 20:19:32,478 - Indexer - INFO - Found existing queue: https://sqs.us-east-1.amazonaws.com/405823273955/crawler-url-queue
2025-05-04 20:19:32,628 - Indexer - INFO - Found existing status queue: https://sqs.us-east-1.amazonaws.com/405823273955/crawler-status-queue
2025-05-04 20:19:32,629 - Indexer - INFO - Successfully initialized SQS queues
2025-05-04 20:19:33,815 - Indexer - INFO - DBManager initialized with DynamoDB tables
2025-05-04 20:19:33,911 - Indexer - INFO - AWS services initialized successfully
2025-05-04 20:19:33,934 - Indexer - WARNING -  * Debugger is active!
2025-05-04 20:19:33,937 - Indexer - INFO -  * Debugger PIN: 380-068-087
2025-05-04 20:23:09,623 - Indexer - INFO -  * Detected change in 'C:\\Users\\acer\\Distributed-Web-Crawling-and-Indexing-System-using-Cloud-Computing\\deploy_to_ec2.py', reloading
2025-05-04 20:23:09,916 - Indexer - INFO -  * Restarting with stat
2025-05-04 20:23:12,059 - Indexer - INFO - Found credentials in shared credentials file: ~/.aws/credentials
2025-05-04 20:23:13,021 - Indexer - INFO - Found existing queue: https://sqs.us-east-1.amazonaws.com/405823273955/crawler-url-queue
2025-05-04 20:23:13,160 - Indexer - INFO - Found existing status queue: https://sqs.us-east-1.amazonaws.com/405823273955/crawler-status-queue
2025-05-04 20:23:13,161 - Indexer - INFO - Successfully initialized SQS queues
2025-05-04 20:23:14,264 - Indexer - INFO - DBManager initialized with DynamoDB tables
2025-05-04 20:23:14,356 - Indexer - INFO - AWS services initialized successfully
2025-05-04 20:23:14,377 - Indexer - WARNING -  * Debugger is active!
2025-05-04 20:23:14,380 - Indexer - INFO -  * Debugger PIN: 380-068-087
2025-05-04 20:23:23,682 - Indexer - INFO -  * Detected change in 'C:\\Users\\acer\\Distributed-Web-Crawling-and-Indexing-System-using-Cloud-Computing\\deploy_to_ec2.py', reloading
2025-05-04 20:23:24,008 - Indexer - INFO -  * Restarting with stat
2025-05-04 20:23:26,222 - Indexer - INFO - Found credentials in shared credentials file: ~/.aws/credentials
2025-05-04 20:23:27,091 - Indexer - INFO - Found existing queue: https://sqs.us-east-1.amazonaws.com/405823273955/crawler-url-queue
2025-05-04 20:23:27,276 - Indexer - INFO - Found existing status queue: https://sqs.us-east-1.amazonaws.com/405823273955/crawler-status-queue
2025-05-04 20:23:27,277 - Indexer - INFO - Successfully initialized SQS queues
2025-05-04 20:23:29,059 - Indexer - INFO - DBManager initialized with DynamoDB tables
2025-05-04 20:23:29,161 - Indexer - INFO - AWS services initialized successfully
2025-05-04 20:23:29,182 - Indexer - WARNING -  * Debugger is active!
2025-05-04 20:23:29,185 - Indexer - INFO -  * Debugger PIN: 380-068-087
2025-05-04 20:23:38,589 - Indexer - INFO -  * Detected change in 'C:\\Users\\acer\\Distributed-Web-Crawling-and-Indexing-System-using-Cloud-Computing\\deploy_to_ec2.py', reloading
2025-05-04 20:23:39,014 - Indexer - INFO -  * Restarting with stat
2025-05-04 20:23:41,390 - Indexer - INFO - Found credentials in shared credentials file: ~/.aws/credentials
2025-05-04 20:23:42,297 - Indexer - INFO - Found existing queue: https://sqs.us-east-1.amazonaws.com/405823273955/crawler-url-queue
2025-05-04 20:23:42,435 - Indexer - INFO - Found existing status queue: https://sqs.us-east-1.amazonaws.com/405823273955/crawler-status-queue
2025-05-04 20:23:42,436 - Indexer - INFO - Successfully initialized SQS queues
2025-05-04 20:23:43,523 - Indexer - INFO - DBManager initialized with DynamoDB tables
2025-05-04 20:23:43,622 - Indexer - INFO - AWS services initialized successfully
2025-05-04 20:23:43,644 - Indexer - WARNING -  * Debugger is active!
2025-05-04 20:23:43,648 - Indexer - INFO -  * Debugger PIN: 380-068-087
2025-05-04 20:23:52,942 - Indexer - INFO -  * Detected change in 'C:\\Users\\acer\\Distributed-Web-Crawling-and-Indexing-System-using-Cloud-Computing\\deploy_to_ec2.py', reloading
2025-05-04 20:23:53,272 - Indexer - INFO -  * Restarting with stat
2025-05-04 20:23:55,579 - Indexer - INFO - Found credentials in shared credentials file: ~/.aws/credentials
2025-05-04 20:23:56,501 - Indexer - INFO - Found existing queue: https://sqs.us-east-1.amazonaws.com/405823273955/crawler-url-queue
2025-05-04 20:23:56,653 - Indexer - INFO - Found existing status queue: https://sqs.us-east-1.amazonaws.com/405823273955/crawler-status-queue
2025-05-04 20:23:56,654 - Indexer - INFO - Successfully initialized SQS queues
2025-05-04 20:23:57,782 - Indexer - INFO - DBManager initialized with DynamoDB tables
2025-05-04 20:23:57,887 - Indexer - INFO - AWS services initialized successfully
2025-05-04 20:23:57,910 - Indexer - WARNING -  * Debugger is active!
2025-05-04 20:23:57,913 - Indexer - INFO -  * Debugger PIN: 380-068-087
2025-05-04 20:26:06,488 - Indexer - INFO -  * Detected change in 'C:\\Users\\acer\\Distributed-Web-Crawling-and-Indexing-System-using-Cloud-Computing\\deploy_to_ec2.py', reloading
2025-05-04 20:26:06,881 - Indexer - INFO -  * Restarting with stat
2025-05-04 20:26:09,658 - Indexer - INFO - Found credentials in shared credentials file: ~/.aws/credentials
2025-05-04 20:26:10,594 - Indexer - INFO - Found existing queue: https://sqs.us-east-1.amazonaws.com/405823273955/crawler-url-queue
2025-05-04 20:26:10,732 - Indexer - INFO - Found existing status queue: https://sqs.us-east-1.amazonaws.com/405823273955/crawler-status-queue
2025-05-04 20:26:10,733 - Indexer - INFO - Successfully initialized SQS queues
2025-05-04 20:26:11,885 - Indexer - INFO - DBManager initialized with DynamoDB tables
2025-05-04 20:26:11,984 - Indexer - INFO - AWS services initialized successfully
2025-05-04 20:26:12,007 - Indexer - WARNING -  * Debugger is active!
2025-05-04 20:26:12,009 - Indexer - INFO -  * Debugger PIN: 380-068-087
2025-05-04 20:26:23,778 - Indexer - INFO -  * Detected change in 'C:\\Users\\acer\\Distributed-Web-Crawling-and-Indexing-System-using-Cloud-Computing\\deploy_to_ec2.py', reloading
2025-05-04 20:26:24,150 - Indexer - INFO -  * Restarting with stat
2025-05-04 20:26:26,592 - Indexer - INFO - Found credentials in shared credentials file: ~/.aws/credentials
2025-05-04 20:26:27,505 - Indexer - INFO - Found existing queue: https://sqs.us-east-1.amazonaws.com/405823273955/crawler-url-queue
2025-05-04 20:26:27,641 - Indexer - INFO - Found existing status queue: https://sqs.us-east-1.amazonaws.com/405823273955/crawler-status-queue
2025-05-04 20:26:27,641 - Indexer - INFO - Successfully initialized SQS queues
2025-05-04 20:26:28,734 - Indexer - INFO - DBManager initialized with DynamoDB tables
2025-05-04 20:26:28,835 - Indexer - INFO - AWS services initialized successfully
2025-05-04 20:26:28,858 - Indexer - WARNING -  * Debugger is active!
2025-05-04 20:26:28,861 - Indexer - INFO -  * Debugger PIN: 380-068-087
2025-05-04 20:52:07,237 - Indexer - INFO -  * Detected change in 'C:\\Users\\acer\\Distributed-Web-Crawling-and-Indexing-System-using-Cloud-Computing\\web_search.py', reloading
2025-05-04 20:52:07,531 - Indexer - INFO -  * Restarting with stat
2025-05-04 20:52:09,563 - Indexer - INFO - Found credentials in shared credentials file: ~/.aws/credentials
2025-05-04 20:52:10,561 - Indexer - INFO - Found existing queue: https://sqs.us-east-1.amazonaws.com/405823273955/crawler-url-queue
2025-05-04 20:52:10,706 - Indexer - INFO - Found existing status queue: https://sqs.us-east-1.amazonaws.com/405823273955/crawler-status-queue
2025-05-04 20:52:10,707 - Indexer - INFO - Successfully initialized SQS queues
2025-05-04 20:52:11,819 - Indexer - INFO - DBManager initialized with DynamoDB tables
2025-05-04 20:52:11,820 - Indexer - INFO - AWS services initialized successfully
2025-05-04 20:52:11,846 - Indexer - WARNING -  * Debugger is active!
2025-05-04 20:52:11,849 - Indexer - INFO -  * Debugger PIN: 380-068-087
2025-05-04 20:52:15,494 - Indexer - INFO -  * Detected change in 'C:\\Users\\acer\\Distributed-Web-Crawling-and-Indexing-System-using-Cloud-Computing\\web_search.py', reloading
2025-05-04 20:52:15,776 - Indexer - INFO -  * Restarting with stat
2025-05-04 20:52:17,824 - Indexer - INFO - Found credentials in shared credentials file: ~/.aws/credentials
2025-05-04 20:52:18,828 - Indexer - INFO - Found existing queue: https://sqs.us-east-1.amazonaws.com/405823273955/crawler-url-queue
2025-05-04 20:52:18,967 - Indexer - INFO - Found existing status queue: https://sqs.us-east-1.amazonaws.com/405823273955/crawler-status-queue
2025-05-04 20:52:18,968 - Indexer - INFO - Successfully initialized SQS queues
2025-05-04 20:52:20,066 - Indexer - INFO - DBManager initialized with DynamoDB tables
2025-05-04 20:52:20,067 - Indexer - INFO - AWS services initialized successfully
2025-05-04 20:52:20,091 - Indexer - WARNING -  * Debugger is active!
2025-05-04 20:52:20,094 - Indexer - INFO -  * Debugger PIN: 380-068-087
2025-05-04 20:52:23,586 - Indexer - INFO -  * Detected change in 'C:\\Users\\acer\\Distributed-Web-Crawling-and-Indexing-System-using-Cloud-Computing\\web_search.py', reloading
2025-05-04 20:52:23,859 - Indexer - INFO -  * Restarting with stat
2025-05-04 20:52:25,966 - Indexer - INFO - Found credentials in shared credentials file: ~/.aws/credentials
2025-05-04 20:52:26,945 - Indexer - INFO - Found existing queue: https://sqs.us-east-1.amazonaws.com/405823273955/crawler-url-queue
2025-05-04 20:52:27,094 - Indexer - INFO - Found existing status queue: https://sqs.us-east-1.amazonaws.com/405823273955/crawler-status-queue
2025-05-04 20:52:27,095 - Indexer - INFO - Successfully initialized SQS queues
2025-05-04 20:52:28,219 - Indexer - INFO - DBManager initialized with DynamoDB tables
2025-05-04 20:52:28,221 - Indexer - INFO - AWS services initialized successfully
2025-05-04 20:52:28,249 - Indexer - WARNING -  * Debugger is active!
2025-05-04 20:52:28,252 - Indexer - INFO -  * Debugger PIN: 380-068-087
2025-05-04 20:52:40,216 - Indexer - INFO -  * Detected change in 'C:\\Users\\acer\\Distributed-Web-Crawling-and-Indexing-System-using-Cloud-Computing\\web_search.py', reloading
2025-05-04 20:52:40,496 - Indexer - INFO -  * Restarting with stat
2025-05-04 20:52:42,484 - Indexer - INFO - Found credentials in shared credentials file: ~/.aws/credentials
2025-05-04 20:52:43,431 - Indexer - INFO - Found existing queue: https://sqs.us-east-1.amazonaws.com/405823273955/crawler-url-queue
2025-05-04 20:52:43,566 - Indexer - INFO - Found existing status queue: https://sqs.us-east-1.amazonaws.com/405823273955/crawler-status-queue
2025-05-04 20:52:43,567 - Indexer - INFO - Successfully initialized SQS queues
2025-05-04 20:52:45,192 - Indexer - INFO - DBManager initialized with DynamoDB tables
2025-05-04 20:52:45,193 - Indexer - INFO - AWS services initialized successfully
2025-05-04 20:52:45,219 - Indexer - WARNING -  * Debugger is active!
2025-05-04 20:52:45,222 - Indexer - INFO -  * Debugger PIN: 380-068-087
2025-05-04 20:52:51,552 - Indexer - INFO -  * Detected change in 'C:\\Users\\acer\\Distributed-Web-Crawling-and-Indexing-System-using-Cloud-Computing\\web_search.py', reloading
2025-05-04 20:52:51,827 - Indexer - INFO -  * Restarting with stat
2025-05-04 20:52:53,974 - Indexer - INFO - Found credentials in shared credentials file: ~/.aws/credentials
2025-05-04 20:52:54,927 - Indexer - INFO - Found existing queue: https://sqs.us-east-1.amazonaws.com/405823273955/crawler-url-queue
2025-05-04 20:52:55,063 - Indexer - INFO - Found existing status queue: https://sqs.us-east-1.amazonaws.com/405823273955/crawler-status-queue
2025-05-04 20:52:55,065 - Indexer - INFO - Successfully initialized SQS queues
2025-05-04 20:52:56,166 - Indexer - INFO - DBManager initialized with DynamoDB tables
2025-05-04 20:52:56,167 - Indexer - INFO - AWS services initialized successfully
2025-05-04 20:52:56,192 - Indexer - WARNING -  * Debugger is active!
2025-05-04 20:52:56,194 - Indexer - INFO -  * Debugger PIN: 380-068-087
2025-05-04 20:53:23,810 - Indexer - INFO -  * Detected change in 'C:\\Users\\acer\\Distributed-Web-Crawling-and-Indexing-System-using-Cloud-Computing\\web_search.py', reloading
2025-05-04 20:53:24,089 - Indexer - INFO -  * Restarting with stat
2025-05-04 20:53:26,192 - Indexer - INFO - Found credentials in shared credentials file: ~/.aws/credentials
2025-05-04 20:53:27,601 - Indexer - INFO - Found existing queue: https://sqs.us-east-1.amazonaws.com/405823273955/crawler-url-queue
2025-05-04 20:53:27,935 - Indexer - INFO - Found existing status queue: https://sqs.us-east-1.amazonaws.com/405823273955/crawler-status-queue
2025-05-04 20:53:27,936 - Indexer - INFO - Successfully initialized SQS queues
2025-05-04 20:53:29,064 - Indexer - INFO - DBManager initialized with DynamoDB tables
2025-05-04 20:53:29,065 - Indexer - INFO - AWS services initialized successfully
2025-05-04 20:53:29,092 - Indexer - WARNING -  * Debugger is active!
2025-05-04 20:53:29,095 - Indexer - INFO -  * Debugger PIN: 380-068-087
2025-05-04 20:53:45,367 - Indexer - INFO -  * Detected change in 'C:\\Users\\acer\\Distributed-Web-Crawling-and-Indexing-System-using-Cloud-Computing\\web_search.py', reloading
2025-05-04 20:53:45,652 - Indexer - INFO -  * Restarting with stat
2025-05-04 20:53:47,688 - Indexer - INFO - Found credentials in shared credentials file: ~/.aws/credentials
2025-05-04 20:53:48,654 - Indexer - INFO - Found existing queue: https://sqs.us-east-1.amazonaws.com/405823273955/crawler-url-queue
2025-05-04 20:53:48,795 - Indexer - INFO - Found existing status queue: https://sqs.us-east-1.amazonaws.com/405823273955/crawler-status-queue
2025-05-04 20:53:48,796 - Indexer - INFO - Successfully initialized SQS queues
2025-05-04 20:53:49,941 - Indexer - INFO - DBManager initialized with DynamoDB tables
2025-05-04 20:53:49,942 - Indexer - INFO - AWS services initialized successfully
2025-05-04 20:53:49,973 - Indexer - WARNING -  * Debugger is active!
2025-05-04 20:53:49,978 - Indexer - INFO -  * Debugger PIN: 380-068-087
2025-05-04 21:02:27,460 - Indexer - INFO -  * Detected change in 'C:\\Users\\acer\\Distributed-Web-Crawling-and-Indexing-System-using-Cloud-Computing\\web_search.py', reloading
2025-05-04 21:02:27,773 - Indexer - INFO -  * Restarting with stat
2025-05-04 21:02:30,092 - Indexer - INFO - Found credentials in shared credentials file: ~/.aws/credentials
2025-05-04 21:02:31,570 - Indexer - INFO - Found existing queue: https://sqs.us-east-1.amazonaws.com/405823273955/crawler-url-queue
2025-05-04 21:02:31,770 - Indexer - INFO - Found existing status queue: https://sqs.us-east-1.amazonaws.com/405823273955/crawler-status-queue
2025-05-04 21:02:31,771 - Indexer - INFO - Successfully initialized SQS queues
2025-05-04 21:02:32,870 - Indexer - INFO - DBManager initialized with DynamoDB tables
2025-05-04 21:02:32,871 - Indexer - INFO - AWS services initialized successfully
2025-05-04 21:02:32,900 - Indexer - WARNING -  * Debugger is active!
2025-05-04 21:02:32,902 - Indexer - INFO -  * Debugger PIN: 380-068-087
2025-05-04 21:02:38,014 - Indexer - INFO -  * Detected change in 'C:\\Users\\acer\\Distributed-Web-Crawling-and-Indexing-System-using-Cloud-Computing\\web_search.py', reloading
2025-05-04 21:02:38,297 - Indexer - INFO -  * Restarting with stat
2025-05-04 21:02:40,391 - Indexer - INFO - Found credentials in shared credentials file: ~/.aws/credentials
2025-05-04 21:02:41,365 - Indexer - INFO - Found existing queue: https://sqs.us-east-1.amazonaws.com/405823273955/crawler-url-queue
2025-05-04 21:02:41,501 - Indexer - INFO - Found existing status queue: https://sqs.us-east-1.amazonaws.com/405823273955/crawler-status-queue
2025-05-04 21:02:41,502 - Indexer - INFO - Successfully initialized SQS queues
2025-05-04 21:02:43,511 - Indexer - INFO - DBManager initialized with DynamoDB tables
2025-05-04 21:02:43,511 - Indexer - INFO - AWS services initialized successfully
2025-05-04 21:02:43,533 - Indexer - WARNING -  * Debugger is active!
2025-05-04 21:02:43,536 - Indexer - INFO -  * Debugger PIN: 380-068-087
2025-05-04 21:02:52,684 - Indexer - INFO -  * Detected change in 'C:\\Users\\acer\\Distributed-Web-Crawling-and-Indexing-System-using-Cloud-Computing\\web_search.py', reloading
2025-05-04 21:02:53,012 - Indexer - INFO -  * Restarting with stat
2025-05-04 21:02:55,013 - Indexer - INFO - Found credentials in shared credentials file: ~/.aws/credentials
2025-05-04 21:02:56,000 - Indexer - INFO - Found existing queue: https://sqs.us-east-1.amazonaws.com/405823273955/crawler-url-queue
2025-05-04 21:02:56,296 - Indexer - INFO - Found existing status queue: https://sqs.us-east-1.amazonaws.com/405823273955/crawler-status-queue
2025-05-04 21:02:56,298 - Indexer - INFO - Successfully initialized SQS queues
2025-05-04 21:02:57,863 - Indexer - INFO - DBManager initialized with DynamoDB tables
2025-05-04 21:02:57,864 - Indexer - INFO - AWS services initialized successfully
2025-05-04 21:02:57,886 - Indexer - WARNING -  * Debugger is active!
2025-05-04 21:02:57,888 - Indexer - INFO -  * Debugger PIN: 380-068-087
2025-05-04 21:03:11,410 - Indexer - INFO -  * Detected change in 'C:\\Users\\acer\\Distributed-Web-Crawling-and-Indexing-System-using-Cloud-Computing\\web_search.py', reloading
2025-05-04 21:03:11,691 - Indexer - INFO -  * Restarting with stat
2025-05-04 21:03:13,882 - Indexer - INFO - Found credentials in shared credentials file: ~/.aws/credentials
2025-05-04 21:03:14,839 - Indexer - INFO - Found existing queue: https://sqs.us-east-1.amazonaws.com/405823273955/crawler-url-queue
2025-05-04 21:03:14,978 - Indexer - INFO - Found existing status queue: https://sqs.us-east-1.amazonaws.com/405823273955/crawler-status-queue
2025-05-04 21:03:14,980 - Indexer - INFO - Successfully initialized SQS queues
2025-05-04 21:03:16,078 - Indexer - INFO - DBManager initialized with DynamoDB tables
2025-05-04 21:03:16,079 - Indexer - INFO - AWS services initialized successfully
2025-05-04 21:03:16,101 - Indexer - WARNING -  * Debugger is active!
2025-05-04 21:03:16,104 - Indexer - INFO -  * Debugger PIN: 380-068-087
2025-05-04 21:03:21,179 - Indexer - INFO -  * Detected change in 'C:\\Users\\acer\\Distributed-Web-Crawling-and-Indexing-System-using-Cloud-Computing\\web_search.py', reloading
2025-05-04 21:03:21,525 - Indexer - INFO -  * Restarting with stat
2025-05-04 21:03:23,595 - Indexer - INFO - Found credentials in shared credentials file: ~/.aws/credentials
2025-05-04 21:03:24,579 - Indexer - INFO - Found existing queue: https://sqs.us-east-1.amazonaws.com/405823273955/crawler-url-queue
2025-05-04 21:03:24,716 - Indexer - INFO - Found existing status queue: https://sqs.us-east-1.amazonaws.com/405823273955/crawler-status-queue
2025-05-04 21:03:24,717 - Indexer - INFO - Successfully initialized SQS queues
2025-05-04 21:03:25,833 - Indexer - INFO - DBManager initialized with DynamoDB tables
2025-05-04 21:03:25,834 - Indexer - INFO - AWS services initialized successfully
2025-05-04 21:03:25,861 - Indexer - WARNING -  * Debugger is active!
2025-05-04 21:03:25,864 - Indexer - INFO -  * Debugger PIN: 380-068-087
2025-05-04 21:03:36,428 - Indexer - INFO -  * Detected change in 'C:\\Users\\acer\\Distributed-Web-Crawling-and-Indexing-System-using-Cloud-Computing\\web_search.py', reloading
2025-05-04 21:03:36,740 - Indexer - INFO -  * Restarting with stat
2025-05-04 21:03:38,768 - Indexer - INFO - Found credentials in shared credentials file: ~/.aws/credentials
2025-05-04 21:03:39,745 - Indexer - INFO - Found existing queue: https://sqs.us-east-1.amazonaws.com/405823273955/crawler-url-queue
2025-05-04 21:03:39,882 - Indexer - INFO - Found existing status queue: https://sqs.us-east-1.amazonaws.com/405823273955/crawler-status-queue
2025-05-04 21:03:39,883 - Indexer - INFO - Successfully initialized SQS queues
2025-05-04 21:03:41,280 - Indexer - INFO - DBManager initialized with DynamoDB tables
2025-05-04 21:03:41,280 - Indexer - INFO - AWS services initialized successfully
2025-05-04 21:03:41,302 - Indexer - WARNING -  * Debugger is active!
2025-05-04 21:03:41,305 - Indexer - INFO -  * Debugger PIN: 380-068-087
2025-05-04 21:03:54,712 - Indexer - INFO -  * Detected change in 'C:\\Users\\acer\\Distributed-Web-Crawling-and-Indexing-System-using-Cloud-Computing\\web_search.py', reloading
2025-05-04 21:03:55,002 - Indexer - INFO -  * Restarting with stat
2025-05-04 21:03:57,235 - Indexer - INFO - Found credentials in shared credentials file: ~/.aws/credentials
2025-05-04 21:03:58,273 - Indexer - INFO - Found existing queue: https://sqs.us-east-1.amazonaws.com/405823273955/crawler-url-queue
2025-05-04 21:03:58,567 - Indexer - INFO - Found existing status queue: https://sqs.us-east-1.amazonaws.com/405823273955/crawler-status-queue
2025-05-04 21:03:58,567 - Indexer - INFO - Successfully initialized SQS queues
2025-05-04 21:04:00,131 - Indexer - INFO - DBManager initialized with DynamoDB tables
2025-05-04 21:04:00,132 - Indexer - INFO - AWS services initialized successfully
2025-05-04 21:04:00,155 - Indexer - WARNING -  * Debugger is active!
2025-05-04 21:04:00,158 - Indexer - INFO -  * Debugger PIN: 380-068-087
2025-05-04 21:11:06,354 - Indexer - INFO -  * Detected change in 'C:\\Users\\acer\\Distributed-Web-Crawling-and-Indexing-System-using-Cloud-Computing\\web_search.py', reloading
2025-05-04 21:11:06,689 - Indexer - INFO -  * Restarting with stat
2025-05-04 21:11:09,131 - Indexer - INFO - Found credentials in shared credentials file: ~/.aws/credentials
2025-05-04 21:11:10,130 - Indexer - INFO - Found existing queue: https://sqs.us-east-1.amazonaws.com/405823273955/crawler-url-queue
2025-05-04 21:11:10,268 - Indexer - INFO - Found existing status queue: https://sqs.us-east-1.amazonaws.com/405823273955/crawler-status-queue
2025-05-04 21:11:10,270 - Indexer - INFO - Successfully initialized SQS queues
2025-05-04 21:11:12,227 - Indexer - INFO - DBManager initialized with DynamoDB tables
2025-05-04 21:11:12,227 - Indexer - INFO - AWS services initialized successfully
2025-05-04 21:11:12,249 - Indexer - WARNING -  * Debugger is active!
2025-05-04 21:11:12,252 - Indexer - INFO -  * Debugger PIN: 380-068-087
2025-05-04 21:11:30,113 - Indexer - INFO -  * Detected change in 'C:\\Users\\acer\\Distributed-Web-Crawling-and-Indexing-System-using-Cloud-Computing\\web_search.py', reloading
2025-05-04 21:11:30,536 - Indexer - INFO -  * Restarting with stat
2025-05-04 21:11:32,839 - Indexer - INFO - Found credentials in shared credentials file: ~/.aws/credentials
2025-05-04 21:11:33,804 - Indexer - INFO - Found existing queue: https://sqs.us-east-1.amazonaws.com/405823273955/crawler-url-queue
2025-05-04 21:11:33,941 - Indexer - INFO - Found existing status queue: https://sqs.us-east-1.amazonaws.com/405823273955/crawler-status-queue
2025-05-04 21:11:33,942 - Indexer - INFO - Successfully initialized SQS queues
2025-05-04 21:11:35,808 - Indexer - INFO - DBManager initialized with DynamoDB tables
2025-05-04 21:11:35,809 - Indexer - INFO - AWS services initialized successfully
2025-05-04 21:11:35,834 - Indexer - WARNING -  * Debugger is active!
2025-05-04 21:11:35,837 - Indexer - INFO -  * Debugger PIN: 380-068-087
2025-05-04 21:11:49,570 - Indexer - INFO -  * Detected change in 'C:\\Users\\acer\\Distributed-Web-Crawling-and-Indexing-System-using-Cloud-Computing\\web_search.py', reloading
2025-05-04 21:11:49,867 - Indexer - INFO -  * Restarting with stat
2025-05-04 21:11:52,038 - Indexer - INFO - Found credentials in shared credentials file: ~/.aws/credentials
2025-05-04 21:11:53,043 - Indexer - INFO - Found existing queue: https://sqs.us-east-1.amazonaws.com/405823273955/crawler-url-queue
2025-05-04 21:11:53,183 - Indexer - INFO - Found existing status queue: https://sqs.us-east-1.amazonaws.com/405823273955/crawler-status-queue
2025-05-04 21:11:53,184 - Indexer - INFO - Successfully initialized SQS queues
2025-05-04 21:11:55,119 - Indexer - INFO - DBManager initialized with DynamoDB tables
2025-05-04 21:11:55,120 - Indexer - INFO - AWS services initialized successfully
2025-05-04 21:11:55,148 - Indexer - WARNING -  * Debugger is active!
2025-05-04 21:11:55,151 - Indexer - INFO -  * Debugger PIN: 380-068-087
2025-05-04 21:12:08,933 - Indexer - INFO -  * Detected change in 'C:\\Users\\acer\\Distributed-Web-Crawling-and-Indexing-System-using-Cloud-Computing\\web_search.py', reloading
2025-05-04 21:12:09,274 - Indexer - INFO -  * Restarting with stat
2025-05-04 21:12:11,536 - Indexer - INFO - Found credentials in shared credentials file: ~/.aws/credentials
2025-05-04 21:12:13,857 - Indexer - INFO - Found existing queue: https://sqs.us-east-1.amazonaws.com/405823273955/crawler-url-queue
2025-05-04 21:12:14,186 - Indexer - INFO - Found existing status queue: https://sqs.us-east-1.amazonaws.com/405823273955/crawler-status-queue
2025-05-04 21:12:14,186 - Indexer - INFO - Successfully initialized SQS queues
2025-05-04 21:12:15,284 - Indexer - INFO - DBManager initialized with DynamoDB tables
2025-05-04 21:12:15,285 - Indexer - INFO - AWS services initialized successfully
2025-05-04 21:12:15,313 - Indexer - WARNING -  * Debugger is active!
2025-05-04 21:12:15,316 - Indexer - INFO -  * Debugger PIN: 380-068-087
2025-05-04 21:12:28,919 - Indexer - INFO -  * Detected change in 'C:\\Users\\acer\\Distributed-Web-Crawling-and-Indexing-System-using-Cloud-Computing\\web_search.py', reloading
2025-05-04 21:12:29,222 - Indexer - INFO -  * Restarting with stat
2025-05-04 21:12:31,408 - Indexer - INFO - Found credentials in shared credentials file: ~/.aws/credentials
2025-05-04 21:12:32,353 - Indexer - INFO - Found existing queue: https://sqs.us-east-1.amazonaws.com/405823273955/crawler-url-queue
2025-05-04 21:12:32,489 - Indexer - INFO - Found existing status queue: https://sqs.us-east-1.amazonaws.com/405823273955/crawler-status-queue
2025-05-04 21:12:32,489 - Indexer - INFO - Successfully initialized SQS queues
2025-05-04 21:12:34,544 - Indexer - INFO - DBManager initialized with DynamoDB tables
2025-05-04 21:12:34,545 - Indexer - INFO - AWS services initialized successfully
2025-05-04 21:12:34,569 - Indexer - WARNING -  * Debugger is active!
2025-05-04 21:12:34,572 - Indexer - INFO -  * Debugger PIN: 380-068-087
2025-05-04 21:12:43,952 - Indexer - INFO -  * Detected change in 'C:\\Users\\acer\\Distributed-Web-Crawling-and-Indexing-System-using-Cloud-Computing\\web_search.py', reloading
2025-05-04 21:12:44,258 - Indexer - INFO -  * Restarting with stat
2025-05-04 21:12:46,513 - Indexer - INFO - Found credentials in shared credentials file: ~/.aws/credentials
2025-05-04 21:12:47,507 - Indexer - INFO - Found existing queue: https://sqs.us-east-1.amazonaws.com/405823273955/crawler-url-queue
2025-05-04 21:12:47,642 - Indexer - INFO - Found existing status queue: https://sqs.us-east-1.amazonaws.com/405823273955/crawler-status-queue
2025-05-04 21:12:47,643 - Indexer - INFO - Successfully initialized SQS queues
2025-05-04 21:12:49,838 - Indexer - INFO - DBManager initialized with DynamoDB tables
2025-05-04 21:12:49,839 - Indexer - INFO - AWS services initialized successfully
2025-05-04 21:12:49,866 - Indexer - WARNING -  * Debugger is active!
2025-05-04 21:12:49,868 - Indexer - INFO -  * Debugger PIN: 380-068-087
2025-05-04 21:13:03,628 - Indexer - INFO -  * Detected change in 'C:\\Users\\acer\\Distributed-Web-Crawling-and-Indexing-System-using-Cloud-Computing\\web_search.py', reloading
2025-05-04 21:13:03,934 - Indexer - INFO -  * Restarting with stat
2025-05-04 21:13:06,174 - Indexer - INFO - Found credentials in shared credentials file: ~/.aws/credentials
2025-05-04 21:13:07,633 - Indexer - INFO - Found existing queue: https://sqs.us-east-1.amazonaws.com/405823273955/crawler-url-queue
2025-05-04 21:13:07,907 - Indexer - INFO - Found existing status queue: https://sqs.us-east-1.amazonaws.com/405823273955/crawler-status-queue
2025-05-04 21:13:07,907 - Indexer - INFO - Successfully initialized SQS queues
2025-05-04 21:13:09,392 - Indexer - INFO - DBManager initialized with DynamoDB tables
2025-05-04 21:13:09,392 - Indexer - INFO - AWS services initialized successfully
2025-05-04 21:13:09,416 - Indexer - WARNING -  * Debugger is active!
2025-05-04 21:13:09,419 - Indexer - INFO -  * Debugger PIN: 380-068-087
2025-05-04 21:13:21,704 - Indexer - INFO -  * Detected change in 'C:\\Users\\acer\\Distributed-Web-Crawling-and-Indexing-System-using-Cloud-Computing\\web_search.py', reloading
2025-05-04 21:13:22,009 - Indexer - INFO -  * Restarting with stat
2025-05-04 21:13:24,204 - Indexer - INFO - Found credentials in shared credentials file: ~/.aws/credentials
2025-05-04 21:13:25,971 - Indexer - INFO - Found existing queue: https://sqs.us-east-1.amazonaws.com/405823273955/crawler-url-queue
2025-05-04 21:13:26,292 - Indexer - INFO - Found existing status queue: https://sqs.us-east-1.amazonaws.com/405823273955/crawler-status-queue
2025-05-04 21:13:26,294 - Indexer - INFO - Successfully initialized SQS queues
2025-05-04 21:13:27,860 - Indexer - INFO - DBManager initialized with DynamoDB tables
2025-05-04 21:13:27,862 - Indexer - INFO - AWS services initialized successfully
2025-05-04 21:13:27,891 - Indexer - WARNING -  * Debugger is active!
2025-05-04 21:13:27,893 - Indexer - INFO -  * Debugger PIN: 380-068-087
2025-05-04 21:13:41,471 - Indexer - INFO -  * Detected change in 'C:\\Users\\acer\\Distributed-Web-Crawling-and-Indexing-System-using-Cloud-Computing\\web_search.py', reloading
2025-05-04 21:13:41,771 - Indexer - INFO -  * Restarting with stat
2025-05-04 21:13:43,922 - Indexer - INFO - Found credentials in shared credentials file: ~/.aws/credentials
2025-05-04 21:13:44,905 - Indexer - INFO - Found existing queue: https://sqs.us-east-1.amazonaws.com/405823273955/crawler-url-queue
2025-05-04 21:13:45,042 - Indexer - INFO - Found existing status queue: https://sqs.us-east-1.amazonaws.com/405823273955/crawler-status-queue
2025-05-04 21:13:45,042 - Indexer - INFO - Successfully initialized SQS queues
2025-05-04 21:13:47,394 - Indexer - INFO - DBManager initialized with DynamoDB tables
2025-05-04 21:13:47,396 - Indexer - INFO - AWS services initialized successfully
2025-05-04 21:13:47,423 - Indexer - WARNING -  * Debugger is active!
2025-05-04 21:13:47,426 - Indexer - INFO -  * Debugger PIN: 380-068-087
2025-05-04 21:13:59,784 - Indexer - INFO -  * Detected change in 'C:\\Users\\acer\\Distributed-Web-Crawling-and-Indexing-System-using-Cloud-Computing\\web_search.py', reloading
2025-05-04 21:14:00,092 - Indexer - INFO -  * Restarting with stat
2025-05-04 21:14:02,174 - Indexer - INFO - Found credentials in shared credentials file: ~/.aws/credentials
2025-05-04 21:14:03,566 - Indexer - INFO - Found existing queue: https://sqs.us-east-1.amazonaws.com/405823273955/crawler-url-queue
2025-05-04 21:14:03,848 - Indexer - INFO - Found existing status queue: https://sqs.us-east-1.amazonaws.com/405823273955/crawler-status-queue
2025-05-04 21:14:03,849 - Indexer - INFO - Successfully initialized SQS queues
2025-05-04 21:14:05,304 - Indexer - INFO - DBManager initialized with DynamoDB tables
2025-05-04 21:14:05,305 - Indexer - INFO - AWS services initialized successfully
2025-05-04 21:14:05,329 - Indexer - WARNING -  * Debugger is active!
2025-05-04 21:14:05,332 - Indexer - INFO -  * Debugger PIN: 380-068-087
2025-05-04 21:14:14,806 - Indexer - INFO -  * Detected change in 'C:\\Users\\acer\\Distributed-Web-Crawling-and-Indexing-System-using-Cloud-Computing\\web_search.py', reloading
2025-05-04 21:14:15,172 - Indexer - INFO -  * Restarting with stat
2025-05-04 21:14:17,446 - Indexer - INFO - Found credentials in shared credentials file: ~/.aws/credentials
2025-05-04 21:14:18,444 - Indexer - INFO - Found existing queue: https://sqs.us-east-1.amazonaws.com/405823273955/crawler-url-queue
2025-05-04 21:14:18,581 - Indexer - INFO - Found existing status queue: https://sqs.us-east-1.amazonaws.com/405823273955/crawler-status-queue
2025-05-04 21:14:18,581 - Indexer - INFO - Successfully initialized SQS queues
2025-05-04 21:14:20,058 - Indexer - INFO - DBManager initialized with DynamoDB tables
2025-05-04 21:14:20,059 - Indexer - INFO - AWS services initialized successfully
2025-05-04 21:14:20,086 - Indexer - WARNING -  * Debugger is active!
2025-05-04 21:14:20,088 - Indexer - INFO -  * Debugger PIN: 380-068-087
2025-05-04 21:17:46,902 - Indexer - INFO -  * Detected change in 'C:\\Users\\acer\\Distributed-Web-Crawling-and-Indexing-System-using-Cloud-Computing\\web_search.py', reloading
2025-05-04 21:17:47,215 - Indexer - INFO -  * Restarting with stat
2025-05-04 21:17:49,517 - Indexer - INFO - Found credentials in shared credentials file: ~/.aws/credentials
2025-05-04 21:17:50,537 - Indexer - INFO - Found existing queue: https://sqs.us-east-1.amazonaws.com/405823273955/crawler-url-queue
2025-05-04 21:17:50,825 - Indexer - INFO - Found existing status queue: https://sqs.us-east-1.amazonaws.com/405823273955/crawler-status-queue
2025-05-04 21:17:50,826 - Indexer - INFO - Successfully initialized SQS queues
2025-05-04 21:17:52,320 - Indexer - INFO - DBManager initialized with DynamoDB tables
2025-05-04 21:17:52,321 - Indexer - INFO - AWS services initialized successfully
2025-05-04 21:17:52,348 - Indexer - WARNING -  * Debugger is active!
2025-05-04 21:17:52,352 - Indexer - INFO -  * Debugger PIN: 380-068-087
2025-05-04 21:18:03,251 - Indexer - INFO -  * Detected change in 'C:\\Users\\acer\\Distributed-Web-Crawling-and-Indexing-System-using-Cloud-Computing\\web_search.py', reloading
2025-05-04 21:18:03,552 - Indexer - INFO -  * Restarting with stat
2025-05-04 21:18:05,787 - Indexer - INFO - Found credentials in shared credentials file: ~/.aws/credentials
2025-05-04 21:18:07,163 - Indexer - INFO - Found existing queue: https://sqs.us-east-1.amazonaws.com/405823273955/crawler-url-queue
2025-05-04 21:18:07,440 - Indexer - INFO - Found existing status queue: https://sqs.us-east-1.amazonaws.com/405823273955/crawler-status-queue
2025-05-04 21:18:07,441 - Indexer - INFO - Successfully initialized SQS queues
2025-05-04 21:18:08,833 - Indexer - INFO - DBManager initialized with DynamoDB tables
2025-05-04 21:18:08,846 - Indexer - INFO - AWS services initialized successfully
2025-05-04 21:18:08,875 - Indexer - WARNING -  * Debugger is active!
2025-05-04 21:18:08,877 - Indexer - INFO -  * Debugger PIN: 380-068-087
2025-05-04 21:18:24,275 - Indexer - INFO -  * Detected change in 'C:\\Users\\acer\\Distributed-Web-Crawling-and-Indexing-System-using-Cloud-Computing\\web_search.py', reloading
2025-05-04 21:18:24,598 - Indexer - INFO -  * Restarting with stat
2025-05-04 21:18:27,076 - Indexer - INFO - Found credentials in shared credentials file: ~/.aws/credentials
2025-05-04 21:18:49,780 - Indexer - INFO - Found existing queue: https://sqs.us-east-1.amazonaws.com/405823273955/crawler-url-queue
2025-05-04 21:18:49,970 - Indexer - INFO - Found existing status queue: https://sqs.us-east-1.amazonaws.com/405823273955/crawler-status-queue
2025-05-04 21:18:49,970 - Indexer - INFO - Successfully initialized SQS queues
2025-05-04 21:18:51,075 - Indexer - INFO - DBManager initialized with DynamoDB tables
2025-05-04 21:18:51,075 - Indexer - INFO - AWS services initialized successfully
2025-05-04 21:18:51,102 - Indexer - WARNING -  * Debugger is active!
2025-05-04 21:18:51,106 - Indexer - INFO -  * Debugger PIN: 380-068-087
2025-05-04 21:19:16,216 - Indexer - INFO -  * Detected change in 'C:\\Users\\acer\\Distributed-Web-Crawling-and-Indexing-System-using-Cloud-Computing\\web_search.py', reloading
2025-05-04 21:19:16,519 - Indexer - INFO -  * Restarting with stat
2025-05-04 21:19:18,801 - Indexer - INFO - Found credentials in shared credentials file: ~/.aws/credentials
2025-05-04 21:19:20,293 - Indexer - INFO - Found existing queue: https://sqs.us-east-1.amazonaws.com/405823273955/crawler-url-queue
2025-05-04 21:19:20,618 - Indexer - INFO - Found existing status queue: https://sqs.us-east-1.amazonaws.com/405823273955/crawler-status-queue
2025-05-04 21:19:20,619 - Indexer - INFO - Successfully initialized SQS queues
2025-05-04 21:19:22,100 - Indexer - INFO - DBManager initialized with DynamoDB tables
2025-05-04 21:19:22,101 - Indexer - INFO - AWS services initialized successfully
2025-05-04 21:19:22,129 - Indexer - WARNING -  * Debugger is active!
2025-05-04 21:19:22,131 - Indexer - INFO -  * Debugger PIN: 380-068-087
2025-05-04 21:19:42,903 - Indexer - INFO -  * Detected change in 'C:\\Users\\acer\\Distributed-Web-Crawling-and-Indexing-System-using-Cloud-Computing\\web_search.py', reloading
2025-05-04 21:19:43,276 - Indexer - INFO -  * Restarting with stat
2025-05-04 21:19:45,578 - Indexer - INFO - Found credentials in shared credentials file: ~/.aws/credentials
2025-05-04 21:19:46,795 - Indexer - INFO - Found existing queue: https://sqs.us-east-1.amazonaws.com/405823273955/crawler-url-queue
2025-05-04 21:19:47,066 - Indexer - INFO - Found existing status queue: https://sqs.us-east-1.amazonaws.com/405823273955/crawler-status-queue
2025-05-04 21:19:47,066 - Indexer - INFO - Successfully initialized SQS queues
2025-05-04 21:19:48,412 - Indexer - INFO - DBManager initialized with DynamoDB tables
2025-05-04 21:19:48,413 - Indexer - INFO - AWS services initialized successfully
2025-05-04 21:19:48,441 - Indexer - WARNING -  * Debugger is active!
2025-05-04 21:19:48,444 - Indexer - INFO -  * Debugger PIN: 380-068-087
2025-05-04 21:19:59,320 - Indexer - INFO -  * Detected change in 'C:\\Users\\acer\\Distributed-Web-Crawling-and-Indexing-System-using-Cloud-Computing\\web_search.py', reloading
2025-05-04 21:19:59,639 - Indexer - INFO -  * Restarting with stat
2025-05-04 21:20:01,891 - Indexer - INFO - Found credentials in shared credentials file: ~/.aws/credentials
2025-05-04 21:20:02,902 - Indexer - INFO - Found existing queue: https://sqs.us-east-1.amazonaws.com/405823273955/crawler-url-queue
2025-05-04 21:20:03,034 - Indexer - INFO - Found existing status queue: https://sqs.us-east-1.amazonaws.com/405823273955/crawler-status-queue
2025-05-04 21:20:03,043 - Indexer - INFO - Successfully initialized SQS queues
2025-05-04 21:20:05,207 - Indexer - INFO - DBManager initialized with DynamoDB tables
2025-05-04 21:20:05,208 - Indexer - INFO - AWS services initialized successfully
2025-05-04 21:20:05,236 - Indexer - WARNING -  * Debugger is active!
2025-05-04 21:20:05,239 - Indexer - INFO -  * Debugger PIN: 380-068-087
2025-05-04 21:21:16,231 - Indexer - INFO -  * Detected change in 'C:\\Users\\acer\\Distributed-Web-Crawling-and-Indexing-System-using-Cloud-Computing\\web_search.py', reloading
2025-05-04 21:21:16,528 - Indexer - INFO -  * Restarting with stat
2025-05-04 21:21:18,811 - Indexer - INFO - Found credentials in shared credentials file: ~/.aws/credentials
2025-05-04 21:21:20,306 - Indexer - INFO - Found existing queue: https://sqs.us-east-1.amazonaws.com/405823273955/crawler-url-queue
2025-05-04 21:21:20,609 - Indexer - INFO - Found existing status queue: https://sqs.us-east-1.amazonaws.com/405823273955/crawler-status-queue
2025-05-04 21:21:20,610 - Indexer - INFO - Successfully initialized SQS queues
2025-05-04 21:21:21,786 - Indexer - INFO - DBManager initialized with DynamoDB tables
2025-05-04 21:21:21,788 - Indexer - INFO - AWS services initialized successfully
2025-05-04 21:21:21,813 - Indexer - WARNING -  * Debugger is active!
2025-05-04 21:21:21,816 - Indexer - INFO -  * Debugger PIN: 380-068-087
2025-05-04 21:24:09,478 - Indexer - INFO -  * Detected change in 'C:\\Users\\acer\\Distributed-Web-Crawling-and-Indexing-System-using-Cloud-Computing\\web_search.py', reloading
2025-05-04 21:24:09,830 - Indexer - INFO -  * Restarting with stat
