2025-04-17 23:26:56,603 - Master - INFO - Master node started with rank 0 of 5
2025-04-17 23:26:56,603 - Master - INFO - Active Crawler Nodes: [1, 2, 3]
2025-04-17 23:26:56,604 - Master - INFO - Indexer Node: 4
2025-04-17 23:26:56,610 - Master - INFO - Assigned task 0 to crawler 1 for URL: https://www.python.org
2025-04-17 23:26:56,610 - Master - INFO - Assigned task 1 to crawler 2 for URL: https://www.github.com
2025-04-17 23:26:56,617 - Master - INFO - Assigned task 2 to crawler 3 for URL: https://www.wikipedia.org
2025-04-17 23:26:57,121 - Master - INFO - Status from node 1: Heartbeat from crawler 1: Active
2025-04-17 23:26:57,324 - Master - INFO - Status from node 2: Heartbeat from crawler 2: Active
2025-04-17 23:26:57,559 - Master - INFO - Status from node 3: Heartbeat from crawler 3: Active
2025-04-17 23:26:58,167 - Master - INFO - Received URLs from crawler 1. Queue size now: 7, Processed URLs: 1
2025-04-17 23:26:58,168 - Master - INFO - Assigned task 3 to crawler 1 for URL: https://www.reddit.com
2025-04-17 23:26:58,572 - Master - INFO - Received URLs from crawler 3. Queue size now: 11, Processed URLs: 2
2025-04-17 23:26:58,574 - Master - INFO - Assigned task 4 to crawler 3 for URL: https://www.stackoverflow.com
2025-04-17 23:26:59,277 - Master - INFO - Status from node 1: Crawler 1 completed URL: https://www.python.org (found 71 URLs, 51308 bytes)
2025-04-17 23:27:01,085 - Master - INFO - Status from node 1: Heartbeat from crawler 1: Active
2025-04-17 23:27:01,189 - Master - INFO - Status from node 2: Heartbeat from crawler 2: Active
2025-04-17 23:27:01,291 - Master - INFO - Received URLs from crawler 1. Queue size now: 15, Processed URLs: 3
2025-04-17 23:27:01,292 - Master - INFO - Assigned task 5 to crawler 1 for URL: https://www.python.org/psf/
2025-04-17 23:27:03,203 - Master - INFO - Status from node 3: Heartbeat from crawler 3: Active
2025-04-17 23:27:03,306 - Master - INFO - Status from node 3: Crawler 3 completed URL: https://www.wikipedia.org (found 8 URLs, 90836 bytes)
2025-04-17 23:27:03,408 - Master - INFO - Received URLs from crawler 2. Queue size now: 19, Processed URLs: 4
2025-04-17 23:27:03,410 - Master - INFO - Assigned task 6 to crawler 2 for URL: https://docs.python.org
2025-04-17 23:27:03,512 - Master - INFO - Status from node 1: Crawler 1 completed URL: https://www.reddit.com (found 71 URLs, 641365 bytes)
2025-04-17 23:27:03,614 - Master - INFO - Status from node 2: Heartbeat from crawler 2: Active
2025-04-17 23:27:03,817 - Master - INFO - Status from node 4: Indexed https://www.python.org with 10 keywords
2025-04-17 23:27:03,920 - Master - INFO - Status from node 4: Indexed https://www.reddit.com with 10 keywords
2025-04-17 23:27:04,022 - Master - INFO - Status from node 4: Indexed https://www.wikipedia.org with 10 keywords
2025-04-17 23:27:04,124 - Master - INFO - Status from node 2: Crawler 2 completed URL: https://www.github.com (found 68 URLs, 280109 bytes)
2025-04-17 23:27:04,225 - Master - INFO - Status from node 4: Indexed https://www.github.com with 10 keywords
2025-04-17 23:27:04,327 - Master - INFO - Received URLs from crawler 1. Queue size now: 23, Processed URLs: 5
2025-04-17 23:27:04,328 - Master - INFO - Assigned task 7 to crawler 1 for URL: https://pypi.org/
2025-04-17 23:27:04,431 - Master - INFO - Status from node 1: Crawler 1 completed URL: https://www.python.org/psf/ (found 56 URLs, 52283 bytes)
2025-04-17 23:27:04,533 - Master - INFO - Status from node 4: Indexed https://www.python.org/psf/ with 10 keywords
2025-04-17 23:27:04,937 - Master - INFO - Status from node 1: Heartbeat from crawler 1: Active
2025-04-17 23:27:05,139 - Master - INFO - Received URLs from crawler 1. Queue size now: 27, Processed URLs: 6
2025-04-17 23:27:05,140 - Master - INFO - Assigned task 8 to crawler 1 for URL: https://psfmember.org/civicrm/contribute/transact?reset=1&id=2
2025-04-17 23:27:05,242 - Master - INFO - Status from node 1: Crawler 1 completed URL: https://pypi.org/ (found 26 URLs, 19849 bytes)
2025-04-17 23:27:05,343 - Master - INFO - Received URLs from crawler 3. Queue size now: 31, Processed URLs: 7
2025-04-17 23:27:05,350 - Master - INFO - Assigned task 9 to crawler 3 for URL: https://www.linkedin.com/company/python-software-foundation/
2025-04-17 23:27:05,853 - Master - INFO - Status from node 4: Indexed https://pypi.org/ with 10 keywords
2025-04-17 23:27:05,954 - Master - INFO - Status from node 3: Crawler 3 completed URL: https://www.stackoverflow.com (found 87 URLs, 353664 bytes)
2025-04-17 23:27:06,256 - Master - INFO - Status from node 2: Heartbeat from crawler 2: Active
2025-04-17 23:27:06,357 - Master - INFO - Status from node 4: Indexed https://www.stackoverflow.com with 10 keywords
2025-04-17 23:27:06,874 - Master - INFO - Received URLs from crawler 3. Queue size now: 32, Processed URLs: 8
2025-04-17 23:27:06,875 - Master - INFO - Assigned task 10 to crawler 3 for URL: https://meta.wikimedia.org/wiki/Special:MyLanguage/List_of_Wikipedias
2025-04-17 23:27:06,977 - Master - INFO - Status from node 4: Indexed https://www.linkedin.com/company/python-software-foundation/ with 0 keywords
2025-04-17 23:27:07,078 - Master - INFO - Status from node 3: Crawler 3 completed URL: https://www.linkedin.com/company/python-software-foundation/ (found 2 URLs, 1530 bytes)
2025-04-17 23:27:07,180 - Master - INFO - Status from node 1: Heartbeat from crawler 1: Active
2025-04-17 23:27:07,482 - Master - INFO - Received URLs from crawler 1. Queue size now: 36, Processed URLs: 9
2025-04-17 23:27:07,483 - Master - INFO - Assigned task 11 to crawler 1 for URL: https://donate.wikimedia.org/?wmf_medium=portal&wmf_campaign=portalFooter&wmf_source=portalFooter
2025-04-17 23:27:07,586 - Master - INFO - Status from node 1: Crawler 1 completed URL: https://psfmember.org/civicrm/contribute/transact?reset=1&id=2 (found 10 URLs, 154411 bytes)
2025-04-17 23:27:07,688 - Master - INFO - Status from node 4: Indexed https://psfmember.org/civicrm/contribute/transact?reset=1&id=2 with 10 keywords
2025-04-17 23:27:07,790 - Master - INFO - Status from node 3: Heartbeat from crawler 3: Active
2025-04-17 23:27:08,394 - Master - INFO - Status from node 2: Heartbeat from crawler 2: Active
2025-04-17 23:27:08,496 - Master - INFO - Received URLs from crawler 1. Queue size now: 40, Processed URLs: 10
2025-04-17 23:27:08,497 - Master - INFO - Assigned task 12 to crawler 1 for URL: https://en.wikipedia.org/wiki/List_of_Wikipedia_mobile_applications
2025-04-17 23:27:08,600 - Master - INFO - Received URLs from crawler 3. Queue size now: 44, Processed URLs: 11
2025-04-17 23:27:08,603 - Master - INFO - Assigned task 13 to crawler 3 for URL: https://play.google.com/store/apps/details?id=org.wikipedia&referrer=utm_source%3Dportal%26utm_medium%3Dbutton%26anid%3Dadmob
2025-04-17 23:27:08,707 - Master - INFO - Status from node 1: Crawler 1 completed URL: https://donate.wikimedia.org/?wmf_medium=portal&wmf_campaign=portalFooter&wmf_source=portalFooter (found 18 URLs, 69867 bytes)
2025-04-17 23:27:08,810 - Master - INFO - Status from node 4: Indexed https://donate.wikimedia.org/?wmf_medium=portal&wmf_campaign=portalFooter&wmf_source=portalFooter with 10 keywords
2025-04-17 23:27:08,912 - Master - INFO - Status from node 3: Crawler 3 completed URL: https://meta.wikimedia.org/wiki/Special:MyLanguage/List_of_Wikipedias (found 3371 URLs, 556622 bytes)
2025-04-17 23:27:09,417 - Master - INFO - Received URLs from crawler 1. Queue size now: 48, Processed URLs: 12
2025-04-17 23:27:09,419 - Master - INFO - Assigned task 14 to crawler 1 for URL: https://itunes.apple.com/app/apple-store/id324715238?pt=208305&ct=portal&mt=8
2025-04-17 23:27:09,722 - Master - INFO - Received URLs from crawler 3. Queue size now: 52, Processed URLs: 13
2025-04-17 23:27:09,724 - Master - INFO - Assigned task 15 to crawler 3 for URL: https://www.reddit.com/login/
2025-04-17 23:27:10,027 - Master - INFO - Status from node 4: Indexed https://meta.wikimedia.org/wiki/Special:MyLanguage/List_of_Wikipedias with 10 keywords
2025-04-17 23:27:10,129 - Master - INFO - Status from node 3: Crawler 3 completed URL: https://play.google.com/store/apps/details?id=org.wikipedia&referrer=utm_source%3Dportal%26utm_medium%3Dbutton%26anid%3Dadmob (found 17 URLs, 1164310 bytes)
2025-04-17 23:27:10,231 - Master - INFO - Status from node 3: Heartbeat from crawler 3: Active
2025-04-17 23:27:10,334 - Master - INFO - Status from node 4: Indexed https://play.google.com/store/apps/details?id=org.wikipedia&referrer=utm_source%3Dportal%26utm_medium%3Dbutton%26anid%3Dadmob with 10 keywords
2025-04-17 23:27:10,436 - Master - INFO - Status from node 1: Heartbeat from crawler 1: Active
2025-04-17 23:27:10,539 - Master - INFO - Status from node 1: Crawler 1 completed URL: https://en.wikipedia.org/wiki/List_of_Wikipedia_mobile_applications (found 94 URLs, 136556 bytes)
2025-04-17 23:27:10,642 - Master - INFO - Status from node 4: Indexed https://en.wikipedia.org/wiki/List_of_Wikipedia_mobile_applications with 10 keywords
2025-04-17 23:27:10,945 - Master - INFO - Status from node 2: Heartbeat from crawler 2: Active
2025-04-17 23:27:12,149 - Master - INFO - Received URLs from crawler 3. Queue size now: 53, Processed URLs: 14
2025-04-17 23:27:12,151 - Master - INFO - Assigned task 16 to crawler 3 for URL: https://reddit.app.link/?%24android_deeplink_path=reddit%2Fr%2Flaw%2Fcomments%2F1k11wg4%2Ftrumps_counterterrorism_czar_now_saying_that%2F&%24deeplink_path=%2Fr%2Flaw%2Fcomments%2F1k11wg4%2Ftrumps_counterterrorism_czar_now_saying_that%2F&%24og_redirect=https%3A%2F%2Fwww.reddit.com%2Fr%2Flaw%2Fcomments%2F1k11wg4%2Ftrumps_counterterrorism_czar_now_saying_that%2F&base_url=%2Fr%2Flaw%2Fcomments%2F1k11wg4%2Ftrumps_counterterrorism_czar_now_saying_that%2F&mweb_loid=t2_1nizu4gfiy&mweb_loid_created=1744925218595&referrer_domain=www.reddit.com&referrer_url=%2F&campaign=no_amp_test&utm_name=no_amp_test&channel=xpromo&utm_source=xpromo&feature=web3x&utm_medium=web3x&keyword=no_amp&utm_term=no_amp&tags=media_error_xpromo_post&utm_content=media_error
2025-04-17 23:27:12,253 - Master - INFO - Status from node 4: Indexed https://www.reddit.com/login/ with 3 keywords
2025-04-17 23:27:12,356 - Master - INFO - Status from node 3: Crawler 3 completed URL: https://www.reddit.com/login/ (found 2 URLs, 351187 bytes)
2025-04-17 23:27:12,458 - Master - INFO - Received URLs from crawler 1. Queue size now: 57, Processed URLs: 15
2025-04-17 23:27:12,460 - Master - INFO - Assigned task 17 to crawler 1 for URL: https://deadline.com/2025/04/gaza-photojournalist-cannes-doc-killed-israeli-strike-1236370699/
2025-04-17 23:27:12,562 - Master - INFO - Status from node 1: Crawler 1 completed URL: https://itunes.apple.com/app/apple-store/id324715238?pt=208305&ct=portal&mt=8 (found 44 URLs, 733576 bytes)
2025-04-17 23:27:12,665 - Master - INFO - Status from node 4: Indexed https://itunes.apple.com/app/apple-store/id324715238?pt=208305&ct=portal&mt=8 with 10 keywords
2025-04-17 23:27:12,767 - Master - INFO - Status from node 3: Heartbeat from crawler 3: Active
2025-04-17 23:27:13,572 - Master - INFO - Status from node 1: Heartbeat from crawler 1: Active
2025-04-17 23:27:13,987 - Master - INFO - Received URLs from crawler 1. Queue size now: 61, Processed URLs: 16
2025-04-17 23:27:13,990 - Master - INFO - Assigned task 18 to crawler 1 for URL: https://deadline.com/2025/04/gaza-photojournalist-cannes-doc-killed-israeli-strike-1236370699/
2025-04-17 23:27:14,094 - Master - INFO - Status from node 1: Crawler 1 completed URL: https://deadline.com/2025/04/gaza-photojournalist-cannes-doc-killed-israeli-strike-1236370699/ (found 235 URLs, 589371 bytes)
2025-04-17 23:27:14,498 - Master - INFO - Status from node 2: Heartbeat from crawler 2: Active
2025-04-17 23:27:14,602 - Master - INFO - Received URLs from crawler 3. Queue size now: 65, Processed URLs: 17
2025-04-17 23:27:14,605 - Master - INFO - Assigned task 19 to crawler 3 for URL: https://reddit.app.link/?%24android_deeplink_path=reddit%2Fr%2FMadeMeSmile%2Fcomments%2F1k1jcmd%2Fbarack_obama_gently_calms_a_crying_baby_in_seconds%2F&%24deeplink_path=%2Fr%2FMadeMeSmile%2Fcomments%2F1k1jcmd%2Fbarack_obama_gently_calms_a_crying_baby_in_seconds%2F&%24og_redirect=https%3A%2F%2Fwww.reddit.com%2Fr%2FMadeMeSmile%2Fcomments%2F1k1jcmd%2Fbarack_obama_gently_calms_a_crying_baby_in_seconds%2F&base_url=%2Fr%2FMadeMeSmile%2Fcomments%2F1k1jcmd%2Fbarack_obama_gently_calms_a_crying_baby_in_seconds%2F&mweb_loid=t2_1nizu4gfiy&mweb_loid_created=1744925218595&referrer_domain=www.reddit.com&referrer_url=%2F&campaign=no_amp_test&utm_name=no_amp_test&channel=xpromo&utm_source=xpromo&feature=web3x&utm_medium=web3x&keyword=no_amp&utm_term=no_amp&tags=media_error_xpromo_post&utm_content=media_error
2025-04-17 23:27:15,008 - Master - INFO - Status from node 4: Indexed https://deadline.com/2025/04/gaza-photojournalist-cannes-doc-killed-israeli-strike-1236370699/ with 10 keywords
2025-04-17 23:27:15,112 - Master - INFO - Status from node 3: Crawler 3 completed URL: https://reddit.app.link/?%24android_deeplink_path=reddit%2Fr%2Flaw%2Fcomments%2F1k11wg4%2Ftrumps_counterterrorism_czar_now_saying_that%2F&%24deeplink_path=%2Fr%2Flaw%2Fcomments%2F1k11wg4%2Ftrumps_counterterrorism_czar_now_saying_that%2F&%24og_redirect=https%3A%2F%2Fwww.reddit.com%2Fr%2Flaw%2Fcomments%2F1k11wg4%2Ftrumps_counterterrorism_czar_now_saying_that%2F&base_url=%2Fr%2Flaw%2Fcomments%2F1k11wg4%2Ftrumps_counterterrorism_czar_now_saying_that%2F&mweb_loid=t2_1nizu4gfiy&mweb_loid_created=1744925218595&referrer_domain=www.reddit.com&referrer_url=%2F&campaign=no_amp_test&utm_name=no_amp_test&channel=xpromo&utm_source=xpromo&feature=web3x&utm_medium=web3x&keyword=no_amp&utm_term=no_amp&tags=media_error_xpromo_post&utm_content=media_error (found 70 URLs, 551209 bytes)
2025-04-17 23:27:15,315 - Master - INFO - Status from node 4: Indexed https://reddit.app.link/?%24android_deeplink_path=reddit%2Fr%2Flaw%2Fcomments%2F1k11wg4%2Ftrumps_counterterrorism_czar_now_saying_that%2F&%24deeplink_path=%2Fr%2Flaw%2Fcomments%2F1k11wg4%2Ftrumps_counterterrorism_czar_now_saying_that%2F&%24og_redirect=https%3A%2F%2Fwww.reddit.com%2Fr%2Flaw%2Fcomments%2F1k11wg4%2Ftrumps_counterterrorism_czar_now_saying_that%2F&base_url=%2Fr%2Flaw%2Fcomments%2F1k11wg4%2Ftrumps_counterterrorism_czar_now_saying_that%2F&mweb_loid=t2_1nizu4gfiy&mweb_loid_created=1744925218595&referrer_domain=www.reddit.com&referrer_url=%2F&campaign=no_amp_test&utm_name=no_amp_test&channel=xpromo&utm_source=xpromo&feature=web3x&utm_medium=web3x&keyword=no_amp&utm_term=no_amp&tags=media_error_xpromo_post&utm_content=media_error with 10 keywords
2025-04-17 23:27:15,419 - Master - INFO - Status from node 3: Heartbeat from crawler 3: Active
2025-04-17 23:27:15,542 - Master - INFO - Received URLs from crawler 1. Queue size now: 69, Processed URLs: 18
2025-04-17 23:27:15,545 - Master - INFO - Assigned task 20 to crawler 1 for URL: https://github.com/features/copilot
2025-04-17 23:27:15,649 - Master - INFO - Status from node 1: Crawler 1 completed URL: https://deadline.com/2025/04/gaza-photojournalist-cannes-doc-killed-israeli-strike-1236370699/ (found 235 URLs, 589371 bytes)
2025-04-17 23:27:16,600 - Master - INFO - Received URLs from crawler 2. Queue size now: 73, Processed URLs: 19
2025-04-17 23:27:16,601 - Master - INFO - Assigned task 21 to crawler 2 for URL: https://github.com/security/advanced-security
2025-04-17 23:27:16,704 - Master - INFO - Status from node 4: Indexed https://docs.python.org with 10 keywords
2025-04-17 23:27:16,821 - Master - INFO - Status from node 2: Crawler 2 completed URL: https://docs.python.org (found 52 URLs, 17704 bytes)
2025-04-17 23:27:16,924 - Master - INFO - Received URLs from crawler 1. Queue size now: 72, Processed URLs: 20
2025-04-17 23:27:16,926 - Master - INFO - Assigned task 22 to crawler 1 for URL: https://github.com/features/actions
2025-04-17 23:27:17,029 - Master - INFO - Crawling complete. Processed 20 URLs. Shutting down nodes...
2025-04-17 23:27:17,031 - Master - INFO - Master node finished URL distribution. Shutting down.
2025-04-17 23:32:33,710 - Master - INFO - Master node started with rank 0 of 5
2025-04-17 23:32:33,710 - Master - INFO - Active Crawler Nodes: [1, 2, 3]
2025-04-17 23:32:33,710 - Master - INFO - Indexer Node: 4
2025-04-17 23:32:33,712 - Master - INFO - Assigned task 0 to crawler 1 for URL: https://www.python.org
2025-04-17 23:32:33,717 - Master - INFO - Assigned task 1 to crawler 2 for URL: https://www.github.com
2025-04-17 23:32:33,722 - Master - INFO - Assigned task 2 to crawler 3 for URL: https://www.wikipedia.org
2025-04-17 23:32:34,238 - Master - INFO - Status from node 3: Heartbeat from crawler 3: Active
2025-04-17 23:32:34,464 - Master - INFO - Status from node 2: Heartbeat from crawler 2: Active
2025-04-17 23:32:34,667 - Master - INFO - Status from node 1: Heartbeat from crawler 1: Active
2025-04-17 23:32:35,272 - Master - INFO - Received URLs from crawler 1. Queue size now: 7, Processed URLs: 1
2025-04-17 23:32:35,273 - Master - INFO - Assigned task 3 to crawler 1 for URL: https://www.reddit.com
2025-04-17 23:32:35,475 - Master - INFO - Received URLs from crawler 3. Queue size now: 11, Processed URLs: 2
2025-04-17 23:32:35,477 - Master - INFO - Assigned task 4 to crawler 3 for URL: https://www.stackoverflow.com
2025-04-17 23:32:36,503 - Master - INFO - Status from node 1: Crawler 1 completed URL: https://www.python.org (found 71 URLs, 50592 bytes)
2025-04-17 23:32:36,907 - Master - INFO - Received URLs from crawler 2. Queue size now: 15, Processed URLs: 3
2025-04-17 23:32:36,909 - Master - INFO - Assigned task 5 to crawler 2 for URL: https://www.python.org/psf/
2025-04-17 23:32:38,977 - Master - INFO - Status from node 1: Heartbeat from crawler 1: Active
2025-04-17 23:32:39,079 - Master - INFO - Status from node 2: Heartbeat from crawler 2: Active
2025-04-17 23:32:39,787 - Master - INFO - Received URLs from crawler 1. Queue size now: 19, Processed URLs: 4
2025-04-17 23:32:39,788 - Master - INFO - Assigned task 6 to crawler 1 for URL: https://docs.python.org
2025-04-17 23:32:40,898 - Master - INFO - Status from node 3: Heartbeat from crawler 3: Active
2025-04-17 23:32:41,000 - Master - INFO - Status from node 1: Crawler 1 completed URL: https://www.reddit.com (found 70 URLs, 636979 bytes)
2025-04-17 23:32:41,102 - Master - INFO - Status from node 3: Crawler 3 completed URL: https://www.wikipedia.org (found 8 URLs, 90836 bytes)
2025-04-17 23:32:41,304 - Master - INFO - Status from node 4: Indexed https://www.python.org with 10 keywords
2025-04-17 23:32:41,506 - Master - INFO - Status from node 1: Heartbeat from crawler 1: Active
2025-04-17 23:32:41,708 - Master - INFO - Received URLs from crawler 1. Queue size now: 23, Processed URLs: 5
2025-04-17 23:32:41,710 - Master - INFO - Assigned task 7 to crawler 1 for URL: https://pypi.org/
2025-04-17 23:32:41,914 - Master - INFO - Status from node 2: Heartbeat from crawler 2: Active
2025-04-17 23:32:42,317 - Master - INFO - Status from node 4: Indexed https://www.reddit.com with 10 keywords
2025-04-17 23:32:42,620 - Master - INFO - Status from node 4: Indexed https://www.wikipedia.org with 10 keywords
2025-04-17 23:32:42,723 - Master - INFO - Status from node 1: Crawler 1 completed URL: https://docs.python.org (found 52 URLs, 17704 bytes)
2025-04-17 23:32:42,827 - Master - INFO - Status from node 2: Crawler 2 completed URL: https://www.github.com (found 68 URLs, 280109 bytes)
2025-04-17 23:32:43,130 - Master - INFO - Status from node 4: Indexed https://www.github.com with 10 keywords
2025-04-17 23:32:43,338 - Master - INFO - Status from node 4: Indexed https://docs.python.org with 10 keywords
2025-04-17 23:32:43,541 - Master - INFO - Received URLs from crawler 3. Queue size now: 27, Processed URLs: 6
2025-04-17 23:32:43,545 - Master - INFO - Assigned task 8 to crawler 3 for URL: https://psfmember.org/civicrm/contribute/transact?reset=1&id=2
2025-04-17 23:32:43,649 - Master - INFO - Received URLs from crawler 1. Queue size now: 31, Processed URLs: 7
2025-04-17 23:32:43,650 - Master - INFO - Assigned task 9 to crawler 1 for URL: https://www.linkedin.com/company/python-software-foundation/
2025-04-17 23:32:43,753 - Master - INFO - Status from node 3: Heartbeat from crawler 3: Active
2025-04-17 23:32:43,864 - Master - INFO - Status from node 3: Crawler 3 completed URL: https://www.stackoverflow.com (found 87 URLs, 354261 bytes)
2025-04-17 23:32:43,967 - Master - INFO - Received URLs from crawler 2. Queue size now: 35, Processed URLs: 8
2025-04-17 23:32:43,968 - Master - INFO - Assigned task 10 to crawler 2 for URL: https://meta.wikimedia.org/wiki/Special:MyLanguage/List_of_Wikipedias
2025-04-17 23:32:44,171 - Master - INFO - Status from node 4: Indexed https://www.stackoverflow.com with 10 keywords
2025-04-17 23:32:44,275 - Master - INFO - Status from node 2: Crawler 2 completed URL: https://www.python.org/psf/ (found 56 URLs, 52283 bytes)
2025-04-17 23:32:45,282 - Master - INFO - Status from node 2: Heartbeat from crawler 2: Active
2025-04-17 23:32:45,484 - Master - INFO - Status from node 4: Indexed https://www.python.org/psf/ with 10 keywords
2025-04-17 23:32:45,587 - Master - INFO - Status from node 1: Heartbeat from crawler 1: Active
2025-04-17 23:32:45,690 - Master - INFO - Status from node 4: Indexed https://pypi.org/ with 10 keywords
2025-04-17 23:32:45,793 - Master - INFO - Status from node 1: Crawler 1 completed URL: https://pypi.org/ (found 26 URLs, 19849 bytes)
2025-04-17 23:32:45,896 - Master - INFO - Received URLs from crawler 3. Queue size now: 39, Processed URLs: 9
2025-04-17 23:32:45,898 - Master - INFO - Assigned task 11 to crawler 3 for URL: https://donate.wikimedia.org/?wmf_medium=portal&wmf_campaign=portalFooter&wmf_source=portalFooter
2025-04-17 23:32:46,002 - Master - INFO - Status from node 4: Indexed https://psfmember.org/civicrm/contribute/transact?reset=1&id=2 with 10 keywords
2025-04-17 23:32:46,104 - Master - INFO - Status from node 3: Crawler 3 completed URL: https://psfmember.org/civicrm/contribute/transact?reset=1&id=2 (found 10 URLs, 154412 bytes)
2025-04-17 23:32:46,710 - Master - INFO - Received URLs from crawler 1. Queue size now: 40, Processed URLs: 10
2025-04-17 23:32:46,713 - Master - INFO - Assigned task 12 to crawler 1 for URL: https://en.wikipedia.org/wiki/List_of_Wikipedia_mobile_applications
2025-04-17 23:32:46,817 - Master - INFO - Status from node 4: Indexed https://www.linkedin.com/company/python-software-foundation/ with 0 keywords
2025-04-17 23:32:46,921 - Master - INFO - Status from node 1: Crawler 1 completed URL: https://www.linkedin.com/company/python-software-foundation/ (found 2 URLs, 1530 bytes)
2025-04-17 23:32:47,024 - Master - INFO - Received URLs from crawler 2. Queue size now: 44, Processed URLs: 11
2025-04-17 23:32:47,027 - Master - INFO - Assigned task 13 to crawler 2 for URL: https://play.google.com/store/apps/details?id=org.wikipedia&referrer=utm_source%3Dportal%26utm_medium%3Dbutton%26anid%3Dadmob
2025-04-17 23:32:47,130 - Master - INFO - Status from node 2: Crawler 2 completed URL: https://meta.wikimedia.org/wiki/Special:MyLanguage/List_of_Wikipedias (found 3371 URLs, 556622 bytes)
2025-04-17 23:32:47,332 - Master - INFO - Received URLs from crawler 3. Queue size now: 48, Processed URLs: 12
2025-04-17 23:32:47,334 - Master - INFO - Assigned task 14 to crawler 3 for URL: https://itunes.apple.com/app/apple-store/id324715238?pt=208305&ct=portal&mt=8
2025-04-17 23:32:47,640 - Master - INFO - Received URLs from crawler 1. Queue size now: 52, Processed URLs: 13
2025-04-17 23:32:47,647 - Master - INFO - Assigned task 15 to crawler 1 for URL: https://github.com/features/copilot
2025-04-17 23:32:47,752 - Master - INFO - Status from node 1: Heartbeat from crawler 1: Active
2025-04-17 23:32:48,487 - Master - INFO - Status from node 2: Heartbeat from crawler 2: Active
2025-04-17 23:32:48,589 - Master - INFO - Status from node 4: Indexed https://meta.wikimedia.org/wiki/Special:MyLanguage/List_of_Wikipedias with 10 keywords
2025-04-17 23:32:48,691 - Master - INFO - Status from node 3: Heartbeat from crawler 3: Active
2025-04-17 23:32:48,793 - Master - INFO - Status from node 3: Crawler 3 completed URL: https://donate.wikimedia.org/?wmf_medium=portal&wmf_campaign=portalFooter&wmf_source=portalFooter (found 18 URLs, 69867 bytes)
2025-04-17 23:32:48,998 - Master - INFO - Received URLs from crawler 2. Queue size now: 56, Processed URLs: 14
2025-04-17 23:32:49,001 - Master - INFO - Assigned task 16 to crawler 2 for URL: https://github.com/security/advanced-security
2025-04-17 23:32:50,110 - Master - INFO - Status from node 4: Indexed https://donate.wikimedia.org/?wmf_medium=portal&wmf_campaign=portalFooter&wmf_source=portalFooter with 10 keywords
2025-04-17 23:32:50,213 - Master - INFO - Status from node 2: Crawler 2 completed URL: https://play.google.com/store/apps/details?id=org.wikipedia&referrer=utm_source%3Dportal%26utm_medium%3Dbutton%26anid%3Dadmob (found 17 URLs, 1164273 bytes)
2025-04-17 23:32:50,517 - Master - INFO - Status from node 4: Indexed https://play.google.com/store/apps/details?id=org.wikipedia&referrer=utm_source%3Dportal%26utm_medium%3Dbutton%26anid%3Dadmob with 10 keywords
2025-04-17 23:32:50,620 - Master - INFO - Status from node 1: Crawler 1 completed URL: https://en.wikipedia.org/wiki/List_of_Wikipedia_mobile_applications (found 94 URLs, 136556 bytes)
2025-04-17 23:32:50,724 - Master - INFO - Status from node 3: Heartbeat from crawler 3: Active
2025-04-17 23:32:50,828 - Master - INFO - Status from node 4: Indexed https://en.wikipedia.org/wiki/List_of_Wikipedia_mobile_applications with 10 keywords
2025-04-17 23:32:51,334 - Master - INFO - Status from node 1: Heartbeat from crawler 1: Active
2025-04-17 23:32:51,939 - Master - INFO - Received URLs from crawler 2. Queue size now: 60, Processed URLs: 15
2025-04-17 23:32:51,941 - Master - INFO - Assigned task 17 to crawler 2 for URL: https://github.com/features/actions
2025-04-17 23:32:52,044 - Master - INFO - Status from node 2: Crawler 2 completed URL: https://github.com/security/advanced-security (found 76 URLs, 260279 bytes)
2025-04-17 23:32:52,249 - Master - INFO - Status from node 4: Indexed https://github.com/security/advanced-security with 10 keywords
2025-04-17 23:32:52,653 - Master - INFO - Received URLs from crawler 3. Queue size now: 64, Processed URLs: 16
2025-04-17 23:32:52,656 - Master - INFO - Assigned task 18 to crawler 3 for URL: https://github.com/features/codespaces
2025-04-17 23:32:52,764 - Master - INFO - Status from node 3: Crawler 3 completed URL: https://itunes.apple.com/app/apple-store/id324715238?pt=208305&ct=portal&mt=8 (found 44 URLs, 733416 bytes)
2025-04-17 23:32:52,967 - Master - INFO - Status from node 4: Indexed https://itunes.apple.com/app/apple-store/id324715238?pt=208305&ct=portal&mt=8 with 10 keywords
2025-04-17 23:32:53,071 - Master - INFO - Status from node 2: Heartbeat from crawler 2: Active
2025-04-17 23:32:53,175 - Master - INFO - Received URLs from crawler 1. Queue size now: 68, Processed URLs: 17
2025-04-17 23:32:53,178 - Master - INFO - Assigned task 19 to crawler 1 for URL: https://github.com/features/issues
2025-04-17 23:32:53,280 - Master - INFO - Status from node 1: Crawler 1 completed URL: https://github.com/features/copilot (found 122 URLs, 668861 bytes)
2025-04-17 23:32:53,484 - Master - INFO - Received URLs from crawler 2. Queue size now: 72, Processed URLs: 18
2025-04-17 23:32:53,487 - Master - INFO - Assigned task 20 to crawler 2 for URL: https://www.reddit.com/login/
2025-04-17 23:32:54,395 - Master - INFO - Received URLs from crawler 1. Queue size now: 76, Processed URLs: 19
2025-04-17 23:32:54,397 - Master - INFO - Assigned task 21 to crawler 1 for URL: https://reddit.app.link/?%24android_deeplink_path=reddit%2Fr%2Flaw%2Fcomments%2F1k11wg4%2Ftrumps_counterterrorism_czar_now_saying_that%2F&%24deeplink_path=%2Fr%2Flaw%2Fcomments%2F1k11wg4%2Ftrumps_counterterrorism_czar_now_saying_that%2F&%24og_redirect=https%3A%2F%2Fwww.reddit.com%2Fr%2Flaw%2Fcomments%2F1k11wg4%2Ftrumps_counterterrorism_czar_now_saying_that%2F&base_url=%2Fr%2Flaw%2Fcomments%2F1k11wg4%2Ftrumps_counterterrorism_czar_now_saying_that%2F&mweb_loid=t2_1nj07b3vrr&mweb_loid_created=1744925556894&referrer_domain=www.reddit.com&referrer_url=%2F&campaign=no_amp_test&utm_name=no_amp_test&channel=xpromo&utm_source=xpromo&feature=web3x&utm_medium=web3x&keyword=no_amp&utm_term=no_amp&tags=media_error_xpromo_post&utm_content=media_error
2025-04-17 23:32:54,502 - Master - INFO - Status from node 1: Heartbeat from crawler 1: Active
2025-04-17 23:32:54,606 - Master - INFO - Status from node 4: Indexed https://github.com/features/copilot with 10 keywords
2025-04-17 23:32:54,708 - Master - INFO - Status from node 2: Crawler 2 completed URL: https://github.com/features/actions (found 76 URLs, 284355 bytes)
2025-04-17 23:32:54,811 - Master - INFO - Status from node 3: Heartbeat from crawler 3: Active
2025-04-17 23:32:55,014 - Master - INFO - Status from node 4: Indexed https://github.com/features/actions with 10 keywords
2025-04-17 23:32:55,117 - Master - INFO - Status from node 1: Crawler 1 completed URL: https://github.com/features/issues (found 76 URLs, 341627 bytes)
2025-04-17 23:32:55,322 - Master - INFO - Status from node 4: Indexed https://github.com/features/issues with 10 keywords
2025-04-17 23:32:56,353 - Master - INFO - Status from node 3: Heartbeat from crawler 3: Active
2025-04-17 23:32:56,458 - Master - INFO - Status from node 2: Heartbeat from crawler 2: Active
2025-04-17 23:32:56,663 - Master - INFO - Received URLs from crawler 3. Queue size now: 75, Processed URLs: 20
2025-04-17 23:32:56,666 - Master - INFO - Assigned task 22 to crawler 3 for URL: https://deadline.com/2025/04/gaza-photojournalist-cannes-doc-killed-israeli-strike-1236370699/
2025-04-17 23:32:56,771 - Master - INFO - Crawling complete. Processed 20 URLs. Shutting down nodes...
2025-04-17 23:32:56,774 - Master - INFO - Master node finished URL distribution. Shutting down.
2025-04-18 00:07:21,409 - Master - INFO - Master node started with rank 0 of 5
2025-04-18 00:07:21,409 - Master - INFO - Active Crawler Nodes: [1, 2, 3]
2025-04-18 00:07:21,409 - Master - INFO - Indexer Node: 4
2025-04-18 00:07:21,411 - Master - INFO - Assigned task 0 to crawler 1 for URL: https://www.python.org
2025-04-18 00:07:21,413 - Master - INFO - Assigned task 1 to crawler 2 for URL: https://www.github.com
2025-04-18 00:07:21,415 - Master - INFO - Assigned task 2 to crawler 3 for URL: https://www.wikipedia.org
2025-04-18 00:07:22,023 - Master - INFO - Status from node 3: Heartbeat from crawler 3: Active
2025-04-18 00:07:22,234 - Master - INFO - Status from node 2: Heartbeat from crawler 2: Active
2025-04-18 00:07:22,442 - Master - INFO - Status from node 1: Heartbeat from crawler 1: Active
2025-04-18 00:07:23,291 - Master - INFO - Received URLs from crawler 1. Queue size now: 7, Processed URLs: 1
2025-04-18 00:07:23,293 - Master - INFO - Assigned task 3 to crawler 1 for URL: https://www.reddit.com
2025-04-18 00:07:23,396 - Master - INFO - Received URLs from crawler 3. Queue size now: 11, Processed URLs: 2
2025-04-18 00:07:23,397 - Master - INFO - Assigned task 4 to crawler 3 for URL: https://www.stackoverflow.com
2025-04-18 00:07:24,101 - Master - INFO - Received URLs from crawler 2. Queue size now: 15, Processed URLs: 3
2025-04-18 00:07:24,102 - Master - INFO - Assigned task 5 to crawler 2 for URL: https://www.python.org/psf/
2025-04-18 00:07:26,514 - Master - INFO - Status from node 2: Heartbeat from crawler 2: Active
2025-04-18 00:07:26,716 - Master - INFO - Status from node 1: Heartbeat from crawler 1: Active
2025-04-18 00:07:26,818 - Master - INFO - Status from node 1: Crawler 1 completed URL: https://www.python.org (found 71 URLs, 50592 bytes)
2025-04-18 00:07:29,743 - Master - INFO - Status from node 2: Heartbeat from crawler 2: Active
2025-04-18 00:07:29,845 - Master - INFO - Status from node 1: Heartbeat from crawler 1: Active
2025-04-18 00:07:32,356 - Master - INFO - Status from node 2: Heartbeat from crawler 2: Active
2025-04-18 00:07:32,459 - Master - INFO - Received URLs from crawler 1. Queue size now: 19, Processed URLs: 4
2025-04-18 00:07:32,460 - Master - INFO - Assigned task 6 to crawler 1 for URL: https://docs.python.org
2025-04-18 00:07:32,763 - Master - INFO - Status from node 3: Heartbeat from crawler 3: Active
2025-04-18 00:07:32,865 - Master - INFO - Status from node 1: Crawler 1 completed URL: https://www.reddit.com (found 69 URLs, 633399 bytes)
2025-04-18 00:07:32,970 - Master - INFO - Status from node 3: Crawler 3 completed URL: https://www.wikipedia.org (found 8 URLs, 90836 bytes)
2025-04-18 00:07:33,072 - Master - INFO - Status from node 1: Heartbeat from crawler 1: Active
2025-04-18 00:07:33,278 - Master - INFO - Status from node 4: Indexed https://www.python.org with 10 keywords with cloud storage
2025-04-18 00:07:33,380 - Master - INFO - Status from node 4: Indexed https://www.reddit.com with 10 keywords with cloud storage
2025-04-18 00:07:33,683 - Master - INFO - Status from node 4: Indexed https://www.wikipedia.org with 10 keywords with cloud storage
2025-04-18 00:07:33,785 - Master - INFO - Status from node 2: Crawler 2 completed URL: https://www.github.com (found 68 URLs, 280060 bytes)
2025-04-18 00:07:33,987 - Master - INFO - Received URLs from crawler 1. Queue size now: 23, Processed URLs: 5
2025-04-18 00:07:33,988 - Master - INFO - Assigned task 7 to crawler 1 for URL: https://pypi.org/
2025-04-18 00:07:34,196 - Master - INFO - Status from node 4: Indexed https://www.github.com with 10 keywords with cloud storage
2025-04-18 00:07:34,301 - Master - INFO - Status from node 1: Crawler 1 completed URL: https://docs.python.org (found 52 URLs, 17704 bytes)
2025-04-18 00:07:34,504 - Master - INFO - Status from node 4: Indexed https://docs.python.org with 10 keywords with cloud storage
2025-04-18 00:07:35,513 - Master - INFO - Received URLs from crawler 1. Queue size now: 27, Processed URLs: 6
2025-04-18 00:07:35,513 - Master - INFO - Assigned task 8 to crawler 1 for URL: https://psfmember.org/civicrm/contribute/transact?reset=1&id=2
2025-04-18 00:07:35,619 - Master - INFO - Status from node 1: Crawler 1 completed URL: https://pypi.org/ (found 26 URLs, 19849 bytes)
2025-04-18 00:07:35,721 - Master - INFO - Received URLs from crawler 2. Queue size now: 31, Processed URLs: 7
2025-04-18 00:07:35,723 - Master - INFO - Assigned task 9 to crawler 2 for URL: https://www.linkedin.com/company/python-software-foundation/
2025-04-18 00:07:35,927 - Master - INFO - Received URLs from crawler 3. Queue size now: 35, Processed URLs: 8
2025-04-18 00:07:35,930 - Master - INFO - Assigned task 10 to crawler 3 for URL: https://meta.wikimedia.org/wiki/Special:MyLanguage/List_of_Wikipedias
2025-04-18 00:07:36,734 - Master - INFO - Status from node 4: Indexed https://pypi.org/ with 10 keywords with cloud storage
2025-04-18 00:07:36,837 - Master - INFO - Status from node 2: Crawler 2 completed URL: https://www.python.org/psf/ (found 56 URLs, 52283 bytes)
2025-04-18 00:07:36,940 - Master - INFO - Status from node 4: Indexed https://www.python.org/psf/ with 10 keywords with cloud storage
2025-04-18 00:07:37,093 - Master - INFO - Status from node 2: Heartbeat from crawler 2: Active
2025-04-18 00:07:37,198 - Master - INFO - Status from node 3: Crawler 3 completed URL: https://www.stackoverflow.com (found 87 URLs, 351688 bytes)
2025-04-18 00:07:37,301 - Master - INFO - Status from node 3: Heartbeat from crawler 3: Active
2025-04-18 00:07:37,605 - Master - INFO - Status from node 1: Heartbeat from crawler 1: Active
2025-04-18 00:07:37,712 - Master - INFO - Received URLs from crawler 1. Queue size now: 39, Processed URLs: 9
2025-04-18 00:07:37,714 - Master - INFO - Assigned task 11 to crawler 1 for URL: https://donate.wikimedia.org/?wmf_medium=portal&wmf_campaign=portalFooter&wmf_source=portalFooter
2025-04-18 00:07:38,122 - Master - INFO - Status from node 4: Indexed https://www.stackoverflow.com with 10 keywords with cloud storage
2025-04-18 00:07:38,224 - Master - INFO - Status from node 1: Crawler 1 completed URL: https://psfmember.org/civicrm/contribute/transact?reset=1&id=2 (found 10 URLs, 154412 bytes)
2025-04-18 00:07:38,427 - Master - INFO - Received URLs from crawler 2. Queue size now: 40, Processed URLs: 10
2025-04-18 00:07:38,430 - Master - INFO - Assigned task 12 to crawler 2 for URL: https://en.wikipedia.org/wiki/List_of_Wikipedia_mobile_applications
2025-04-18 00:07:38,534 - Master - INFO - Status from node 4: Indexed https://psfmember.org/civicrm/contribute/transact?reset=1&id=2 with 10 keywords with cloud storage
2025-04-18 00:07:38,638 - Master - INFO - Status from node 4: Indexed https://www.linkedin.com/company/python-software-foundation/ with 0 keywords with cloud storage
2025-04-18 00:07:38,741 - Master - INFO - Status from node 2: Crawler 2 completed URL: https://www.linkedin.com/company/python-software-foundation/ (found 2 URLs, 1530 bytes)
2025-04-18 00:07:39,252 - Master - INFO - Status from node 3: Heartbeat from crawler 3: Active
2025-04-18 00:07:39,658 - Master - INFO - Received URLs from crawler 2. Queue size now: 44, Processed URLs: 11
2025-04-18 00:07:39,658 - Master - INFO - Assigned task 13 to crawler 2 for URL: https://play.google.com/store/apps/details?id=org.wikipedia&referrer=utm_source%3Dportal%26utm_medium%3Dbutton%26anid%3Dadmob
2025-04-18 00:07:39,766 - Master - INFO - Status from node 2: Crawler 2 completed URL: https://en.wikipedia.org/wiki/List_of_Wikipedia_mobile_applications (found 94 URLs, 136556 bytes)
2025-04-18 00:07:40,069 - Master - INFO - Received URLs from crawler 1. Queue size now: 48, Processed URLs: 12
2025-04-18 00:07:40,072 - Master - INFO - Assigned task 14 to crawler 1 for URL: https://itunes.apple.com/app/apple-store/id324715238?pt=208305&ct=portal&mt=8
2025-04-18 00:07:40,780 - Master - INFO - Received URLs from crawler 3. Queue size now: 52, Processed URLs: 13
2025-04-18 00:07:40,783 - Master - INFO - Assigned task 15 to crawler 3 for URL: https://github.com/features/copilot
2025-04-18 00:07:40,988 - Master - INFO - Received URLs from crawler 2. Queue size now: 56, Processed URLs: 14
2025-04-18 00:07:40,992 - Master - INFO - Assigned task 16 to crawler 2 for URL: https://github.com/security/advanced-security
2025-04-18 00:07:41,195 - Master - INFO - Status from node 4: Indexed https://en.wikipedia.org/wiki/List_of_Wikipedia_mobile_applications with 10 keywords with cloud storage
2025-04-18 00:07:41,299 - Master - INFO - Status from node 1: Heartbeat from crawler 1: Active
2025-04-18 00:07:41,402 - Master - INFO - Status from node 1: Crawler 1 completed URL: https://donate.wikimedia.org/?wmf_medium=portal&wmf_campaign=portalFooter&wmf_source=portalFooter (found 18 URLs, 69863 bytes)
2025-04-18 00:07:41,507 - Master - INFO - Status from node 2: Heartbeat from crawler 2: Active
2025-04-18 00:07:41,610 - Master - INFO - Status from node 4: Indexed https://play.google.com/store/apps/details?id=org.wikipedia&referrer=utm_source%3Dportal%26utm_medium%3Dbutton%26anid%3Dadmob with 10 keywords with cloud storage
2025-04-18 00:07:41,714 - Master - INFO - Status from node 2: Crawler 2 completed URL: https://play.google.com/store/apps/details?id=org.wikipedia&referrer=utm_source%3Dportal%26utm_medium%3Dbutton%26anid%3Dadmob (found 17 URLs, 1164273 bytes)
2025-04-18 00:07:41,816 - Master - INFO - Status from node 3: Crawler 3 completed URL: https://meta.wikimedia.org/wiki/Special:MyLanguage/List_of_Wikipedias (found 3371 URLs, 556608 bytes)
2025-04-18 00:07:42,019 - Master - INFO - Status from node 3: Heartbeat from crawler 3: Active
2025-04-18 00:07:42,826 - Master - INFO - Received URLs from crawler 2. Queue size now: 60, Processed URLs: 15
2025-04-18 00:07:42,829 - Master - INFO - Assigned task 17 to crawler 2 for URL: https://github.com/features/actions
2025-04-18 00:07:43,333 - Master - INFO - Status from node 4: Indexed https://meta.wikimedia.org/wiki/Special:MyLanguage/List_of_Wikipedias with 10 keywords with cloud storage
2025-04-18 00:07:43,436 - Master - INFO - Status from node 1: Heartbeat from crawler 1: Active
2025-04-18 00:07:43,540 - Master - INFO - Received URLs from crawler 3. Queue size now: 64, Processed URLs: 16
2025-04-18 00:07:43,544 - Master - INFO - Assigned task 18 to crawler 3 for URL: https://github.com/features/codespaces
2025-04-18 00:07:43,649 - Master - INFO - Status from node 4: Indexed https://donate.wikimedia.org/?wmf_medium=portal&wmf_campaign=portalFooter&wmf_source=portalFooter with 10 keywords with cloud storage
2025-04-18 00:07:43,751 - Master - INFO - Status from node 2: Crawler 2 completed URL: https://github.com/security/advanced-security (found 76 URLs, 260229 bytes)
2025-04-18 00:07:43,854 - Master - INFO - Received URLs from crawler 1. Queue size now: 68, Processed URLs: 17
2025-04-18 00:07:43,858 - Master - INFO - Assigned task 19 to crawler 1 for URL: https://github.com/features/issues
2025-04-18 00:07:44,064 - Master - INFO - Status from node 4: Indexed https://github.com/security/advanced-security with 10 keywords with cloud storage
2025-04-18 00:07:44,169 - Master - INFO - Status from node 3: Heartbeat from crawler 3: Active
2025-04-18 00:07:44,271 - Master - INFO - Status from node 3: Crawler 3 completed URL: https://github.com/features/copilot (found 122 URLs, 668838 bytes)
2025-04-18 00:07:44,912 - Master - INFO - Received URLs from crawler 2. Queue size now: 72, Processed URLs: 18
2025-04-18 00:07:44,914 - Master - INFO - Assigned task 20 to crawler 2 for URL: https://www.reddit.com/login/
2025-04-18 00:07:45,519 - Master - INFO - Status from node 4: Indexed https://github.com/features/copilot with 10 keywords with cloud storage
2025-04-18 00:07:45,621 - Master - INFO - Status from node 1: Crawler 1 completed URL: https://itunes.apple.com/app/apple-store/id324715238?pt=208305&ct=portal&mt=8 (found 44 URLs, 733580 bytes)
2025-04-18 00:07:45,724 - Master - INFO - Status from node 4: Indexed https://itunes.apple.com/app/apple-store/id324715238?pt=208305&ct=portal&mt=8 with 10 keywords with cloud storage
2025-04-18 00:07:45,829 - Master - INFO - Status from node 2: Heartbeat from crawler 2: Active
2025-04-18 00:07:45,932 - Master - INFO - Status from node 2: Crawler 2 completed URL: https://github.com/features/actions (found 76 URLs, 284306 bytes)
2025-04-18 00:07:46,036 - Master - INFO - Received URLs from crawler 3. Queue size now: 76, Processed URLs: 19
2025-04-18 00:07:46,038 - Master - INFO - Assigned task 21 to crawler 3 for URL: https://deadline.com/2025/04/gaza-photojournalist-cannes-doc-killed-israeli-strike-1236370699/
2025-04-18 00:07:46,142 - Master - INFO - Status from node 4: Indexed https://github.com/features/actions with 10 keywords with cloud storage
2025-04-18 00:07:46,246 - Master - INFO - Status from node 3: Crawler 3 completed URL: https://github.com/features/codespaces (found 86 URLs, 333789 bytes)
2025-04-18 00:07:46,551 - Master - INFO - Status from node 4: Indexed https://github.com/features/codespaces with 10 keywords with cloud storage
2025-04-18 00:07:46,855 - Master - INFO - Received URLs from crawler 1. Queue size now: 75, Processed URLs: 20
2025-04-18 00:07:46,857 - Master - INFO - Assigned task 22 to crawler 1 for URL: https://deadline.com/2025/04/gaza-photojournalist-cannes-doc-killed-israeli-strike-1236370699/
2025-04-18 00:07:46,961 - Master - INFO - Crawling complete. Processed 20 URLs. Shutting down nodes...
2025-04-18 00:07:46,963 - Master - INFO - Master node finished URL distribution. Shutting down.
2025-04-18 00:18:16,725 - Master - INFO - Master node started with rank 0 of 5
2025-04-18 00:18:16,725 - Master - INFO - Active Crawler Nodes: [1, 2, 3]
2025-04-18 00:18:16,725 - Master - INFO - Indexer Node: 4
2025-04-18 00:18:16,728 - Master - INFO - Assigned task 0 to crawler 1 for URL: https://www.python.org
2025-04-18 00:18:16,729 - Master - INFO - Assigned task 1 to crawler 2 for URL: https://www.github.com
2025-04-18 00:18:16,734 - Master - INFO - Assigned task 2 to crawler 3 for URL: https://www.wikipedia.org
2025-04-18 00:18:17,362 - Master - INFO - Status from node 2: Heartbeat from crawler 2: Active
2025-04-18 00:18:17,595 - Master - INFO - Status from node 3: Heartbeat from crawler 3: Active
2025-04-18 00:18:17,799 - Master - INFO - Status from node 1: Heartbeat from crawler 1: Active
2025-04-18 00:18:18,408 - Master - INFO - Received URLs from crawler 1. Queue size now: 7, Processed URLs: 1
2025-04-18 00:18:18,411 - Master - INFO - Assigned task 3 to crawler 1 for URL: https://www.reddit.com
2025-04-18 00:18:18,513 - Master - INFO - Received URLs from crawler 3. Queue size now: 11, Processed URLs: 2
2025-04-18 00:18:18,515 - Master - INFO - Assigned task 4 to crawler 3 for URL: https://www.stackoverflow.com
2025-04-18 00:18:19,321 - Master - INFO - Received URLs from crawler 2. Queue size now: 15, Processed URLs: 3
2025-04-18 00:18:19,322 - Master - INFO - Assigned task 5 to crawler 2 for URL: https://www.python.org/psf/
2025-04-18 00:18:20,127 - Master - INFO - Status from node 2: Heartbeat from crawler 2: Active
2025-04-18 00:18:21,332 - Master - INFO - Status from node 1: Heartbeat from crawler 1: Active
2025-04-18 00:18:21,434 - Master - INFO - Status from node 1: Crawler 1 completed URL: https://www.python.org (found 71 URLs, 50592 bytes)
2025-04-18 00:18:23,857 - Master - INFO - Received URLs from crawler 1. Queue size now: 19, Processed URLs: 4
2025-04-18 00:18:23,858 - Master - INFO - Assigned task 6 to crawler 1 for URL: https://docs.python.org
2025-04-18 00:18:23,960 - Master - INFO - Status from node 2: Heartbeat from crawler 2: Active
2025-04-18 00:18:24,365 - Master - INFO - Status from node 1: Heartbeat from crawler 1: Active
2025-04-18 00:18:26,375 - Master - INFO - Status from node 2: Heartbeat from crawler 2: Active
2025-04-18 00:18:27,782 - Master - INFO - Status from node 1: Heartbeat from crawler 1: Active
2025-04-18 00:18:28,586 - Master - WARNING - Heartbeat timeout for crawler 3. Marking as failed.
2025-04-18 00:23:28,176 - Master - INFO - Master node started with rank 0 of 5
2025-04-18 00:23:28,176 - Master - INFO - Active Crawler Nodes: [1, 2, 3]
2025-04-18 00:23:28,176 - Master - INFO - Indexer Node: 4
2025-04-18 00:23:28,223 - Master - INFO - Assigned task 0 to crawler 1 for URL: https://www.python.org
2025-04-18 00:23:28,274 - Master - INFO - Assigned task 1 to crawler 2 for URL: https://www.github.com
2025-04-18 00:23:28,277 - Master - INFO - Assigned task 2 to crawler 3 for URL: https://www.wikipedia.org
2025-04-18 00:23:29,163 - Master - INFO - Status from node 1: Heartbeat from crawler 1: Active
2025-04-18 00:23:29,386 - Master - INFO - Status from node 3: Heartbeat from crawler 3: Active
2025-04-18 00:23:29,645 - Master - INFO - Status from node 2: Heartbeat from crawler 2: Active
2025-04-18 00:23:30,157 - Master - INFO - Received URLs from crawler 1. Queue size now: 7, Processed URLs: 1
2025-04-18 00:23:30,158 - Master - INFO - Assigned task 3 to crawler 1 for URL: https://www.reddit.com
2025-04-18 00:23:30,260 - Master - INFO - Received URLs from crawler 3. Queue size now: 11, Processed URLs: 2
2025-04-18 00:23:30,260 - Master - INFO - Assigned task 4 to crawler 3 for URL: https://www.stackoverflow.com
2025-04-18 00:23:31,526 - Master - INFO - Status from node 2: Heartbeat from crawler 2: Active
2025-04-18 00:23:31,630 - Master - INFO - Received URLs from crawler 2. Queue size now: 15, Processed URLs: 3
2025-04-18 00:23:31,668 - Master - INFO - Assigned task 5 to crawler 2 for URL: https://www.python.org/psf/
2025-04-18 00:23:34,416 - Master - INFO - Status from node 1: Heartbeat from crawler 1: Active
2025-04-18 00:23:34,520 - Master - INFO - Status from node 1: Crawler 1 completed URL: https://www.python.org (found 71 URLs, 50592 bytes)
2025-04-18 00:23:35,034 - Master - INFO - Status from node 2: Heartbeat from crawler 2: Active
2025-04-18 00:23:37,113 - Master - INFO - Status from node 2: Heartbeat from crawler 2: Active
2025-04-18 00:23:37,382 - Master - INFO - Received URLs from crawler 1. Queue size now: 19, Processed URLs: 4
2025-04-18 00:23:37,384 - Master - INFO - Assigned task 6 to crawler 1 for URL: https://docs.python.org
2025-04-18 00:23:37,741 - Master - INFO - Status from node 1: Heartbeat from crawler 1: Active
2025-04-18 00:23:40,091 - Master - INFO - Status from node 2: Heartbeat from crawler 2: Active
2025-04-18 00:23:40,294 - Master - WARNING - Heartbeat timeout for crawler 3. Marking as failed.
2025-04-18 00:38:03,391 - Master - INFO - Master node started with rank 0 of 5
2025-04-18 00:38:03,391 - Master - INFO - Active Crawler Nodes: [1, 2, 3]
2025-04-18 00:38:03,391 - Master - INFO - Indexer Node: 4
2025-04-18 00:38:03,393 - Master - INFO - Assigned task 0 to crawler 1 for URL: https://www.python.org
2025-04-18 00:38:03,395 - Master - INFO - Assigned task 1 to crawler 2 for URL: https://www.github.com
2025-04-18 00:38:03,397 - Master - INFO - Assigned task 2 to crawler 3 for URL: https://www.wikipedia.org
2025-04-18 00:38:04,012 - Master - INFO - Status from node 1: Heartbeat from crawler 1: Active
2025-04-18 00:38:04,217 - Master - INFO - Status from node 2: Heartbeat from crawler 2: Active
2025-04-18 00:38:04,419 - Master - INFO - Status from node 3: Heartbeat from crawler 3: Active
2025-04-18 00:38:04,823 - Master - INFO - Received URLs from crawler 3. Queue size now: 7, Processed URLs: 1
2025-04-18 00:38:04,826 - Master - INFO - Assigned task 3 to crawler 3 for URL: https://www.reddit.com
2025-04-18 00:38:04,928 - Master - INFO - Received URLs from crawler 1. Queue size now: 11, Processed URLs: 2
2025-04-18 00:38:04,929 - Master - INFO - Assigned task 4 to crawler 1 for URL: https://www.stackoverflow.com
2025-04-18 00:38:05,533 - Master - INFO - Received URLs from crawler 2. Queue size now: 15, Processed URLs: 3
2025-04-18 00:38:05,533 - Master - INFO - Assigned task 5 to crawler 2 for URL: https://meta.wikimedia.org/wiki/Special:MyLanguage/List_of_Wikipedias
2025-04-18 00:38:06,541 - Master - INFO - Status from node 2: Heartbeat from crawler 2: Active
2025-04-18 00:38:06,945 - Master - INFO - Status from node 3: Heartbeat from crawler 3: Active
2025-04-18 00:38:07,046 - Master - INFO - Status from node 3: Crawler 3 completed URL: https://www.wikipedia.org (found 8 URLs, 90836 bytes)
2025-04-18 00:38:09,160 - Master - INFO - Status from node 2: Heartbeat from crawler 2: Active
2025-04-18 00:38:09,262 - Master - INFO - Received URLs from crawler 3. Queue size now: 19, Processed URLs: 4
2025-04-18 00:38:09,262 - Master - INFO - Assigned task 6 to crawler 3 for URL: https://donate.wikimedia.org/?wmf_medium=portal&wmf_campaign=portalFooter&wmf_source=portalFooter
2025-04-18 00:38:10,971 - Master - INFO - Status from node 3: Heartbeat from crawler 3: Active
2025-04-18 00:38:12,188 - Master - INFO - Status from node 1: Heartbeat from crawler 1: Active
2025-04-18 00:38:12,289 - Master - INFO - Status from node 3: Crawler 3 completed URL: https://www.reddit.com (found 69 URLs, 632369 bytes)
2025-04-18 00:38:12,392 - Master - INFO - Status from node 1: Crawler 1 completed URL: https://www.python.org (found 71 URLs, 50679 bytes)
2025-04-18 00:38:12,597 - Master - INFO - Status from node 4: Indexed https://www.wikipedia.org with 10 keywords with cloud storage
2025-04-18 00:38:13,502 - Master - INFO - Status from node 3: Heartbeat from crawler 3: Active
2025-04-18 00:38:13,805 - Master - INFO - Status from node 2: Heartbeat from crawler 2: Active
2025-04-18 00:38:14,209 - Master - INFO - Received URLs from crawler 3. Queue size now: 23, Processed URLs: 5
2025-04-18 00:38:14,213 - Master - INFO - Assigned task 7 to crawler 3 for URL: https://en.wikipedia.org/wiki/List_of_Wikipedia_mobile_applications
2025-04-18 00:38:16,025 - Master - INFO - Status from node 4: Indexed https://www.reddit.com with 10 keywords with cloud storage
2025-04-18 00:38:16,830 - Master - INFO - Status from node 1: Heartbeat from crawler 1: Active
2025-04-18 00:38:17,132 - Master - INFO - Status from node 2: Heartbeat from crawler 2: Active
2025-04-18 00:38:17,435 - Master - INFO - Status from node 4: Indexed https://www.python.org with 10 keywords with cloud storage
2025-04-18 00:38:17,538 - Master - INFO - Status from node 3: Crawler 3 completed URL: https://donate.wikimedia.org/?wmf_medium=portal&wmf_campaign=portalFooter&wmf_source=portalFooter (found 18 URLs, 69867 bytes)
2025-04-18 00:38:17,643 - Master - INFO - Status from node 2: Crawler 2 completed URL: https://www.github.com (found 68 URLs, 280060 bytes)
2025-04-18 00:38:18,146 - Master - INFO - Status from node 3: Heartbeat from crawler 3: Active
2025-04-18 00:38:18,449 - Master - INFO - Received URLs from crawler 3. Queue size now: 27, Processed URLs: 6
2025-04-18 00:38:18,452 - Master - INFO - Assigned task 8 to crawler 3 for URL: https://play.google.com/store/apps/details?id=org.wikipedia&referrer=utm_source%3Dportal%26utm_medium%3Dbutton%26anid%3Dadmob
2025-04-18 00:38:19,661 - Master - INFO - Status from node 1: Heartbeat from crawler 1: Active
2025-04-18 00:38:19,762 - Master - INFO - Received URLs from crawler 2. Queue size now: 31, Processed URLs: 7
2025-04-18 00:38:19,765 - Master - INFO - Assigned task 9 to crawler 2 for URL: https://itunes.apple.com/app/apple-store/id324715238?pt=208305&ct=portal&mt=8
2025-04-18 00:38:20,773 - Master - INFO - Status from node 2: Heartbeat from crawler 2: Active
2025-04-18 00:38:20,875 - Master - INFO - Status from node 4: Indexed https://www.github.com with 10 keywords with cloud storage
2025-04-18 00:38:20,977 - Master - INFO - Status from node 3: Heartbeat from crawler 3: Active
2025-04-18 00:38:22,284 - Master - INFO - Status from node 4: Indexed https://donate.wikimedia.org/?wmf_medium=portal&wmf_campaign=portalFooter&wmf_source=portalFooter with 10 keywords with cloud storage
2025-04-18 00:38:22,387 - Master - INFO - Status from node 2: Crawler 2 completed URL: https://meta.wikimedia.org/wiki/Special:MyLanguage/List_of_Wikipedias (found 3371 URLs, 556608 bytes)
2025-04-18 00:38:22,491 - Master - INFO - Status from node 1: Heartbeat from crawler 1: Active
2025-04-18 00:38:23,698 - Master - INFO - Status from node 2: Heartbeat from crawler 2: Active
2025-04-18 00:38:24,604 - Master - INFO - Status from node 1: Heartbeat from crawler 1: Active
2025-04-18 00:38:24,707 - Master - INFO - Received URLs from crawler 2. Queue size now: 35, Processed URLs: 8
2025-04-18 00:38:24,710 - Master - INFO - Assigned task 10 to crawler 2 for URL: https://www.python.org/psf/
2025-04-18 00:38:25,315 - Master - INFO - Status from node 3: Heartbeat from crawler 3: Active
2025-04-18 00:38:26,523 - Master - INFO - Status from node 2: Heartbeat from crawler 2: Active
2025-04-18 00:38:26,826 - Master - INFO - Received URLs from crawler 1. Queue size now: 39, Processed URLs: 9
2025-04-18 00:38:26,827 - Master - INFO - Assigned task 11 to crawler 1 for URL: https://docs.python.org
2025-04-18 00:38:27,532 - Master - INFO - Status from node 1: Heartbeat from crawler 1: Active
2025-04-18 00:38:28,539 - Master - INFO - Status from node 2: Heartbeat from crawler 2: Active
2025-04-18 00:38:28,741 - Master - INFO - Status from node 4: Indexed https://meta.wikimedia.org/wiki/Special:MyLanguage/List_of_Wikipedias with 10 keywords with cloud storage
2025-04-18 00:38:28,845 - Master - INFO - Status from node 3: Crawler 3 completed URL: https://en.wikipedia.org/wiki/List_of_Wikipedia_mobile_applications (found 94 URLs, 136556 bytes)
2025-04-18 00:38:28,948 - Master - INFO - Status from node 3: Heartbeat from crawler 3: Active
2025-04-18 00:38:29,855 - Master - INFO - Received URLs from crawler 3. Queue size now: 43, Processed URLs: 10
2025-04-18 00:38:29,858 - Master - INFO - Assigned task 12 to crawler 3 for URL: https://pypi.org/
2025-04-18 00:38:30,563 - Master - INFO - Status from node 4: Indexed https://en.wikipedia.org/wiki/List_of_Wikipedia_mobile_applications with 10 keywords with cloud storage
2025-04-18 00:38:30,666 - Master - INFO - Status from node 2: Crawler 2 completed URL: https://itunes.apple.com/app/apple-store/id324715238?pt=208305&ct=portal&mt=8 (found 44 URLs, 733580 bytes)
2025-04-18 00:38:31,270 - Master - INFO - Status from node 1: Heartbeat from crawler 1: Active
2025-04-18 00:38:32,277 - Master - INFO - Received URLs from crawler 2. Queue size now: 47, Processed URLs: 11
2025-04-18 00:38:32,278 - Master - INFO - Assigned task 13 to crawler 2 for URL: https://psfmember.org/civicrm/contribute/transact?reset=1&id=2
2025-04-18 00:38:32,783 - Master - INFO - Status from node 3: Heartbeat from crawler 3: Active
2025-04-18 00:38:33,388 - Master - INFO - Status from node 1: Heartbeat from crawler 1: Active
2025-04-18 00:38:35,198 - Master - INFO - Status from node 3: Heartbeat from crawler 3: Active
2025-04-18 00:38:35,701 - Master - INFO - Status from node 1: Heartbeat from crawler 1: Active
2025-04-18 00:38:35,804 - Master - INFO - Status from node 4: Indexed https://itunes.apple.com/app/apple-store/id324715238?pt=208305&ct=portal&mt=8 with 10 keywords with cloud storage
2025-04-18 00:38:35,916 - Master - INFO - Status from node 2: Heartbeat from crawler 2: Active
2025-04-18 00:38:36,033 - Master - INFO - Status from node 2: Crawler 2 completed URL: https://www.python.org/psf/ (found 56 URLs, 52287 bytes)
2025-04-18 00:38:36,137 - Master - INFO - Status from node 1: Crawler 1 completed URL: https://www.stackoverflow.com (found 87 URLs, 349655 bytes)
2025-04-18 00:38:37,045 - Master - INFO - Received URLs from crawler 1. Queue size now: 51, Processed URLs: 12
2025-04-18 00:38:37,047 - Master - INFO - Assigned task 14 to crawler 1 for URL: https://www.linkedin.com/company/python-software-foundation/
2025-04-18 00:38:38,560 - Master - INFO - Received URLs from crawler 2. Queue size now: 55, Processed URLs: 13
2025-04-18 00:38:38,563 - Master - INFO - Assigned task 15 to crawler 2 for URL: https://github.com/features/copilot
2025-04-18 00:38:38,666 - Master - INFO - Status from node 2: Heartbeat from crawler 2: Active
2025-04-18 00:38:38,871 - Master - INFO - Status from node 3: Heartbeat from crawler 3: Active
2025-04-18 00:38:39,576 - Master - INFO - Status from node 4: Indexed https://www.stackoverflow.com with 10 keywords with cloud storage
2025-04-18 00:38:39,679 - Master - INFO - Status from node 3: Crawler 3 completed URL: https://play.google.com/store/apps/details?id=org.wikipedia&referrer=utm_source%3Dportal%26utm_medium%3Dbutton%26anid%3Dadmob (found 17 URLs, 1164316 bytes)
2025-04-18 00:38:39,783 - Master - INFO - Status from node 1: Heartbeat from crawler 1: Active
2025-04-18 00:38:39,886 - Master - INFO - Status from node 1: Crawler 1 completed URL: https://docs.python.org (found 52 URLs, 17704 bytes)
2025-04-18 00:38:40,792 - Master - INFO - Received URLs from crawler 3. Queue size now: 59, Processed URLs: 14
2025-04-18 00:38:40,795 - Master - INFO - Assigned task 16 to crawler 3 for URL: https://github.com/security/advanced-security
2025-04-18 00:38:40,896 - Master - INFO - Received URLs from crawler 1. Queue size now: 60, Processed URLs: 15
2025-04-18 00:38:40,899 - Master - INFO - Assigned task 17 to crawler 1 for URL: https://github.com/features/actions
2025-04-18 00:38:41,003 - Master - INFO - Status from node 1: Crawler 1 completed URL: https://www.linkedin.com/company/python-software-foundation/ (found 2 URLs, 1530 bytes)
2025-04-18 00:38:42,113 - Master - INFO - Received URLs from crawler 1. Queue size now: 64, Processed URLs: 16
2025-04-18 00:38:42,115 - Master - INFO - Assigned task 18 to crawler 1 for URL: https://github.com/features/codespaces
2025-04-18 00:38:42,420 - Master - INFO - Status from node 2: Heartbeat from crawler 2: Active
2025-04-18 00:38:44,031 - Master - INFO - Status from node 1: Heartbeat from crawler 1: Active
2025-04-18 00:38:45,639 - Master - INFO - Status from node 4: Indexed https://play.google.com/store/apps/details?id=org.wikipedia&referrer=utm_source%3Dportal%26utm_medium%3Dbutton%26anid%3Dadmob with 10 keywords with cloud storage
2025-04-18 00:38:46,042 - Master - INFO - Status from node 1: Heartbeat from crawler 1: Active
2025-04-18 00:38:46,846 - Master - INFO - Status from node 2: Heartbeat from crawler 2: Active
2025-04-18 00:38:46,949 - Master - INFO - Status from node 4: Indexed https://www.python.org/psf/ with 10 keywords with cloud storage
2025-04-18 00:38:47,051 - Master - INFO - Status from node 3: Heartbeat from crawler 3: Active
2025-04-18 00:38:47,153 - Master - INFO - Status from node 3: Crawler 3 completed URL: https://pypi.org/ (found 26 URLs, 19849 bytes)
2025-04-18 00:38:47,255 - Master - INFO - Status from node 2: Crawler 2 completed URL: https://psfmember.org/civicrm/contribute/transact?reset=1&id=2 (found 10 URLs, 154412 bytes)
2025-04-18 00:38:48,177 - Master - INFO - Received URLs from crawler 3. Queue size now: 68, Processed URLs: 17
2025-04-18 00:38:48,178 - Master - INFO - Assigned task 19 to crawler 3 for URL: https://github.com/features/issues
2025-04-18 00:38:48,380 - Master - INFO - Received URLs from crawler 2. Queue size now: 72, Processed URLs: 18
2025-04-18 00:38:48,381 - Master - INFO - Assigned task 20 to crawler 2 for URL: https://www.reddit.com/login/
2025-04-18 00:38:48,583 - Master - INFO - Status from node 4: Indexed https://psfmember.org/civicrm/contribute/transact?reset=1&id=2 with 10 keywords with cloud storage
2025-04-18 00:38:49,389 - Master - INFO - Status from node 3: Heartbeat from crawler 3: Active
2025-04-18 00:38:49,792 - Master - INFO - Status from node 4: Indexed https://docs.python.org with 10 keywords with cloud storage
2025-04-18 00:38:49,895 - Master - INFO - Status from node 2: Heartbeat from crawler 2: Active
2025-04-18 00:38:50,503 - Master - INFO - Status from node 1: Heartbeat from crawler 1: Active
2025-04-18 00:38:51,306 - Master - INFO - Status from node 4: Indexed https://www.linkedin.com/company/python-software-foundation/ with 0 keywords with cloud storage
2025-04-18 00:38:51,408 - Master - INFO - Status from node 1: Crawler 1 completed URL: https://github.com/features/actions (found 76 URLs, 284306 bytes)
2025-04-18 00:38:51,911 - Master - INFO - Status from node 2: Heartbeat from crawler 2: Active
2025-04-18 00:38:52,114 - Master - INFO - Status from node 3: Heartbeat from crawler 3: Active
2025-04-18 00:38:52,718 - Master - INFO - Received URLs from crawler 1. Queue size now: 76, Processed URLs: 19
2025-04-18 00:38:52,721 - Master - INFO - Assigned task 21 to crawler 1 for URL: https://deadline.com/2025/04/gaza-photojournalist-cannes-doc-killed-israeli-strike-1236370699/
2025-04-18 00:38:53,727 - Master - INFO - Status from node 1: Heartbeat from crawler 1: Active
2025-04-18 00:38:53,930 - Master - INFO - Status from node 4: Indexed https://github.com/features/actions with 10 keywords with cloud storage
2025-04-18 00:38:55,137 - Master - INFO - Status from node 4: Indexed https://pypi.org/ with 10 keywords with cloud storage
2025-04-18 00:38:55,240 - Master - INFO - Status from node 2: Crawler 2 completed URL: https://github.com/features/copilot (found 122 URLs, 668813 bytes)
2025-04-18 00:38:55,342 - Master - INFO - Status from node 2: Heartbeat from crawler 2: Active
2025-04-18 00:38:55,746 - Master - INFO - Status from node 3: Heartbeat from crawler 3: Active
2025-04-18 00:38:56,751 - Master - INFO - Received URLs from crawler 2. Queue size now: 75, Processed URLs: 20
2025-04-18 00:38:56,753 - Master - INFO - Assigned task 22 to crawler 2 for URL: https://deadline.com/2025/04/gaza-photojournalist-cannes-doc-killed-israeli-strike-1236370699/
2025-04-18 00:38:56,856 - Master - INFO - Crawling complete. Processed 20 URLs. Shutting down nodes...
2025-04-18 00:38:56,858 - Master - INFO - Master node finished URL distribution. Shutting down.
2025-04-18 00:44:07,221 - Master - INFO - Master node started with rank 0 of 5
2025-04-18 00:44:07,222 - Master - INFO - Active Crawler Nodes: [1, 2, 3]
2025-04-18 00:44:07,222 - Master - INFO - Indexer Node: 4
2025-04-18 00:44:07,224 - Master - INFO - Assigned task 0 to crawler 1 for URL: https://www.python.org
2025-04-18 00:44:07,225 - Master - INFO - Assigned task 1 to crawler 2 for URL: https://www.github.com
2025-04-18 00:44:07,226 - Master - INFO - Assigned task 2 to crawler 3 for URL: https://www.wikipedia.org
2025-04-18 00:44:07,629 - Master - INFO - Status from node 2: Heartbeat from crawler 2: Active
2025-04-18 00:44:07,832 - Master - INFO - Status from node 3: Heartbeat from crawler 3: Active
2025-04-18 00:44:08,033 - Master - INFO - Status from node 1: Heartbeat from crawler 1: Active
2025-04-18 00:44:08,235 - Master - INFO - Received URLs from crawler 3. Queue size now: 7, Processed URLs: 1
2025-04-18 00:44:08,237 - Master - INFO - Assigned task 3 to crawler 3 for URL: https://www.reddit.com
2025-04-18 00:44:08,338 - Master - INFO - Received URLs from crawler 1. Queue size now: 11, Processed URLs: 2
2025-04-18 00:44:08,338 - Master - INFO - Assigned task 4 to crawler 1 for URL: https://www.stackoverflow.com
2025-04-18 00:44:09,142 - Master - INFO - Received URLs from crawler 2. Queue size now: 15, Processed URLs: 3
2025-04-18 00:44:09,144 - Master - INFO - Assigned task 5 to crawler 2 for URL: https://meta.wikimedia.org/wiki/Special:MyLanguage/List_of_Wikipedias
2025-04-18 00:44:09,748 - Master - INFO - Status from node 2: Heartbeat from crawler 2: Active
2025-04-18 00:44:10,352 - Master - INFO - Status from node 3: Crawler 3 completed URL: https://www.wikipedia.org (found 8 URLs, 90836 bytes)
2025-04-18 00:44:10,654 - Master - INFO - Status from node 3: Heartbeat from crawler 3: Active
2025-04-18 00:44:11,963 - Master - INFO - Received URLs from crawler 3. Queue size now: 19, Processed URLs: 4
2025-04-18 00:44:11,963 - Master - INFO - Assigned task 6 to crawler 3 for URL: https://donate.wikimedia.org/?wmf_medium=portal&wmf_campaign=portalFooter&wmf_source=portalFooter
2025-04-18 00:44:13,269 - Master - INFO - Status from node 2: Heartbeat from crawler 2: Active
2025-04-18 00:44:15,279 - Master - INFO - Status from node 1: Heartbeat from crawler 1: Active
2025-04-18 00:44:15,380 - Master - INFO - Status from node 1: Crawler 1 completed URL: https://www.python.org (found 71 URLs, 50679 bytes)
2025-04-18 00:44:15,482 - Master - INFO - Status from node 3: Crawler 3 completed URL: https://www.reddit.com (found 67 URLs, 629223 bytes)
2025-04-18 00:44:15,583 - Master - INFO - Status from node 3: Heartbeat from crawler 3: Active
2025-04-18 00:44:15,785 - Master - INFO - Status from node 4: Indexed https://www.wikipedia.org with 10 keywords with cloud storage
2025-04-18 00:44:15,987 - Master - INFO - Status from node 2: Heartbeat from crawler 2: Active
2025-04-18 00:44:16,393 - Master - INFO - Received URLs from crawler 3. Queue size now: 23, Processed URLs: 5
2025-04-18 00:44:16,394 - Master - INFO - Assigned task 7 to crawler 3 for URL: https://en.wikipedia.org/wiki/List_of_Wikipedia_mobile_applications
2025-04-18 00:44:16,997 - Master - INFO - Received URLs from crawler 1. Queue size now: 27, Processed URLs: 6
2025-04-18 00:44:17,000 - Master - INFO - Assigned task 8 to crawler 1 for URL: https://play.google.com/store/apps/details?id=org.wikipedia&referrer=utm_source%3Dportal%26utm_medium%3Dbutton%26anid%3Dadmob
2025-04-18 00:44:18,811 - Master - INFO - Status from node 1: Heartbeat from crawler 1: Active
2025-04-18 00:44:18,913 - Master - INFO - Status from node 4: Indexed https://www.reddit.com with 10 keywords with cloud storage
2025-04-18 00:44:19,918 - Master - INFO - Status from node 2: Heartbeat from crawler 2: Active
2025-04-18 00:44:20,221 - Master - INFO - Status from node 4: Indexed https://www.python.org with 10 keywords with cloud storage
2025-04-18 00:44:20,322 - Master - INFO - Status from node 3: Heartbeat from crawler 3: Active
2025-04-18 00:44:20,424 - Master - INFO - Status from node 3: Crawler 3 completed URL: https://donate.wikimedia.org/?wmf_medium=portal&wmf_campaign=portalFooter&wmf_source=portalFooter (found 18 URLs, 69867 bytes)
2025-04-18 00:44:20,528 - Master - INFO - Status from node 2: Crawler 2 completed URL: https://www.github.com (found 68 URLs, 280059 bytes)
2025-04-18 00:44:21,133 - Master - INFO - Received URLs from crawler 3. Queue size now: 31, Processed URLs: 7
2025-04-18 00:44:21,135 - Master - INFO - Assigned task 9 to crawler 3 for URL: https://itunes.apple.com/app/apple-store/id324715238?pt=208305&ct=portal&mt=8
2025-04-18 00:44:22,142 - Master - INFO - Status from node 1: Heartbeat from crawler 1: Active
2025-04-18 00:44:22,446 - Master - INFO - Status from node 2: Heartbeat from crawler 2: Active
2025-04-18 00:44:22,751 - Master - INFO - Status from node 3: Heartbeat from crawler 3: Active
2025-04-18 00:44:23,556 - Master - INFO - Status from node 4: Indexed https://www.github.com with 10 keywords with cloud storage
2025-04-18 00:44:23,658 - Master - INFO - Status from node 1: Crawler 1 completed URL: https://www.stackoverflow.com (found 87 URLs, 350418 bytes)
2025-04-18 00:44:24,665 - Master - INFO - Received URLs from crawler 1. Queue size now: 35, Processed URLs: 8
2025-04-18 00:44:24,667 - Master - INFO - Assigned task 10 to crawler 1 for URL: https://www.python.org/psf/
2025-04-18 00:44:24,769 - Master - INFO - Status from node 2: Heartbeat from crawler 2: Active
2025-04-18 00:44:26,079 - Master - INFO - Status from node 4: Indexed https://www.stackoverflow.com with 10 keywords with cloud storage
2025-04-18 00:44:26,182 - Master - INFO - Status from node 1: Heartbeat from crawler 1: Active
2025-04-18 00:44:26,888 - Master - INFO - Status from node 3: Heartbeat from crawler 3: Active
2025-04-18 00:44:27,493 - Master - INFO - Status from node 4: Indexed https://donate.wikimedia.org/?wmf_medium=portal&wmf_campaign=portalFooter&wmf_source=portalFooter with 10 keywords with cloud storage
2025-04-18 00:44:27,596 - Master - INFO - Status from node 3: Crawler 3 completed URL: https://en.wikipedia.org/wiki/List_of_Wikipedia_mobile_applications (found 94 URLs, 136556 bytes)
2025-04-18 00:44:29,204 - Master - INFO - Status from node 4: Indexed https://en.wikipedia.org/wiki/List_of_Wikipedia_mobile_applications with 10 keywords with cloud storage
2025-04-18 00:44:29,311 - Master - INFO - Status from node 1: Crawler 1 completed URL: https://play.google.com/store/apps/details?id=org.wikipedia&referrer=utm_source%3Dportal%26utm_medium%3Dbutton%26anid%3Dadmob (found 17 URLs, 1164272 bytes)
2025-04-18 00:44:29,414 - Master - INFO - Received URLs from crawler 3. Queue size now: 39, Processed URLs: 9
2025-04-18 00:44:29,423 - Master - INFO - Assigned task 11 to crawler 3 for URL: https://docs.python.org
2025-04-18 00:44:29,530 - Master - INFO - Status from node 2: Heartbeat from crawler 2: Active
2025-04-18 00:44:30,033 - Master - INFO - Status from node 3: Heartbeat from crawler 3: Active
2025-04-18 00:44:31,040 - Master - INFO - Status from node 1: Heartbeat from crawler 1: Active
2025-04-18 00:44:31,545 - Master - INFO - Received URLs from crawler 1. Queue size now: 43, Processed URLs: 10
2025-04-18 00:44:31,546 - Master - INFO - Assigned task 12 to crawler 1 for URL: https://pypi.org/
2025-04-18 00:44:32,954 - Master - INFO - Status from node 2: Heartbeat from crawler 2: Active
2025-04-18 00:44:33,558 - Master - INFO - Status from node 3: Heartbeat from crawler 3: Active
2025-04-18 00:44:35,568 - Master - INFO - Received URLs from crawler 2. Queue size now: 47, Processed URLs: 11
2025-04-18 00:44:35,570 - Master - INFO - Assigned task 13 to crawler 2 for URL: https://psfmember.org/civicrm/contribute/transact?reset=1&id=2
2025-04-18 00:44:37,077 - Master - INFO - Status from node 2: Heartbeat from crawler 2: Active
2025-04-18 00:44:38,484 - Master - INFO - Status from node 3: Heartbeat from crawler 3: Active
2025-04-18 00:44:39,288 - Master - INFO - Status from node 4: Indexed https://play.google.com/store/apps/details?id=org.wikipedia&referrer=utm_source%3Dportal%26utm_medium%3Dbutton%26anid%3Dadmob with 10 keywords with cloud storage
2025-04-18 00:44:39,392 - Master - INFO - Status from node 1: Heartbeat from crawler 1: Active
2025-04-18 00:44:39,494 - Master - INFO - Status from node 1: Crawler 1 completed URL: https://www.python.org/psf/ (found 56 URLs, 52287 bytes)
2025-04-18 00:44:39,597 - Master - INFO - Status from node 2: Crawler 2 completed URL: https://meta.wikimedia.org/wiki/Special:MyLanguage/List_of_Wikipedias (found 3371 URLs, 556612 bytes)
2025-04-18 00:44:40,904 - Master - INFO - Status from node 2: Heartbeat from crawler 2: Active
2025-04-18 00:44:41,007 - Master - INFO - Received URLs from crawler 1. Queue size now: 51, Processed URLs: 12
2025-04-18 00:44:41,008 - Master - INFO - Assigned task 14 to crawler 1 for URL: https://www.linkedin.com/company/python-software-foundation/
2025-04-18 00:44:42,115 - Master - INFO - Status from node 3: Heartbeat from crawler 3: Active
2025-04-18 00:44:42,317 - Master - INFO - Received URLs from crawler 2. Queue size now: 55, Processed URLs: 13
2025-04-18 00:44:42,320 - Master - INFO - Assigned task 15 to crawler 2 for URL: https://github.com/features/copilot
2025-04-18 00:44:45,035 - Master - INFO - Status from node 2: Heartbeat from crawler 2: Active
2025-04-18 00:44:45,437 - Master - INFO - Status from node 3: Heartbeat from crawler 3: Active
2025-04-18 00:44:48,655 - Master - INFO - Status from node 3: Heartbeat from crawler 3: Active
2025-04-18 00:44:49,962 - Master - INFO - Status from node 2: Heartbeat from crawler 2: Active
2025-04-18 00:44:50,767 - Master - INFO - Status from node 4: Indexed https://meta.wikimedia.org/wiki/Special:MyLanguage/List_of_Wikipedias with 10 keywords with cloud storage
2025-04-18 00:44:51,071 - Master - WARNING - Heartbeat timeout for crawler 1. Marking as failed.
2025-04-18 00:44:51,072 - Master - WARNING - No available crawler nodes found. Waiting for nodes to become available.
2025-04-18 00:44:51,172 - Master - WARNING - No available crawler nodes found. Waiting for nodes to become available.
2025-04-18 00:44:51,273 - Master - WARNING - No available crawler nodes found. Waiting for nodes to become available.
2025-04-18 00:44:51,374 - Master - INFO - Status from node 3: Heartbeat from crawler 3: Active
2025-04-18 00:44:51,375 - Master - WARNING - No available crawler nodes found. Waiting for nodes to become available.
2025-04-18 00:44:51,476 - Master - WARNING - No available crawler nodes found. Waiting for nodes to become available.
2025-04-18 00:44:51,577 - Master - WARNING - No available crawler nodes found. Waiting for nodes to become available.
2025-04-18 00:44:51,678 - Master - WARNING - No available crawler nodes found. Waiting for nodes to become available.
2025-04-18 00:44:51,778 - Master - WARNING - No available crawler nodes found. Waiting for nodes to become available.
2025-04-18 00:44:51,879 - Master - WARNING - No available crawler nodes found. Waiting for nodes to become available.
2025-04-18 00:44:51,980 - Master - WARNING - No available crawler nodes found. Waiting for nodes to become available.
2025-04-18 00:44:52,080 - Master - INFO - Status from node 4: Indexed https://www.python.org/psf/ with 10 keywords with cloud storage
2025-04-18 00:44:52,081 - Master - WARNING - No available crawler nodes found. Waiting for nodes to become available.
2025-04-18 00:44:52,182 - Master - INFO - Crawler 1 is back online.
2025-04-18 00:44:52,182 - Master - INFO - Status from node 1: Heartbeat from crawler 1: Active
2025-04-18 00:44:52,183 - Master - INFO - Assigned task 16 to crawler 1 for URL: https://github.com/security/advanced-security
2025-04-18 00:44:52,285 - Master - INFO - Status from node 1: Crawler 1 completed URL: https://pypi.org/ (found 26 URLs, 19849 bytes)
2025-04-18 00:44:52,387 - Master - INFO - Status from node 2: Crawler 2 completed URL: https://psfmember.org/civicrm/contribute/transact?reset=1&id=2 (found 10 URLs, 154411 bytes)
2025-04-18 00:44:53,493 - Master - INFO - Received URLs from crawler 2. Queue size now: 59, Processed URLs: 14
2025-04-18 00:44:53,496 - Master - INFO - Assigned task 17 to crawler 2 for URL: https://github.com/features/actions
2025-04-18 00:44:53,901 - Master - INFO - Status from node 4: Indexed https://psfmember.org/civicrm/contribute/transact?reset=1&id=2 with 10 keywords with cloud storage
2025-04-18 00:44:54,307 - Master - INFO - Status from node 2: Heartbeat from crawler 2: Active
2025-04-18 00:44:55,114 - Master - INFO - Status from node 4: Indexed https://pypi.org/ with 10 keywords with cloud storage
2025-04-18 00:44:55,216 - Master - INFO - Status from node 3: Crawler 3 completed URL: https://itunes.apple.com/app/apple-store/id324715238?pt=208305&ct=portal&mt=8 (found 44 URLs, 733580 bytes)
2025-04-18 00:44:55,721 - Master - INFO - Status from node 1: Heartbeat from crawler 1: Active
2025-04-18 00:44:55,923 - Master - INFO - Status from node 3: Heartbeat from crawler 3: Active
2025-04-18 00:44:56,027 - Master - INFO - Received URLs from crawler 3. Queue size now: 63, Processed URLs: 15
2025-04-18 00:44:56,030 - Master - INFO - Assigned task 18 to crawler 3 for URL: https://github.com/features/codespaces
2025-04-18 00:44:59,047 - Master - INFO - Status from node 4: Indexed https://itunes.apple.com/app/apple-store/id324715238?pt=208305&ct=portal&mt=8 with 10 keywords with cloud storage
2025-04-18 00:44:59,148 - Master - INFO - Status from node 3: Heartbeat from crawler 3: Active
2025-04-18 00:44:59,251 - Master - INFO - Status from node 3: Crawler 3 completed URL: https://docs.python.org (found 52 URLs, 17704 bytes)
2025-04-18 00:44:59,353 - Master - INFO - Status from node 2: Crawler 2 completed URL: https://github.com/features/copilot (found 122 URLs, 668812 bytes)
2025-04-18 00:44:59,457 - Master - INFO - Status from node 1: Heartbeat from crawler 1: Active
2025-04-18 00:44:59,561 - Master - INFO - Status from node 2: Heartbeat from crawler 2: Active
2025-04-18 00:45:00,471 - Master - INFO - Received URLs from crawler 3. Queue size now: 67, Processed URLs: 16
2025-04-18 00:45:00,474 - Master - INFO - Assigned task 19 to crawler 3 for URL: https://github.com/features/issues
2025-04-18 00:45:00,578 - Master - INFO - Received URLs from crawler 2. Queue size now: 71, Processed URLs: 17
2025-04-18 00:45:00,579 - Master - INFO - Assigned task 20 to crawler 2 for URL: https://www.reddit.com/login/
2025-04-18 00:45:03,190 - Master - INFO - Status from node 3: Heartbeat from crawler 3: Active
2025-04-18 00:45:03,596 - Master - INFO - Status from node 2: Heartbeat from crawler 2: Active
2025-04-18 00:45:03,906 - Master - INFO - Status from node 1: Heartbeat from crawler 1: Active
2025-04-18 00:45:04,009 - Master - INFO - Status from node 4: Indexed https://github.com/features/copilot with 10 keywords with cloud storage
2025-04-18 00:45:05,016 - Master - INFO - Received URLs from crawler 1. Queue size now: 72, Processed URLs: 18
2025-04-18 00:45:05,022 - Master - INFO - Assigned task 21 to crawler 1 for URL: https://www.redditinc.com/policies/content-policy
2025-04-18 00:45:05,127 - Master - INFO - Status from node 1: Crawler 1 completed URL: https://www.linkedin.com/company/python-software-foundation/ (found 2 URLs, 1530 bytes)
2025-04-18 00:45:05,229 - Master - INFO - Status from node 4: Indexed https://docs.python.org with 10 keywords with cloud storage
2025-04-18 00:45:05,332 - Master - INFO - Status from node 2: Crawler 2 completed URL: https://github.com/features/actions (found 76 URLs, 284305 bytes)
2025-04-18 00:45:05,938 - Master - INFO - Received URLs from crawler 1. Queue size now: 76, Processed URLs: 19
2025-04-18 00:45:05,939 - Master - INFO - Assigned task 22 to crawler 1 for URL: https://www.reddit.com/policies/privacy-policy
2025-04-18 00:45:06,544 - Master - INFO - Status from node 3: Heartbeat from crawler 3: Active
2025-04-18 00:45:07,148 - Master - INFO - Status from node 1: Heartbeat from crawler 1: Active
2025-04-18 00:45:07,250 - Master - INFO - Received URLs from crawler 2. Queue size now: 75, Processed URLs: 20
2025-04-18 00:45:07,253 - Master - INFO - Assigned task 23 to crawler 2 for URL: https://www.redditinc.com/policies/user-agreement
2025-04-18 00:45:07,357 - Master - INFO - Crawling complete. Processed 20 URLs. Shutting down nodes...
2025-04-18 00:45:07,360 - Master - INFO - Master node finished URL distribution. Shutting down.
2025-04-18 23:08:44,027 - Master - INFO - Master node started with rank 0 of 5
2025-04-18 23:08:44,027 - Master - INFO - Active Crawler Nodes: [1, 2, 3]
2025-04-18 23:08:44,027 - Master - INFO - Indexer Node: 4
2025-04-18 23:08:44,030 - Master - INFO - Assigned task 0 to crawler 1 for URL: https://www.python.org
2025-04-18 23:08:44,031 - Master - INFO - Assigned task 1 to crawler 2 for URL: https://www.github.com
2025-04-18 23:08:44,035 - Master - INFO - Assigned task 2 to crawler 3 for URL: https://www.wikipedia.org
2025-04-18 23:08:44,525 - Master - INFO - Status from node 1: Heartbeat from crawler 1: Active
2025-04-18 23:08:44,729 - Master - INFO - Status from node 3: Heartbeat from crawler 3: Active
2025-04-18 23:08:44,932 - Master - INFO - Status from node 2: Heartbeat from crawler 2: Active
2025-04-18 23:08:45,235 - Master - INFO - Received URLs from crawler 3. Queue size now: 7, Processed URLs: 1
2025-04-18 23:08:45,236 - Master - INFO - Assigned task 3 to crawler 3 for URL: https://www.reddit.com
2025-04-18 23:08:45,337 - Master - INFO - Received URLs from crawler 1. Queue size now: 11, Processed URLs: 2
2025-04-18 23:08:45,338 - Master - INFO - Assigned task 4 to crawler 1 for URL: https://www.stackoverflow.com
2025-04-18 23:08:45,841 - Master - INFO - Received URLs from crawler 2. Queue size now: 15, Processed URLs: 3
2025-04-18 23:08:45,842 - Master - INFO - Assigned task 5 to crawler 2 for URL: https://meta.wikimedia.org/wiki/Special:MyLanguage/List_of_Wikipedias
2025-04-18 23:08:47,350 - Master - INFO - Status from node 3: Heartbeat from crawler 3: Active
2025-04-18 23:08:47,452 - Master - INFO - Status from node 3: Crawler 3 completed URL: https://www.wikipedia.org (found 8 URLs, 90836 bytes)
2025-04-18 23:08:48,356 - Master - INFO - Status from node 2: Heartbeat from crawler 2: Active
2025-04-18 23:08:49,161 - Master - INFO - Received URLs from crawler 3. Queue size now: 19, Processed URLs: 4
2025-04-18 23:08:49,162 - Master - INFO - Assigned task 6 to crawler 3 for URL: https://donate.wikimedia.org/?wmf_medium=portal&wmf_campaign=portalFooter&wmf_source=portalFooter
2025-04-18 23:08:50,769 - Master - INFO - Status from node 3: Heartbeat from crawler 3: Active
2025-04-18 23:08:50,971 - Master - INFO - Status from node 2: Heartbeat from crawler 2: Active
2025-04-18 23:08:51,474 - Master - INFO - Status from node 1: Heartbeat from crawler 1: Active
2025-04-18 23:08:51,576 - Master - INFO - Status from node 3: Crawler 3 completed URL: https://www.reddit.com (found 73 URLs, 648322 bytes)
2025-04-18 23:08:51,678 - Master - INFO - Status from node 1: Crawler 1 completed URL: https://www.python.org (found 71 URLs, 50745 bytes)
2025-04-18 23:08:51,880 - Master - INFO - Status from node 4: Indexed https://www.wikipedia.org with 10 keywords with cloud storage
2025-04-18 23:08:53,187 - Master - INFO - Status from node 3: Heartbeat from crawler 3: Active
2025-04-18 23:08:54,294 - Master - INFO - Received URLs from crawler 3. Queue size now: 23, Processed URLs: 5
2025-04-18 23:08:54,296 - Master - INFO - Assigned task 7 to crawler 3 for URL: https://en.wikipedia.org/wiki/List_of_Wikipedia_mobile_applications
2025-04-18 23:08:54,399 - Master - INFO - Received URLs from crawler 1. Queue size now: 27, Processed URLs: 6
2025-04-18 23:08:54,400 - Master - INFO - Assigned task 8 to crawler 1 for URL: https://play.google.com/store/apps/details?id=org.wikipedia&referrer=utm_source%3Dportal%26utm_medium%3Dbutton%26anid%3Dadmob
2025-04-18 23:08:54,802 - Master - INFO - Status from node 4: Indexed https://www.reddit.com with 10 keywords with cloud storage
2025-04-18 23:08:54,905 - Master - INFO - Status from node 1: Heartbeat from crawler 1: Active
2025-04-18 23:08:55,911 - Master - INFO - Status from node 2: Heartbeat from crawler 2: Active
2025-04-18 23:08:56,116 - Master - INFO - Status from node 4: Indexed https://www.python.org with 10 keywords with cloud storage
2025-04-18 23:08:56,217 - Master - INFO - Status from node 2: Crawler 2 completed URL: https://www.github.com (found 68 URLs, 281248 bytes)
2025-04-18 23:08:56,319 - Master - INFO - Status from node 3: Heartbeat from crawler 3: Active
2025-04-18 23:08:56,421 - Master - INFO - Status from node 3: Crawler 3 completed URL: https://donate.wikimedia.org/?wmf_medium=portal&wmf_campaign=portalFooter&wmf_source=portalFooter (found 18 URLs, 69867 bytes)
2025-04-18 23:08:57,329 - Master - INFO - Received URLs from crawler 3. Queue size now: 31, Processed URLs: 7
2025-04-18 23:08:57,332 - Master - INFO - Assigned task 9 to crawler 3 for URL: https://itunes.apple.com/app/apple-store/id324715238?pt=208305&ct=portal&mt=8
2025-04-18 23:08:58,137 - Master - INFO - Status from node 1: Heartbeat from crawler 1: Active
2025-04-18 23:08:58,641 - Master - INFO - Received URLs from crawler 2. Queue size now: 35, Processed URLs: 8
2025-04-18 23:08:58,642 - Master - INFO - Assigned task 10 to crawler 2 for URL: https://www.python.org/psf/
2025-04-18 23:08:58,744 - Master - INFO - Status from node 4: Indexed https://www.github.com with 10 keywords with cloud storage
2025-04-18 23:08:58,847 - Master - INFO - Status from node 1: Crawler 1 completed URL: https://www.stackoverflow.com (found 87 URLs, 357009 bytes)
2025-04-18 23:08:59,050 - Master - INFO - Status from node 3: Heartbeat from crawler 3: Active
2025-04-18 23:08:59,354 - Master - INFO - Status from node 2: Heartbeat from crawler 2: Active
2025-04-18 23:09:00,259 - Master - INFO - Status from node 1: Heartbeat from crawler 1: Active
2025-04-18 23:09:00,363 - Master - INFO - Received URLs from crawler 1. Queue size now: 39, Processed URLs: 9
2025-04-18 23:09:00,366 - Master - INFO - Assigned task 11 to crawler 1 for URL: https://docs.python.org
2025-04-18 23:09:01,272 - Master - INFO - Status from node 4: Indexed https://www.stackoverflow.com with 10 keywords with cloud storage
2025-04-18 23:09:02,478 - Master - INFO - Status from node 2: Heartbeat from crawler 2: Active
2025-04-18 23:09:02,580 - Master - INFO - Status from node 4: Indexed https://donate.wikimedia.org/?wmf_medium=portal&wmf_campaign=portalFooter&wmf_source=portalFooter with 10 keywords with cloud storage
2025-04-18 23:09:02,684 - Master - INFO - Status from node 2: Crawler 2 completed URL: https://meta.wikimedia.org/wiki/Special:MyLanguage/List_of_Wikipedias (found 3371 URLs, 556619 bytes)
2025-04-18 23:09:03,389 - Master - INFO - Received URLs from crawler 2. Queue size now: 43, Processed URLs: 10
2025-04-18 23:09:03,391 - Master - INFO - Assigned task 12 to crawler 2 for URL: https://pypi.org/
2025-04-18 23:09:03,495 - Master - INFO - Status from node 3: Heartbeat from crawler 3: Active
2025-04-18 23:09:03,798 - Master - INFO - Status from node 1: Heartbeat from crawler 1: Active
2025-04-18 23:09:06,413 - Master - INFO - Status from node 4: Indexed https://meta.wikimedia.org/wiki/Special:MyLanguage/List_of_Wikipedias with 10 keywords with cloud storage
2025-04-18 23:09:06,515 - Master - INFO - Status from node 2: Heartbeat from crawler 2: Active
2025-04-18 23:09:06,617 - Master - INFO - Status from node 2: Crawler 2 completed URL: https://www.python.org/psf/ (found 56 URLs, 52283 bytes)
2025-04-18 23:09:06,719 - Master - INFO - Status from node 3: Crawler 3 completed URL: https://en.wikipedia.org/wiki/List_of_Wikipedia_mobile_applications (found 94 URLs, 136664 bytes)
2025-04-18 23:09:07,022 - Master - INFO - Status from node 3: Heartbeat from crawler 3: Active
2025-04-18 23:09:07,224 - Master - INFO - Received URLs from crawler 2. Queue size now: 47, Processed URLs: 11
2025-04-18 23:09:07,226 - Master - INFO - Assigned task 13 to crawler 2 for URL: https://psfmember.org/civicrm/contribute/transact?reset=1&id=2
2025-04-18 23:09:08,133 - Master - INFO - Status from node 4: Indexed https://en.wikipedia.org/wiki/List_of_Wikipedia_mobile_applications with 10 keywords with cloud storage
2025-04-18 23:09:08,236 - Master - INFO - Status from node 2: Crawler 2 completed URL: https://pypi.org/ (found 26 URLs, 19849 bytes)
2025-04-18 23:09:08,337 - Master - INFO - Status from node 1: Heartbeat from crawler 1: Active
2025-04-18 23:09:08,439 - Master - INFO - Status from node 1: Crawler 1 completed URL: https://play.google.com/store/apps/details?id=org.wikipedia&referrer=utm_source%3Dportal%26utm_medium%3Dbutton%26anid%3Dadmob (found 17 URLs, 1164469 bytes)
2025-04-18 23:09:09,244 - Master - INFO - Received URLs from crawler 1. Queue size now: 51, Processed URLs: 12
2025-04-18 23:09:09,246 - Master - INFO - Assigned task 14 to crawler 1 for URL: https://www.linkedin.com/company/python-software-foundation/
2025-04-18 23:09:09,549 - Master - INFO - Received URLs from crawler 3. Queue size now: 55, Processed URLs: 13
2025-04-18 23:09:09,550 - Master - INFO - Assigned task 15 to crawler 3 for URL: https://github.com/features/copilot
2025-04-18 23:09:10,557 - Master - INFO - Status from node 2: Heartbeat from crawler 2: Active
2025-04-18 23:09:10,668 - Master - INFO - Received URLs from crawler 2. Queue size now: 59, Processed URLs: 14
2025-04-18 23:09:10,672 - Master - INFO - Assigned task 16 to crawler 2 for URL: https://github.com/security/advanced-security
2025-04-18 23:09:11,780 - Master - INFO - Status from node 3: Heartbeat from crawler 3: Active
2025-04-18 23:09:12,885 - Master - INFO - Status from node 2: Heartbeat from crawler 2: Active
2025-04-18 23:09:14,294 - Master - INFO - Status from node 4: Indexed https://play.google.com/store/apps/details?id=org.wikipedia&referrer=utm_source%3Dportal%26utm_medium%3Dbutton%26anid%3Dadmob with 10 keywords with cloud storage
2025-04-18 23:09:14,399 - Master - INFO - Status from node 3: Heartbeat from crawler 3: Active
2025-04-18 23:09:16,711 - Master - INFO - Status from node 3: Heartbeat from crawler 3: Active
2025-04-18 23:09:17,316 - Master - INFO - Status from node 2: Heartbeat from crawler 2: Active
2025-04-18 23:09:18,422 - Master - INFO - Status from node 4: Indexed https://www.python.org/psf/ with 10 keywords with cloud storage
2025-04-18 23:09:19,327 - Master - WARNING - Heartbeat timeout for crawler 1. Marking as failed.
2025-04-18 23:09:19,329 - Master - WARNING - No available crawler nodes found. Waiting for nodes to become available.
2025-04-18 23:09:19,430 - Master - WARNING - No available crawler nodes found. Waiting for nodes to become available.
2025-04-18 23:09:19,530 - Master - WARNING - No available crawler nodes found. Waiting for nodes to become available.
2025-04-18 23:09:19,632 - Master - WARNING - No available crawler nodes found. Waiting for nodes to become available.
2025-04-18 23:09:19,732 - Master - WARNING - No available crawler nodes found. Waiting for nodes to become available.
2025-04-18 23:09:19,832 - Master - WARNING - No available crawler nodes found. Waiting for nodes to become available.
2025-04-18 23:09:19,933 - Master - WARNING - No available crawler nodes found. Waiting for nodes to become available.
2025-04-18 23:09:20,034 - Master - WARNING - No available crawler nodes found. Waiting for nodes to become available.
2025-04-18 23:09:20,134 - Master - WARNING - No available crawler nodes found. Waiting for nodes to become available.
2025-04-18 23:09:20,234 - Master - WARNING - No available crawler nodes found. Waiting for nodes to become available.
2025-04-18 23:09:20,335 - Master - WARNING - No available crawler nodes found. Waiting for nodes to become available.
2025-04-18 23:09:20,436 - Master - WARNING - No available crawler nodes found. Waiting for nodes to become available.
2025-04-18 23:09:20,536 - Master - WARNING - No available crawler nodes found. Waiting for nodes to become available.
2025-04-18 23:09:20,637 - Master - WARNING - No available crawler nodes found. Waiting for nodes to become available.
2025-04-18 23:09:20,738 - Master - WARNING - No available crawler nodes found. Waiting for nodes to become available.
2025-04-18 23:09:20,838 - Master - WARNING - No available crawler nodes found. Waiting for nodes to become available.
2025-04-18 23:09:20,939 - Master - WARNING - No available crawler nodes found. Waiting for nodes to become available.
2025-04-18 23:09:21,039 - Master - INFO - Status from node 4: Indexed https://pypi.org/ with 10 keywords with cloud storage
2025-04-18 23:09:21,042 - Master - WARNING - No available crawler nodes found. Waiting for nodes to become available.
2025-04-18 23:09:21,143 - Master - INFO - Status from node 2: Crawler 2 completed URL: https://psfmember.org/civicrm/contribute/transact?reset=1&id=2 (found 10 URLs, 154412 bytes)
2025-04-18 23:09:21,146 - Master - WARNING - No available crawler nodes found. Waiting for nodes to become available.
2025-04-18 23:09:21,246 - Master - INFO - Crawler 1 is back online.
2025-04-18 23:09:21,246 - Master - INFO - Status from node 1: Heartbeat from crawler 1: Active
2025-04-18 23:09:21,248 - Master - INFO - Assigned task 17 to crawler 1 for URL: https://github.com/features/actions
2025-04-18 23:09:21,351 - Master - INFO - Status from node 3: Heartbeat from crawler 3: Active
2025-04-18 23:09:21,453 - Master - INFO - Status from node 1: Crawler 1 completed URL: https://docs.python.org (found 52 URLs, 17619 bytes)
2025-04-18 23:09:21,656 - Master - INFO - Status from node 2: Heartbeat from crawler 2: Active
2025-04-18 23:09:22,264 - Master - INFO - Received URLs from crawler 2. Queue size now: 63, Processed URLs: 15
2025-04-18 23:09:22,266 - Master - INFO - Assigned task 18 to crawler 2 for URL: https://github.com/features/codespaces
2025-04-18 23:09:22,871 - Master - INFO - Status from node 4: Indexed https://psfmember.org/civicrm/contribute/transact?reset=1&id=2 with 10 keywords with cloud storage
2025-04-18 23:09:23,677 - Master - INFO - Status from node 1: Heartbeat from crawler 1: Active
2025-04-18 23:09:24,183 - Master - INFO - Status from node 4: Indexed https://docs.python.org with 10 keywords with cloud storage
2025-04-18 23:09:24,286 - Master - INFO - Status from node 2: Crawler 2 completed URL: https://github.com/security/advanced-security (found 76 URLs, 261419 bytes)
2025-04-18 23:09:25,393 - Master - INFO - Status from node 2: Heartbeat from crawler 2: Active
2025-04-18 23:09:25,495 - Master - INFO - Received URLs from crawler 2. Queue size now: 67, Processed URLs: 16
2025-04-18 23:09:25,499 - Master - INFO - Assigned task 19 to crawler 2 for URL: https://github.com/features/issues
2025-04-18 23:09:25,804 - Master - INFO - Status from node 3: Heartbeat from crawler 3: Active
2025-04-18 23:09:25,906 - Master - INFO - Status from node 1: Heartbeat from crawler 1: Active
2025-04-18 23:09:26,712 - Master - INFO - Status from node 4: Indexed https://github.com/security/advanced-security with 10 keywords with cloud storage
2025-04-18 23:09:26,814 - Master - INFO - Status from node 3: Crawler 3 completed URL: https://itunes.apple.com/app/apple-store/id324715238?pt=208305&ct=portal&mt=8 (found 44 URLs, 734036 bytes)
2025-04-18 23:09:28,761 - Master - INFO - Received URLs from crawler 3. Queue size now: 71, Processed URLs: 17
2025-04-18 23:09:28,763 - Master - INFO - Assigned task 20 to crawler 3 for URL: https://www.reddit.com/login/
2025-04-18 23:09:28,865 - Master - INFO - Status from node 3: Heartbeat from crawler 3: Active
2025-04-18 23:09:29,772 - Master - INFO - Status from node 2: Heartbeat from crawler 2: Active
2025-04-18 23:09:30,383 - Master - INFO - Status from node 4: Indexed https://itunes.apple.com/app/apple-store/id324715238?pt=208305&ct=portal&mt=8 with 10 keywords with cloud storage
2025-04-18 23:09:30,485 - Master - INFO - Status from node 2: Crawler 2 completed URL: https://github.com/features/codespaces (found 86 URLs, 334978 bytes)
2025-04-18 23:09:30,587 - Master - INFO - Status from node 1: Heartbeat from crawler 1: Active
2025-04-18 23:09:31,796 - Master - INFO - Received URLs from crawler 2. Queue size now: 75, Processed URLs: 18
2025-04-18 23:09:31,799 - Master - INFO - Assigned task 21 to crawler 2 for URL: http://news.reddit.com
2025-04-18 23:09:32,605 - Master - INFO - Status from node 4: Indexed https://github.com/features/codespaces with 10 keywords with cloud storage
2025-04-18 23:09:32,708 - Master - INFO - Status from node 2: Heartbeat from crawler 2: Active
2025-04-18 23:09:32,810 - Master - INFO - Status from node 3: Crawler 3 completed URL: https://github.com/features/copilot (found 122 URLs, 670028 bytes)
2025-04-18 23:09:33,314 - Master - INFO - Status from node 3: Heartbeat from crawler 3: Active
2025-04-18 23:09:33,617 - Master - INFO - Status from node 1: Heartbeat from crawler 1: Active
2025-04-18 23:09:34,223 - Master - INFO - Received URLs from crawler 1. Queue size now: 76, Processed URLs: 19
2025-04-18 23:09:34,225 - Master - INFO - Assigned task 22 to crawler 1 for URL: http://news.reddit.com
2025-04-18 23:09:34,328 - Master - INFO - Status from node 1: Crawler 1 completed URL: https://www.linkedin.com/company/python-software-foundation/ (found 2 URLs, 1530 bytes)
2025-04-18 23:09:34,832 - Master - INFO - Received URLs from crawler 3. Queue size now: 75, Processed URLs: 20
2025-04-18 23:09:34,834 - Master - INFO - Assigned task 23 to crawler 3 for URL: https://abcnews.go.com/US/judge-blocks-administration-deporting-noncitizens-3rd-countries-due/story?id=120951918
2025-04-18 23:09:34,936 - Master - INFO - Crawling complete. Processed 20 URLs. Shutting down nodes...
2025-04-18 23:09:34,937 - Master - INFO - Master node finished URL distribution. Shutting down.
2025-04-18 23:21:42,392 - Master - INFO - Master node started with rank 0 of 5
2025-04-18 23:21:42,393 - Master - INFO - Active Crawler Nodes: [1, 2, 3]
2025-04-18 23:21:42,393 - Master - INFO - Indexer Node: 4
2025-04-18 23:21:42,394 - Master - INFO - Assigned task 0 to crawler 1 for URL: https://www.python.org
2025-04-18 23:21:42,397 - Master - INFO - Assigned task 1 to crawler 2 for URL: https://www.github.com
2025-04-18 23:21:42,399 - Master - INFO - Assigned task 2 to crawler 3 for URL: https://www.wikipedia.org
2025-04-18 23:21:42,815 - Master - INFO - Status from node 1: Heartbeat from crawler 1: Active
2025-04-18 23:21:43,022 - Master - INFO - Status from node 2: Heartbeat from crawler 2: Active
2025-04-18 23:21:43,225 - Master - INFO - Status from node 3: Heartbeat from crawler 3: Active
2025-04-18 23:21:43,526 - Master - INFO - Received URLs from crawler 3. Queue size now: 7, Processed URLs: 1
2025-04-18 23:21:43,528 - Master - INFO - Assigned task 3 to crawler 3 for URL: https://www.reddit.com
2025-04-18 23:21:43,629 - Master - INFO - Received URLs from crawler 1. Queue size now: 11, Processed URLs: 2
2025-04-18 23:21:43,631 - Master - INFO - Assigned task 4 to crawler 1 for URL: https://www.stackoverflow.com
2025-04-18 23:21:44,135 - Master - INFO - Received URLs from crawler 2. Queue size now: 15, Processed URLs: 3
2025-04-18 23:21:44,136 - Master - INFO - Assigned task 5 to crawler 2 for URL: https://meta.wikimedia.org/wiki/Special:MyLanguage/List_of_Wikipedias
2025-04-18 23:21:46,046 - Master - INFO - Status from node 3: Heartbeat from crawler 3: Active
2025-04-18 23:21:46,147 - Master - INFO - Status from node 3: Crawler 3 completed URL: https://www.wikipedia.org (found 8 URLs, 90836 bytes)
2025-04-18 23:21:46,349 - Master - INFO - Status from node 2: Heartbeat from crawler 2: Active
2025-04-18 23:21:47,756 - Master - INFO - Received URLs from crawler 3. Queue size now: 19, Processed URLs: 4
2025-04-18 23:21:47,757 - Master - INFO - Assigned task 6 to crawler 3 for URL: https://donate.wikimedia.org/?wmf_medium=portal&wmf_campaign=portalFooter&wmf_source=portalFooter
2025-04-18 23:21:49,870 - Master - INFO - Status from node 2: Heartbeat from crawler 2: Active
2025-04-18 23:21:50,173 - Master - INFO - Status from node 1: Heartbeat from crawler 1: Active
2025-04-18 23:21:50,274 - Master - INFO - Status from node 3: Crawler 3 completed URL: https://www.reddit.com (found 69 URLs, 645334 bytes)
2025-04-18 23:21:50,376 - Master - INFO - Status from node 1: Crawler 1 completed URL: https://www.python.org (found 71 URLs, 50745 bytes)
2025-04-18 23:21:50,578 - Master - INFO - Status from node 4: Indexed https://www.wikipedia.org with 10 keywords with cloud storage
2025-04-18 23:21:50,780 - Master - INFO - Status from node 3: Heartbeat from crawler 3: Active
2025-04-18 23:21:52,789 - Master - INFO - Received URLs from crawler 3. Queue size now: 23, Processed URLs: 5
2025-04-18 23:21:52,790 - Master - INFO - Assigned task 7 to crawler 3 for URL: https://en.wikipedia.org/wiki/List_of_Wikipedia_mobile_applications
2025-04-18 23:21:52,992 - Master - INFO - Received URLs from crawler 1. Queue size now: 27, Processed URLs: 6
2025-04-18 23:21:52,994 - Master - INFO - Assigned task 8 to crawler 1 for URL: https://play.google.com/store/apps/details?id=org.wikipedia&referrer=utm_source%3Dportal%26utm_medium%3Dbutton%26anid%3Dadmob
2025-04-18 23:21:53,901 - Master - INFO - Status from node 4: Indexed https://www.reddit.com with 10 keywords with cloud storage
2025-04-18 23:21:54,506 - Master - INFO - Status from node 2: Heartbeat from crawler 2: Active
2025-04-18 23:21:55,110 - Master - INFO - Status from node 1: Heartbeat from crawler 1: Active
2025-04-18 23:21:55,715 - Master - INFO - Status from node 4: Indexed https://www.python.org with 10 keywords with cloud storage
2025-04-18 23:21:55,816 - Master - INFO - Status from node 3: Heartbeat from crawler 3: Active
2025-04-18 23:21:55,919 - Master - INFO - Status from node 3: Crawler 3 completed URL: https://donate.wikimedia.org/?wmf_medium=portal&wmf_campaign=portalFooter&wmf_source=portalFooter (found 18 URLs, 69867 bytes)
2025-04-18 23:21:56,031 - Master - INFO - Status from node 2: Crawler 2 completed URL: https://www.github.com (found 68 URLs, 281252 bytes)
2025-04-18 23:21:56,535 - Master - INFO - Status from node 2: Heartbeat from crawler 2: Active
2025-04-18 23:21:56,838 - Master - INFO - Received URLs from crawler 3. Queue size now: 31, Processed URLs: 7
2025-04-18 23:21:56,839 - Master - INFO - Assigned task 9 to crawler 3 for URL: https://itunes.apple.com/app/apple-store/id324715238?pt=208305&ct=portal&mt=8
2025-04-18 23:21:58,045 - Master - INFO - Received URLs from crawler 2. Queue size now: 35, Processed URLs: 8
2025-04-18 23:21:58,047 - Master - INFO - Assigned task 10 to crawler 2 for URL: https://www.python.org/psf/
2025-04-18 23:21:58,250 - Master - INFO - Status from node 4: Indexed https://www.github.com with 10 keywords with cloud storage
2025-04-18 23:21:58,353 - Master - INFO - Status from node 1: Crawler 1 completed URL: https://www.stackoverflow.com (found 87 URLs, 355025 bytes)
2025-04-18 23:21:58,958 - Master - INFO - Status from node 1: Heartbeat from crawler 1: Active
2025-04-18 23:21:59,263 - Master - INFO - Status from node 2: Heartbeat from crawler 2: Active
2025-04-18 23:21:59,666 - Master - INFO - Status from node 3: Heartbeat from crawler 3: Active
2025-04-18 23:21:59,769 - Master - INFO - Received URLs from crawler 1. Queue size now: 39, Processed URLs: 9
2025-04-18 23:21:59,771 - Master - INFO - Assigned task 11 to crawler 1 for URL: https://docs.python.org
2025-04-18 23:22:01,187 - Master - INFO - Status from node 4: Indexed https://www.stackoverflow.com with 10 keywords with cloud storage
2025-04-18 23:22:01,390 - Master - INFO - Status from node 2: Heartbeat from crawler 2: Active
2025-04-18 23:22:01,793 - Master - INFO - Status from node 3: Heartbeat from crawler 3: Active
2025-04-18 23:22:01,896 - Master - INFO - Status from node 1: Heartbeat from crawler 1: Active
2025-04-18 23:22:02,602 - Master - INFO - Status from node 4: Indexed https://donate.wikimedia.org/?wmf_medium=portal&wmf_campaign=portalFooter&wmf_source=portalFooter with 10 keywords with cloud storage
2025-04-18 23:22:02,704 - Master - INFO - Status from node 2: Crawler 2 completed URL: https://meta.wikimedia.org/wiki/Special:MyLanguage/List_of_Wikipedias (found 3371 URLs, 556619 bytes)
2025-04-18 23:22:03,408 - Master - INFO - Received URLs from crawler 2. Queue size now: 43, Processed URLs: 10
2025-04-18 23:22:03,409 - Master - INFO - Assigned task 12 to crawler 2 for URL: https://pypi.org/
2025-04-18 23:22:05,124 - Master - INFO - Status from node 3: Heartbeat from crawler 3: Active
2025-04-18 23:22:06,732 - Master - INFO - Status from node 4: Indexed https://meta.wikimedia.org/wiki/Special:MyLanguage/List_of_Wikipedias with 10 keywords with cloud storage
2025-04-18 23:22:06,836 - Master - INFO - Status from node 3: Crawler 3 completed URL: https://en.wikipedia.org/wiki/List_of_Wikipedia_mobile_applications (found 94 URLs, 136664 bytes)
2025-04-18 23:22:06,941 - Master - INFO - Status from node 2: Heartbeat from crawler 2: Active
2025-04-18 23:22:07,043 - Master - INFO - Status from node 2: Crawler 2 completed URL: https://www.python.org/psf/ (found 56 URLs, 52283 bytes)
2025-04-18 23:22:07,145 - Master - INFO - Status from node 3: Heartbeat from crawler 3: Active
2025-04-18 23:22:07,247 - Master - INFO - Status from node 1: Heartbeat from crawler 1: Active
2025-04-18 23:22:07,651 - Master - INFO - Received URLs from crawler 2. Queue size now: 47, Processed URLs: 11
2025-04-18 23:22:07,654 - Master - INFO - Assigned task 13 to crawler 2 for URL: https://psfmember.org/civicrm/contribute/transact?reset=1&id=2
2025-04-18 23:22:08,763 - Master - INFO - Received URLs from crawler 3. Queue size now: 51, Processed URLs: 12
2025-04-18 23:22:08,764 - Master - INFO - Assigned task 14 to crawler 3 for URL: https://www.linkedin.com/company/python-software-foundation/
2025-04-18 23:22:09,067 - Master - INFO - Status from node 4: Indexed https://en.wikipedia.org/wiki/List_of_Wikipedia_mobile_applications with 10 keywords with cloud storage
2025-04-18 23:22:09,169 - Master - INFO - Status from node 2: Crawler 2 completed URL: https://pypi.org/ (found 26 URLs, 19849 bytes)
2025-04-18 23:22:09,271 - Master - INFO - Status from node 1: Crawler 1 completed URL: https://play.google.com/store/apps/details?id=org.wikipedia&referrer=utm_source%3Dportal%26utm_medium%3Dbutton%26anid%3Dadmob (found 17 URLs, 1164430 bytes)
2025-04-18 23:22:09,372 - Master - INFO - Status from node 3: Heartbeat from crawler 3: Active
2025-04-18 23:22:09,775 - Master - INFO - Status from node 2: Heartbeat from crawler 2: Active
2025-04-18 23:22:10,380 - Master - INFO - Received URLs from crawler 1. Queue size now: 55, Processed URLs: 13
2025-04-18 23:22:10,382 - Master - INFO - Assigned task 15 to crawler 1 for URL: https://github.com/features/copilot
2025-04-18 23:22:11,689 - Master - INFO - Received URLs from crawler 2. Queue size now: 59, Processed URLs: 14
2025-04-18 23:22:11,690 - Master - INFO - Assigned task 16 to crawler 2 for URL: https://github.com/security/advanced-security
2025-04-18 23:22:12,396 - Master - INFO - Status from node 3: Heartbeat from crawler 3: Active
2025-04-18 23:22:13,604 - Master - INFO - Status from node 4: Indexed https://play.google.com/store/apps/details?id=org.wikipedia&referrer=utm_source%3Dportal%26utm_medium%3Dbutton%26anid%3Dadmob with 10 keywords with cloud storage
2025-04-18 23:22:14,208 - Master - INFO - Status from node 2: Heartbeat from crawler 2: Active
2025-04-18 23:22:14,912 - Master - INFO - Status from node 4: Indexed https://www.python.org/psf/ with 10 keywords with cloud storage
2025-04-18 23:22:16,118 - Master - INFO - Status from node 4: Indexed https://pypi.org/ with 10 keywords with cloud storage
2025-04-18 23:22:16,220 - Master - INFO - Status from node 2: Crawler 2 completed URL: https://psfmember.org/civicrm/contribute/transact?reset=1&id=2 (found 10 URLs, 154411 bytes)
2025-04-18 23:22:16,322 - Master - INFO - Status from node 1: Heartbeat from crawler 1: Active
2025-04-18 23:22:16,425 - Master - INFO - Status from node 2: Heartbeat from crawler 2: Active
2025-04-18 23:22:16,527 - Master - INFO - Status from node 1: Crawler 1 completed URL: https://docs.python.org (found 52 URLs, 17619 bytes)
2025-04-18 23:22:17,233 - Master - INFO - Status from node 3: Heartbeat from crawler 3: Active
2025-04-18 23:22:17,436 - Master - INFO - Received URLs from crawler 2. Queue size now: 63, Processed URLs: 15
2025-04-18 23:22:17,437 - Master - INFO - Assigned task 17 to crawler 2 for URL: https://github.com/features/actions
2025-04-18 23:22:17,539 - Master - INFO - Received URLs from crawler 1. Queue size now: 67, Processed URLs: 16
2025-04-18 23:22:17,542 - Master - INFO - Assigned task 18 to crawler 1 for URL: https://github.com/features/codespaces
2025-04-18 23:22:17,845 - Master - INFO - Status from node 4: Indexed https://psfmember.org/civicrm/contribute/transact?reset=1&id=2 with 10 keywords with cloud storage
2025-04-18 23:22:18,851 - Master - INFO - Status from node 1: Heartbeat from crawler 1: Active
2025-04-18 23:22:19,156 - Master - INFO - Status from node 2: Heartbeat from crawler 2: Active
2025-04-18 23:22:19,560 - Master - INFO - Status from node 4: Indexed https://docs.python.org with 10 keywords with cloud storage
2025-04-18 23:22:19,663 - Master - INFO - Status from node 3: Crawler 3 completed URL: https://itunes.apple.com/app/apple-store/id324715238?pt=208305&ct=portal&mt=8 (found 44 URLs, 734200 bytes)
2025-04-18 23:25:06,629 - Master - INFO - Master node started with rank 0 of 5
2025-04-18 23:25:06,629 - Master - INFO - Active Crawler Nodes: [1, 2, 3]
2025-04-18 23:25:06,630 - Master - INFO - Indexer Node: 4
2025-04-18 23:25:06,631 - Master - INFO - Assigned task 0 to crawler 1 for URL: https://www.python.org
2025-04-18 23:25:06,632 - Master - INFO - Assigned task 1 to crawler 2 for URL: https://www.github.com
2025-04-18 23:25:06,633 - Master - INFO - Assigned task 2 to crawler 3 for URL: https://www.wikipedia.org
2025-04-18 23:25:07,049 - Master - INFO - Status from node 1: Heartbeat from crawler 1: Active
2025-04-18 23:25:07,257 - Master - INFO - Status from node 2: Heartbeat from crawler 2: Active
2025-04-18 23:25:07,497 - Master - INFO - Status from node 3: Heartbeat from crawler 3: Active
2025-04-18 23:25:07,901 - Master - INFO - Received URLs from crawler 3. Queue size now: 7, Processed URLs: 1
2025-04-18 23:25:07,902 - Master - INFO - Assigned task 3 to crawler 3 for URL: https://www.reddit.com
2025-04-18 23:25:08,109 - Master - INFO - Received URLs from crawler 1. Queue size now: 11, Processed URLs: 2
2025-04-18 23:25:08,110 - Master - INFO - Assigned task 4 to crawler 1 for URL: https://www.stackoverflow.com
2025-04-18 23:25:08,512 - Master - INFO - Received URLs from crawler 2. Queue size now: 15, Processed URLs: 3
2025-04-18 23:25:08,513 - Master - INFO - Assigned task 5 to crawler 2 for URL: https://meta.wikimedia.org/wiki/Special:MyLanguage/List_of_Wikipedias
2025-04-18 23:25:09,819 - Master - INFO - Status from node 3: Crawler 3 completed URL: https://www.wikipedia.org (found 8 URLs, 90836 bytes)
2025-04-18 23:25:10,223 - Master - INFO - Status from node 2: Heartbeat from crawler 2: Active
2025-04-18 23:25:11,628 - Master - INFO - Received URLs from crawler 3. Queue size now: 19, Processed URLs: 4
2025-04-18 23:25:11,629 - Master - INFO - Assigned task 6 to crawler 3 for URL: https://donate.wikimedia.org/?wmf_medium=portal&wmf_campaign=portalFooter&wmf_source=portalFooter
2025-04-18 23:25:11,831 - Master - INFO - Status from node 3: Heartbeat from crawler 3: Active
2025-04-18 23:25:13,842 - Master - INFO - Status from node 1: Heartbeat from crawler 1: Active
2025-04-18 23:25:13,943 - Master - INFO - Status from node 3: Crawler 3 completed URL: https://www.reddit.com (found 72 URLs, 640008 bytes)
2025-04-18 23:25:14,045 - Master - INFO - Status from node 1: Crawler 1 completed URL: https://www.python.org (found 71 URLs, 50745 bytes)
2025-04-18 23:25:14,247 - Master - INFO - Status from node 4: Indexed https://www.wikipedia.org with 10 keywords with cloud storage
2025-04-18 23:25:14,851 - Master - INFO - Status from node 2: Heartbeat from crawler 2: Active
2025-04-18 23:25:15,957 - Master - INFO - Received URLs from crawler 3. Queue size now: 23, Processed URLs: 5
2025-04-18 23:25:15,958 - Master - INFO - Assigned task 7 to crawler 3 for URL: https://en.wikipedia.org/wiki/List_of_Wikipedia_mobile_applications
2025-04-18 23:25:17,665 - Master - INFO - Status from node 4: Indexed https://www.reddit.com with 10 keywords with cloud storage
2025-04-18 23:25:18,570 - Master - INFO - Status from node 1: Heartbeat from crawler 1: Active
2025-04-18 23:25:18,973 - Master - INFO - Status from node 4: Indexed https://www.python.org with 10 keywords with cloud storage
2025-04-18 23:25:19,075 - Master - INFO - Status from node 3: Heartbeat from crawler 3: Active
2025-04-18 23:25:19,177 - Master - INFO - Status from node 3: Crawler 3 completed URL: https://donate.wikimedia.org/?wmf_medium=portal&wmf_campaign=portalFooter&wmf_source=portalFooter (found 18 URLs, 69859 bytes)
2025-04-18 23:25:19,278 - Master - INFO - Status from node 2: Crawler 2 completed URL: https://www.github.com (found 68 URLs, 281226 bytes)
2025-04-18 23:25:19,781 - Master - INFO - Status from node 2: Heartbeat from crawler 2: Active
2025-04-18 23:25:19,985 - Master - INFO - Received URLs from crawler 3. Queue size now: 27, Processed URLs: 6
2025-04-18 23:25:19,985 - Master - INFO - Assigned task 8 to crawler 3 for URL: https://play.google.com/store/apps/details?id=org.wikipedia&referrer=utm_source%3Dportal%26utm_medium%3Dbutton%26anid%3Dadmob
2025-04-18 23:25:21,093 - Master - INFO - Status from node 4: Indexed https://www.github.com with 10 keywords with cloud storage
2025-04-18 23:25:21,196 - Master - INFO - Received URLs from crawler 2. Queue size now: 31, Processed URLs: 7
2025-04-18 23:25:21,199 - Master - INFO - Assigned task 9 to crawler 2 for URL: https://itunes.apple.com/app/apple-store/id324715238?pt=208305&ct=portal&mt=8
2025-04-18 23:25:22,808 - Master - INFO - Status from node 1: Heartbeat from crawler 1: Active
2025-04-18 23:25:23,111 - Master - INFO - Status from node 4: Indexed https://donate.wikimedia.org/?wmf_medium=portal&wmf_campaign=portalFooter&wmf_source=portalFooter with 10 keywords with cloud storage
2025-04-18 23:25:23,214 - Master - INFO - Status from node 2: Crawler 2 completed URL: https://meta.wikimedia.org/wiki/Special:MyLanguage/List_of_Wikipedias (found 3371 URLs, 556619 bytes)
2025-04-18 23:25:23,416 - Master - INFO - Status from node 3: Heartbeat from crawler 3: Active
2025-04-18 23:25:24,120 - Master - INFO - Status from node 2: Heartbeat from crawler 2: Active
2025-04-18 23:25:25,747 - Master - INFO - Received URLs from crawler 2. Queue size now: 35, Processed URLs: 8
2025-04-18 23:25:25,750 - Master - INFO - Assigned task 10 to crawler 2 for URL: https://www.python.org/psf/
2025-04-18 23:25:26,356 - Master - INFO - Received URLs from crawler 1. Queue size now: 39, Processed URLs: 9
2025-04-18 23:25:26,357 - Master - INFO - Assigned task 11 to crawler 1 for URL: https://docs.python.org
2025-04-18 23:25:26,961 - Master - INFO - Status from node 4: Indexed https://meta.wikimedia.org/wiki/Special:MyLanguage/List_of_Wikipedias with 10 keywords with cloud storage
2025-04-18 23:25:27,064 - Master - INFO - Status from node 3: Crawler 3 completed URL: https://en.wikipedia.org/wiki/List_of_Wikipedia_mobile_applications (found 94 URLs, 136664 bytes)
2025-04-18 23:25:27,276 - Master - INFO - Status from node 1: Heartbeat from crawler 1: Active
2025-04-18 23:25:27,580 - Master - INFO - Status from node 3: Heartbeat from crawler 3: Active
2025-04-18 23:25:27,985 - Master - INFO - Received URLs from crawler 3. Queue size now: 43, Processed URLs: 10
2025-04-18 23:25:27,987 - Master - INFO - Assigned task 12 to crawler 3 for URL: https://pypi.org/
2025-04-18 23:25:28,292 - Master - INFO - Status from node 2: Heartbeat from crawler 2: Active
2025-04-18 23:25:29,899 - Master - INFO - Status from node 4: Indexed https://en.wikipedia.org/wiki/List_of_Wikipedia_mobile_applications with 10 keywords with cloud storage
2025-04-18 23:25:30,002 - Master - INFO - Status from node 2: Crawler 2 completed URL: https://itunes.apple.com/app/apple-store/id324715238?pt=208305&ct=portal&mt=8 (found 44 URLs, 734200 bytes)
2025-04-18 23:25:30,706 - Master - INFO - Status from node 1: Heartbeat from crawler 1: Active
2025-04-18 23:25:31,209 - Master - INFO - Received URLs from crawler 2. Queue size now: 47, Processed URLs: 11
2025-04-18 23:25:31,210 - Master - INFO - Assigned task 13 to crawler 2 for URL: https://psfmember.org/civicrm/contribute/transact?reset=1&id=2
2025-04-18 23:25:31,313 - Master - INFO - Status from node 3: Heartbeat from crawler 3: Active
2025-04-18 23:25:33,221 - Master - INFO - Status from node 4: Indexed https://itunes.apple.com/app/apple-store/id324715238?pt=208305&ct=portal&mt=8 with 10 keywords with cloud storage
2025-04-18 23:25:33,323 - Master - INFO - Status from node 2: Heartbeat from crawler 2: Active
2025-04-18 23:25:33,425 - Master - INFO - Status from node 2: Crawler 2 completed URL: https://www.python.org/psf/ (found 56 URLs, 52283 bytes)
2025-04-18 23:25:33,527 - Master - INFO - Status from node 1: Crawler 1 completed URL: https://www.stackoverflow.com (found 87 URLs, 356209 bytes)
2025-04-18 23:25:33,729 - Master - INFO - Status from node 3: Heartbeat from crawler 3: Active
2025-04-18 23:25:34,333 - Master - INFO - Received URLs from crawler 1. Queue size now: 51, Processed URLs: 12
2025-04-18 23:25:34,336 - Master - INFO - Assigned task 14 to crawler 1 for URL: https://www.linkedin.com/company/python-software-foundation/
2025-04-18 23:25:35,543 - Master - INFO - Received URLs from crawler 2. Queue size now: 55, Processed URLs: 13
2025-04-18 23:25:35,544 - Master - INFO - Assigned task 15 to crawler 2 for URL: https://github.com/features/copilot
2025-04-18 23:25:35,748 - Master - INFO - Status from node 4: Indexed https://www.stackoverflow.com with 10 keywords with cloud storage
2025-04-18 23:25:35,851 - Master - INFO - Status from node 3: Crawler 3 completed URL: https://play.google.com/store/apps/details?id=org.wikipedia&referrer=utm_source%3Dportal%26utm_medium%3Dbutton%26anid%3Dadmob (found 17 URLs, 1164431 bytes)
2025-04-18 23:25:35,953 - Master - INFO - Status from node 1: Heartbeat from crawler 1: Active
2025-04-18 23:25:36,065 - Master - INFO - Status from node 1: Crawler 1 completed URL: https://docs.python.org (found 52 URLs, 17619 bytes)
2025-04-18 23:25:36,670 - Master - INFO - Received URLs from crawler 3. Queue size now: 59, Processed URLs: 14
2025-04-18 23:25:36,673 - Master - INFO - Assigned task 16 to crawler 3 for URL: https://github.com/security/advanced-security
2025-04-18 23:25:36,976 - Master - INFO - Received URLs from crawler 1. Queue size now: 60, Processed URLs: 15
2025-04-18 23:25:36,977 - Master - INFO - Assigned task 17 to crawler 1 for URL: https://github.com/features/actions
2025-04-18 23:25:37,079 - Master - INFO - Status from node 1: Crawler 1 completed URL: https://www.linkedin.com/company/python-software-foundation/ (found 2 URLs, 1530 bytes)
2025-04-18 23:25:37,584 - Master - INFO - Status from node 2: Heartbeat from crawler 2: Active
2025-04-18 23:25:38,289 - Master - INFO - Received URLs from crawler 1. Queue size now: 64, Processed URLs: 16
2025-04-18 23:25:38,292 - Master - INFO - Assigned task 18 to crawler 1 for URL: https://github.com/features/codespaces
2025-04-18 23:25:38,495 - Master - INFO - Status from node 1: Heartbeat from crawler 1: Active
2025-04-18 23:25:40,604 - Master - INFO - Status from node 2: Heartbeat from crawler 2: Active
2025-04-18 23:25:40,906 - Master - INFO - Status from node 4: Indexed https://play.google.com/store/apps/details?id=org.wikipedia&referrer=utm_source%3Dportal%26utm_medium%3Dbutton%26anid%3Dadmob with 10 keywords with cloud storage
2025-04-18 23:25:42,215 - Master - INFO - Status from node 4: Indexed https://www.python.org/psf/ with 10 keywords with cloud storage
2025-04-18 23:25:42,317 - Master - INFO - Status from node 3: Heartbeat from crawler 3: Active
2025-04-18 23:25:42,420 - Master - INFO - Status from node 3: Crawler 3 completed URL: https://pypi.org/ (found 26 URLs, 19849 bytes)
2025-04-18 23:25:42,521 - Master - INFO - Status from node 2: Crawler 2 completed URL: https://psfmember.org/civicrm/contribute/transact?reset=1&id=2 (found 10 URLs, 154412 bytes)
2025-04-18 23:25:42,624 - Master - INFO - Status from node 1: Heartbeat from crawler 1: Active
2025-04-18 23:25:43,630 - Master - INFO - Received URLs from crawler 3. Queue size now: 68, Processed URLs: 17
2025-04-18 23:25:43,634 - Master - INFO - Assigned task 19 to crawler 3 for URL: https://github.com/features/issues
2025-04-18 23:25:43,739 - Master - INFO - Received URLs from crawler 2. Queue size now: 72, Processed URLs: 18
2025-04-18 23:25:43,741 - Master - INFO - Assigned task 20 to crawler 2 for URL: https://www.reddit.com/login/
2025-04-18 23:25:44,245 - Master - INFO - Status from node 4: Indexed https://psfmember.org/civicrm/contribute/transact?reset=1&id=2 with 10 keywords with cloud storage
2025-04-18 23:25:44,851 - Master - INFO - Status from node 3: Heartbeat from crawler 3: Active
2025-04-18 23:25:45,255 - Master - INFO - Status from node 2: Heartbeat from crawler 2: Active
2025-04-18 23:25:45,457 - Master - INFO - Status from node 4: Indexed https://docs.python.org with 10 keywords with cloud storage
2025-04-18 23:25:46,262 - Master - INFO - Status from node 1: Heartbeat from crawler 1: Active
2025-04-18 23:25:46,665 - Master - INFO - Status from node 4: Indexed https://www.linkedin.com/company/python-software-foundation/ with 0 keywords with cloud storage
2025-04-18 23:25:46,768 - Master - INFO - Status from node 1: Crawler 1 completed URL: https://github.com/features/actions (found 76 URLs, 285472 bytes)
2025-04-18 23:25:47,974 - Master - INFO - Received URLs from crawler 1. Queue size now: 76, Processed URLs: 19
2025-04-18 23:25:47,975 - Master - INFO - Assigned task 21 to crawler 1 for URL: http://news.reddit.com
2025-04-18 23:25:48,680 - Master - INFO - Status from node 3: Heartbeat from crawler 3: Active
2025-04-18 23:25:48,782 - Master - INFO - Status from node 2: Heartbeat from crawler 2: Active
2025-04-18 23:25:48,884 - Master - INFO - Status from node 1: Heartbeat from crawler 1: Active
2025-04-18 23:25:49,186 - Master - INFO - Status from node 4: Indexed https://github.com/features/actions with 10 keywords with cloud storage
2025-04-18 23:25:50,302 - Master - INFO - Status from node 4: Indexed https://pypi.org/ with 10 keywords with cloud storage
2025-04-18 23:25:50,404 - Master - INFO - Status from node 2: Crawler 2 completed URL: https://github.com/features/copilot (found 122 URLs, 669978 bytes)
2025-04-18 23:25:51,007 - Master - INFO - Status from node 1: Heartbeat from crawler 1: Active
2025-04-18 23:25:52,315 - Master - INFO - Received URLs from crawler 2. Queue size now: 75, Processed URLs: 20
2025-04-18 23:25:52,319 - Master - INFO - Assigned task 22 to crawler 2 for URL: http://news.reddit.com
2025-04-18 23:25:52,422 - Master - INFO - Crawling complete. Processed 20 URLs. Shutting down nodes...
2025-04-18 23:25:52,424 - Master - INFO - Master node finished URL distribution. Shutting down.
2025-04-26 03:31:26,340 - Master - INFO - Master node started with rank 0 of 5
2025-04-26 03:31:26,340 - Master - INFO - Active Crawler Nodes: [1, 2, 3]
2025-04-26 03:31:26,340 - Master - INFO - Indexer Node: 4
2025-04-26 03:31:26,343 - Master - INFO - Assigned task 0 to crawler 1 for URL: https://www.python.org
2025-04-26 03:31:26,343 - Master - INFO - Assigned task 1 to crawler 2 for URL: https://www.github.com
2025-04-26 03:31:26,346 - Master - INFO - Assigned task 2 to crawler 3 for URL: https://www.wikipedia.org
2025-04-26 03:31:27,371 - Master - INFO - Status from node 1: Heartbeat from crawler 1: Active
2025-04-26 03:31:27,577 - Master - INFO - Status from node 2: Heartbeat from crawler 2: Active
2025-04-26 03:31:27,783 - Master - INFO - Status from node 3: Heartbeat from crawler 3: Active
2025-04-26 03:31:27,987 - Master - INFO - Received URLs from crawler 1. Queue size now: 7, Processed URLs: 1
2025-04-26 03:31:27,987 - Master - INFO - Assigned task 3 to crawler 1 for URL: https://www.reddit.com
2025-04-26 03:31:28,090 - Master - INFO - Received URLs from crawler 3. Queue size now: 11, Processed URLs: 2
2025-04-26 03:31:28,090 - Master - INFO - Assigned task 4 to crawler 3 for URL: https://www.stackoverflow.com
2025-04-26 03:31:28,695 - Master - INFO - Received URLs from crawler 2. Queue size now: 15, Processed URLs: 3
2025-04-26 03:31:28,695 - Master - INFO - Assigned task 5 to crawler 2 for URL: https://www.python.org/psf/
2025-04-26 03:31:31,007 - Master - INFO - Status from node 1: Crawler 1 completed URL: https://www.python.org (found 71 URLs, 51211 bytes)
2025-04-26 03:31:31,210 - Master - INFO - Status from node 2: Heartbeat from crawler 2: Active
2025-04-26 03:31:31,914 - Master - INFO - Status from node 1: Heartbeat from crawler 1: Active
2025-04-26 03:31:33,938 - Master - INFO - Received URLs from crawler 1. Queue size now: 19, Processed URLs: 4
2025-04-26 03:31:33,938 - Master - INFO - Assigned task 6 to crawler 1 for URL: https://docs.python.org
2025-04-26 03:31:34,945 - Master - INFO - Status from node 2: Heartbeat from crawler 2: Active
2025-04-26 03:31:35,849 - Master - INFO - Status from node 1: Heartbeat from crawler 1: Active
2025-04-26 03:31:36,754 - Master - INFO - Status from node 3: Heartbeat from crawler 3: Active
2025-04-26 03:31:36,858 - Master - INFO - Status from node 3: Crawler 3 completed URL: https://www.wikipedia.org (found 8 URLs, 90836 bytes)
2025-04-26 03:31:36,960 - Master - INFO - Status from node 1: Crawler 1 completed URL: https://www.reddit.com (found 71 URLs, 632642 bytes)
2025-04-26 03:31:37,162 - Master - INFO - Status from node 4: Indexed https://www.python.org with 10 keywords with cloud storage
2025-04-26 03:31:37,666 - Master - INFO - Received URLs from crawler 1. Queue size now: 23, Processed URLs: 5
2025-04-26 03:31:37,668 - Master - INFO - Assigned task 7 to crawler 1 for URL: https://pypi.org/
2025-04-26 03:31:38,879 - Master - INFO - Received URLs from crawler 3. Queue size now: 27, Processed URLs: 6
2025-04-26 03:31:38,879 - Master - INFO - Assigned task 8 to crawler 3 for URL: https://psfmember.org/civicrm/contribute/transact?reset=1&id=2
2025-04-26 03:31:39,535 - Master - INFO - Status from node 2: Heartbeat from crawler 2: Active
2025-04-26 03:31:40,343 - Master - INFO - Status from node 4: Indexed https://www.reddit.com with 10 keywords with cloud storage
2025-04-26 03:31:41,550 - Master - INFO - Status from node 3: Heartbeat from crawler 3: Active
2025-04-26 03:31:41,853 - Master - INFO - Status from node 4: Indexed https://www.wikipedia.org with 10 keywords with cloud storage
2025-04-26 03:31:41,955 - Master - INFO - Status from node 2: Crawler 2 completed URL: https://www.github.com (found 68 URLs, 282252 bytes)
2025-04-26 03:31:42,058 - Master - INFO - Status from node 1: Heartbeat from crawler 1: Active
2025-04-26 03:31:42,160 - Master - INFO - Status from node 1: Crawler 1 completed URL: https://docs.python.org (found 52 URLs, 17619 bytes)
2025-04-26 03:31:42,663 - Master - INFO - Received URLs from crawler 1. Queue size now: 31, Processed URLs: 7
2025-04-26 03:31:42,663 - Master - INFO - Assigned task 9 to crawler 1 for URL: https://www.linkedin.com/company/python-software-foundation/
2025-04-26 03:31:43,069 - Master - INFO - Received URLs from crawler 2. Queue size now: 35, Processed URLs: 8
2025-04-26 03:31:43,071 - Master - INFO - Assigned task 10 to crawler 2 for URL: https://meta.wikimedia.org/wiki/Special:MyLanguage/List_of_Wikipedias
2025-04-26 03:31:44,076 - Master - INFO - Status from node 4: Indexed https://www.github.com with 10 keywords with cloud storage
2025-04-26 03:31:44,177 - Master - INFO - Status from node 3: Crawler 3 completed URL: https://www.stackoverflow.com (found 88 URLs, 359962 bytes)
2025-04-26 03:31:44,280 - Master - INFO - Status from node 2: Heartbeat from crawler 2: Active
2025-04-26 03:31:44,382 - Master - INFO - Status from node 2: Crawler 2 completed URL: https://www.python.org/psf/ (found 56 URLs, 52262 bytes)
2025-04-26 03:31:44,485 - Master - INFO - Status from node 1: Crawler 1 completed URL: https://pypi.org/ (found 26 URLs, 19818 bytes)
2025-04-26 03:31:44,688 - Master - INFO - Status from node 1: Heartbeat from crawler 1: Active
2025-04-26 03:31:45,194 - Master - INFO - Received URLs from crawler 1. Queue size now: 36, Processed URLs: 9
2025-04-26 03:31:45,194 - Master - INFO - Assigned task 11 to crawler 1 for URL: https://donate.wikimedia.org/?wmf_medium=portal&wmf_campaign=portalFooter&wmf_source=portalFooter
2025-04-26 03:31:45,298 - Master - INFO - Status from node 1: Crawler 1 completed URL: https://www.linkedin.com/company/python-software-foundation/ (found 2 URLs, 1530 bytes)
2025-04-26 03:31:45,601 - Master - INFO - Status from node 3: Heartbeat from crawler 3: Active
2025-04-26 03:31:46,205 - Master - INFO - Received URLs from crawler 3. Queue size now: 40, Processed URLs: 10
2025-04-26 03:31:46,205 - Master - INFO - Assigned task 12 to crawler 3 for URL: https://en.wikipedia.org/wiki/List_of_Wikipedia_mobile_applications
2025-04-26 03:31:46,309 - Master - INFO - Received URLs from crawler 2. Queue size now: 44, Processed URLs: 11
2025-04-26 03:31:46,309 - Master - INFO - Assigned task 13 to crawler 2 for URL: https://play.google.com/store/apps/details?id=org.wikipedia&referrer=utm_source%3Dportal%26utm_medium%3Dbutton%26anid%3Dadmob
2025-04-26 03:31:46,718 - Master - INFO - Received URLs from crawler 1. Queue size now: 48, Processed URLs: 12
2025-04-26 03:31:46,722 - Master - INFO - Assigned task 14 to crawler 1 for URL: https://itunes.apple.com/app/apple-store/id324715238?pt=208305&ct=portal&mt=8
2025-04-26 03:31:47,528 - Master - INFO - Status from node 4: Indexed https://www.stackoverflow.com with 10 keywords with cloud storage
2025-04-26 03:31:47,831 - Master - INFO - Status from node 2: Heartbeat from crawler 2: Active
2025-04-26 03:31:49,037 - Master - INFO - Status from node 3: Heartbeat from crawler 3: Active
2025-04-26 03:31:49,239 - Master - INFO - Status from node 4: Indexed https://docs.python.org with 10 keywords with cloud storage
2025-04-26 03:31:50,747 - Master - INFO - Status from node 4: Indexed https://www.python.org/psf/ with 10 keywords with cloud storage
2025-04-26 03:31:52,255 - Master - INFO - Status from node 4: Indexed https://pypi.org/ with 10 keywords with cloud storage
2025-04-26 03:31:52,359 - Master - INFO - Status from node 2: Crawler 2 completed URL: https://meta.wikimedia.org/wiki/Special:MyLanguage/List_of_Wikipedias (found 3380 URLs, 557777 bytes)
2025-04-26 03:31:52,461 - Master - INFO - Status from node 2: Heartbeat from crawler 2: Active
2025-04-26 03:31:52,563 - Master - INFO - Status from node 1: Heartbeat from crawler 1: Active
2025-04-26 03:31:52,665 - Master - INFO - Status from node 1: Crawler 1 completed URL: https://donate.wikimedia.org/?wmf_medium=portal&wmf_campaign=portalFooter&wmf_source=portalFooter (found 18 URLs, 69873 bytes)
2025-04-26 03:31:53,472 - Master - INFO - Status from node 3: Heartbeat from crawler 3: Active
2025-04-26 03:31:53,775 - Master - INFO - Received URLs from crawler 2. Queue size now: 52, Processed URLs: 13
2025-04-26 03:31:53,775 - Master - INFO - Assigned task 15 to crawler 2 for URL: https://github.com/features/copilot
2025-04-26 03:31:54,819 - Master - INFO - Status from node 2: Heartbeat from crawler 2: Active
2025-04-26 03:31:55,023 - Master - INFO - Received URLs from crawler 1. Queue size now: 56, Processed URLs: 14
2025-04-26 03:31:55,023 - Master - INFO - Assigned task 16 to crawler 1 for URL: https://github.com/security/advanced-security
2025-04-26 03:31:55,932 - Master - INFO - Status from node 3: Heartbeat from crawler 3: Active
2025-04-26 03:31:56,438 - Master - INFO - Status from node 4: Indexed https://meta.wikimedia.org/wiki/Special:MyLanguage/List_of_Wikipedias with 10 keywords with cloud storage
2025-04-26 03:31:56,541 - Master - INFO - Status from node 3: Crawler 3 completed URL: https://psfmember.org/civicrm/contribute/transact?reset=1&id=2 (found 10 URLs, 154412 bytes)
2025-04-26 03:31:56,645 - Master - INFO - Status from node 1: Heartbeat from crawler 1: Active
2025-04-26 03:31:57,248 - Master - INFO - Received URLs from crawler 3. Queue size now: 60, Processed URLs: 15
2025-04-26 03:31:57,250 - Master - INFO - Assigned task 17 to crawler 3 for URL: https://github.com/features/actions
2025-04-26 03:31:58,761 - Master - INFO - Status from node 4: Indexed https://psfmember.org/civicrm/contribute/transact?reset=1&id=2 with 10 keywords with cloud storage
2025-04-26 03:31:59,265 - Master - INFO - Status from node 3: Heartbeat from crawler 3: Active
2025-04-26 03:31:59,470 - Master - INFO - Status from node 2: Heartbeat from crawler 2: Active
2025-04-26 03:31:59,673 - Master - INFO - Status from node 4: Indexed https://www.linkedin.com/company/python-software-foundation/ with 0 keywords with cloud storage
2025-04-26 03:32:00,982 - Master - INFO - Status from node 4: Indexed https://donate.wikimedia.org/?wmf_medium=portal&wmf_campaign=portalFooter&wmf_source=portalFooter with 10 keywords with cloud storage
2025-04-26 03:32:01,085 - Master - INFO - Status from node 2: Crawler 2 completed URL: https://play.google.com/store/apps/details?id=org.wikipedia&referrer=utm_source%3Dportal%26utm_medium%3Dbutton%26anid%3Dadmob (found 17 URLs, 1166131 bytes)
2025-04-26 03:32:01,187 - Master - INFO - Status from node 1: Heartbeat from crawler 1: Active
2025-04-26 03:32:01,808 - Master - INFO - Status from node 2: Heartbeat from crawler 2: Active
2025-04-26 03:32:02,312 - Master - INFO - Received URLs from crawler 2. Queue size now: 64, Processed URLs: 16
2025-04-26 03:32:02,312 - Master - INFO - Assigned task 18 to crawler 2 for URL: https://github.com/features/codespaces
2025-04-26 03:32:03,925 - Master - INFO - Status from node 3: Heartbeat from crawler 3: Active
2025-04-26 03:32:05,135 - Master - INFO - Status from node 1: Heartbeat from crawler 1: Active
2025-04-26 03:32:05,237 - Master - INFO - Status from node 2: Heartbeat from crawler 2: Active
2025-04-26 03:32:06,245 - Master - INFO - Status from node 4: Indexed https://play.google.com/store/apps/details?id=org.wikipedia&referrer=utm_source%3Dportal%26utm_medium%3Dbutton%26anid%3Dadmob with 10 keywords with cloud storage
2025-04-26 03:32:06,348 - Master - INFO - Status from node 1: Crawler 1 completed URL: https://itunes.apple.com/app/apple-store/id324715238?pt=208305&ct=portal&mt=8 (found 44 URLs, 713839 bytes)
2025-04-26 03:32:07,557 - Master - INFO - Received URLs from crawler 1. Queue size now: 68, Processed URLs: 17
2025-04-26 03:32:07,557 - Master - INFO - Assigned task 19 to crawler 1 for URL: https://github.com/features/issues
2025-04-26 03:32:07,662 - Master - INFO - Status from node 3: Heartbeat from crawler 3: Active
2025-04-26 03:32:08,982 - Master - INFO - Status from node 1: Heartbeat from crawler 1: Active
2025-04-26 03:32:09,386 - Master - INFO - Status from node 2: Heartbeat from crawler 2: Active
2025-04-26 03:32:09,752 - Master - INFO - Status from node 4: Indexed https://itunes.apple.com/app/apple-store/id324715238?pt=208305&ct=portal&mt=8 with 10 keywords with cloud storage
2025-04-26 03:32:09,857 - Master - INFO - Status from node 3: Crawler 3 completed URL: https://en.wikipedia.org/wiki/List_of_Wikipedia_mobile_applications (found 94 URLs, 136534 bytes)
2025-04-26 03:32:11,094 - Master - INFO - Received URLs from crawler 3. Queue size now: 72, Processed URLs: 18
2025-04-26 03:32:11,094 - Master - INFO - Assigned task 20 to crawler 3 for URL: https://www.reddit.com/login/
2025-04-26 03:32:12,204 - Master - INFO - Status from node 4: Indexed https://en.wikipedia.org/wiki/List_of_Wikipedia_mobile_applications with 10 keywords with cloud storage
2025-04-26 03:32:12,308 - Master - INFO - Status from node 2: Crawler 2 completed URL: https://github.com/features/copilot (found 122 URLs, 674540 bytes)
2025-04-26 03:32:12,610 - Master - INFO - Status from node 3: Heartbeat from crawler 3: Active
2025-04-26 03:32:13,346 - Master - INFO - Received URLs from crawler 2. Queue size now: 76, Processed URLs: 19
2025-04-26 03:32:13,346 - Master - INFO - Assigned task 21 to crawler 2 for URL: https://www.reddit.com/r/HollowKnight/comments/1k7oewp/rhollowknight_giveaway_discussion_celebration/
2025-04-26 03:32:13,854 - Master - INFO - Status from node 2: Heartbeat from crawler 2: Active
2025-04-26 03:32:13,956 - Master - INFO - Status from node 1: Heartbeat from crawler 1: Active
2025-04-26 03:32:16,168 - Master - INFO - Status from node 4: Indexed https://github.com/features/copilot with 10 keywords with cloud storage
2025-04-26 03:32:16,271 - Master - INFO - Status from node 2: Heartbeat from crawler 2: Active
2025-04-26 03:32:16,373 - Master - INFO - Status from node 1: Crawler 1 completed URL: https://github.com/security/advanced-security (found 76 URLs, 262212 bytes)
2025-04-26 03:32:16,676 - Master - INFO - Status from node 3: Heartbeat from crawler 3: Active
2025-04-26 03:32:18,186 - Master - INFO - Status from node 1: Heartbeat from crawler 1: Active
2025-04-26 03:32:18,491 - Master - INFO - Status from node 4: Indexed https://github.com/security/advanced-security with 10 keywords with cloud storage
2025-04-26 03:32:18,610 - Master - INFO - Status from node 3: Crawler 3 completed URL: https://github.com/features/actions (found 76 URLs, 283323 bytes)
2025-04-26 03:32:20,124 - Master - INFO - Received URLs from crawler 3. Queue size now: 75, Processed URLs: 20
2025-04-26 03:32:20,125 - Master - INFO - Assigned task 22 to crawler 3 for URL: https://www.reddit.com/r/HollowKnight/comments/1k7oewp/rhollowknight_giveaway_discussion_celebration/
2025-04-26 03:32:20,245 - Master - INFO - Crawling complete. Processed 20 URLs. Shutting down nodes...
2025-04-26 03:32:20,254 - Master - INFO - Master node finished URL distribution. Shutting down.
2025-04-26 03:38:18,980 - Master - INFO - Master node started with rank 0 of 5
2025-04-26 03:38:18,980 - Master - INFO - Active Crawler Nodes: [1, 2, 3]
2025-04-26 03:38:18,980 - Master - INFO - Indexer Node: 4
2025-04-26 03:38:18,985 - Master - INFO - Loaded AWS configuration from aws_config.json
2025-04-26 03:38:19,112 - Master - INFO - Found credentials in shared credentials file: ~/.aws/credentials
2025-04-26 03:38:20,266 - Master - INFO - Queue web-crawler-task-queue does not exist. Creating...
2025-04-26 03:38:20,478 - Master - INFO - Successfully created queue web-crawler-task-queue
2025-04-26 03:38:20,486 - Master - INFO - Successfully connected to AWS SQS in region us-east-1
2025-04-26 03:38:20,495 - Master - INFO - Task queue initialized in cloud mode
2025-04-26 03:38:21,816 - Master - INFO - Added 5 seed URLs to the task queue
2025-04-26 03:38:22,321 - Master - INFO - Assigned URL https://www.python.org to crawler 1.
2025-04-26 03:38:22,602 - Master - INFO - Assigned URL https://www.stackoverflow.com to crawler 2.
2025-04-26 03:38:22,885 - Master - INFO - Assigned URL https://www.github.com to crawler 3.
2025-04-26 03:38:23,129 - Master - INFO - Status from node 3: Heartbeat from crawler 3: Active
2025-04-26 03:38:23,231 - Master - INFO - Status from node 2: Heartbeat from crawler 2: Active
2025-04-26 03:38:23,335 - Master - INFO - Status from node 1: Heartbeat from crawler 1: Active
2025-04-26 03:38:23,437 - Master - INFO - Status from node 1: Heartbeat from crawler 1: Active
2025-04-26 03:38:23,543 - Master - INFO - Status from node 2: Heartbeat from crawler 2: Active
2025-04-26 03:38:24,519 - Master - INFO - Received URLs from crawler 1. Queue size now: 5, Processed URLs: 1
2025-04-26 03:38:24,869 - Master - INFO - Assigned URL https://www.wikipedia.org to crawler 1.
2025-04-26 03:38:25,119 - Master - INFO - Status from node 1: Crawler 1 completed URL: https://www.python.org (found 71 URLs, 51211 bytes)
2025-04-26 03:38:26,325 - Master - INFO - Received URLs from crawler 2. Queue size now: 11, Processed URLs: 2
2025-04-26 03:38:26,620 - Master - INFO - Assigned URL https://www.python.org/psf/ to crawler 2.
2025-04-26 03:38:27,776 - Master - INFO - Received URLs from crawler 1. Queue size now: 15, Processed URLs: 3
2025-04-26 03:38:28,162 - Master - INFO - Assigned URL https://en.wikipedia.org/wiki/List_of_Wikipedia_mobile_applications to crawler 1.
2025-04-26 03:38:28,469 - Master - INFO - Status from node 2: Heartbeat from crawler 2: Active
2025-04-26 03:38:28,573 - Master - INFO - Status from node 2: Heartbeat from crawler 2: Active
2025-04-26 03:38:28,676 - Master - INFO - Status from node 3: Heartbeat from crawler 3: Active
2025-04-26 03:38:29,798 - Master - INFO - Received URLs from crawler 3. Queue size now: 5, Processed URLs: 4
2025-04-26 03:38:30,090 - Master - INFO - Assigned URL https://www.linkedin.com/company/python-software-foundation/ to crawler 3.
2025-04-26 03:38:30,405 - Master - INFO - Status from node 2: Heartbeat from crawler 2: Active
2025-04-26 03:38:30,508 - Master - INFO - Status from node 3: Heartbeat from crawler 3: Active
2025-04-26 03:38:30,612 - Master - INFO - Status from node 3: Heartbeat from crawler 3: Active
2025-04-26 03:38:31,922 - Master - INFO - Status from node 2: Heartbeat from crawler 2: Active
2025-04-26 03:38:32,125 - Master - INFO - Status from node 1: Heartbeat from crawler 1: Active
2025-04-26 03:38:32,227 - Master - INFO - Status from node 1: Crawler 1 completed URL: https://www.wikipedia.org (found 8 URLs, 90836 bytes)
2025-04-26 03:38:32,330 - Master - INFO - Status from node 3: Heartbeat from crawler 3: Active
2025-04-26 03:38:32,538 - Master - INFO - Status from node 4: Indexed https://www.python.org with 10 keywords with cloud storage
2025-04-26 03:38:33,819 - Master - INFO - Received URLs from crawler 1. Queue size now: 11, Processed URLs: 5
2025-04-26 03:38:34,248 - Master - INFO - Assigned URL https://github.com/security/advanced-security to crawler 1.
2025-04-26 03:38:34,539 - Master - INFO - Status from node 4: Indexed https://www.wikipedia.org with 10 keywords with cloud storage
2025-04-26 03:38:34,641 - Master - INFO - Status from node 3: Crawler 3 completed URL: https://www.github.com (found 68 URLs, 282238 bytes)
2025-04-26 03:38:35,205 - Master - INFO - Received URLs from crawler 3. Queue size now: 19, Processed URLs: 6
2025-04-26 03:38:35,488 - Master - INFO - Assigned URL https://stackoverflow.co/teams/ai/?utm_medium=referral&utm_source=stackoverflow-community&utm_campaign=top-nav-bar&utm_content=overflowai to crawler 3.
2025-04-26 03:38:35,750 - Master - INFO - Status from node 3: Crawler 3 completed URL: https://www.linkedin.com/company/python-software-foundation/ (found 2 URLs, 1530 bytes)
2025-04-26 03:38:35,852 - Master - INFO - Status from node 4: Indexed https://www.github.com with 10 keywords with cloud storage
2025-04-26 03:38:35,954 - Master - INFO - Status from node 1: Heartbeat from crawler 1: Active
2025-04-26 03:38:36,057 - Master - INFO - Status from node 2: Crawler 2 completed URL: https://www.stackoverflow.com (found 88 URLs, 359458 bytes)
2025-04-26 03:38:36,259 - Master - INFO - Status from node 3: Heartbeat from crawler 3: Active
2025-04-26 03:38:37,493 - Master - INFO - Received URLs from crawler 3. Queue size now: 22, Processed URLs: 7
2025-04-26 03:38:37,868 - Master - INFO - Assigned URL https://www.reddit.com to crawler 3.
2025-04-26 03:38:38,118 - Master - INFO - Status from node 2: Heartbeat from crawler 2: Active
2025-04-26 03:38:40,228 - Master - INFO - Received URLs from crawler 2. Queue size now: 23, Processed URLs: 8
2025-04-26 03:38:40,581 - Master - INFO - Assigned URL https://bn.wikipedia.org/wiki/%E0%A6%89%E0%A6%87%E0%A6%95%E0%A6%BF%E0%A6%AA%E0%A6%BF%E0%A6%A1%E0%A6%BF%E0%A6%AF%E0%A6%BC%E0%A6%BE_%E0%A6%AE%E0%A7%8B%E0%A6%AC%E0%A6%BE%E0%A6%87%E0%A6%B2_%E0%A6%85%E0%A7%8D%E0%A6%AF%E0%A6%BE%E0%A6%AA%E0%A7%8D%E0%A6%B2%E0%A6%BF%E0%A6%95%E0%A7%87%E0%A6%B6%E0%A6%A8%E0%A7%87%E0%A6%B0_%E0%A6%A4%E0%A6%BE%E0%A6%B2%E0%A6%BF%E0%A6%95%E0%A6%BE to crawler 2.
2025-04-26 03:38:41,035 - Master - INFO - Status from node 4: Indexed https://www.stackoverflow.com with 10 keywords with cloud storage
2025-04-26 03:38:41,137 - Master - INFO - Status from node 4: Indexed https://en.wikipedia.org/wiki/List_of_Wikipedia_mobile_applications with 10 keywords with cloud storage
2025-04-26 03:38:41,239 - Master - INFO - Status from node 1: Crawler 1 completed URL: https://en.wikipedia.org/wiki/List_of_Wikipedia_mobile_applications (found 94 URLs, 136534 bytes)
2025-04-26 03:38:41,341 - Master - INFO - Status from node 1: Heartbeat from crawler 1: Active
2025-04-26 03:38:42,596 - Master - INFO - Received URLs from crawler 1. Queue size now: 22, Processed URLs: 9
2025-04-26 03:38:42,907 - Master - INFO - Assigned URL https://stackoverflow.co/ to crawler 1.
2025-04-26 03:38:43,158 - Master - INFO - Status from node 4: Indexed https://www.linkedin.com/company/python-software-foundation/ with 0 keywords with cloud storage
2025-04-26 03:38:43,262 - Master - INFO - Status from node 1: Heartbeat from crawler 1: Active
2025-04-26 03:38:43,365 - Master - INFO - Status from node 2: Crawler 2 completed URL: https://www.python.org/psf/ (found 56 URLs, 52262 bytes)
2025-04-26 03:38:43,467 - Master - INFO - Status from node 4: Indexed https://www.python.org/psf/ with 10 keywords with cloud storage
2025-04-26 03:38:43,570 - Master - INFO - Status from node 2: Heartbeat from crawler 2: Active
2025-04-26 03:38:44,803 - Master - INFO - Received URLs from crawler 2. Queue size now: 23, Processed URLs: 10
2025-04-26 03:38:45,089 - Master - INFO - Assigned URL https://github.com/features/copilot to crawler 2.
2025-04-26 03:38:45,342 - Master - INFO - Status from node 2: Heartbeat from crawler 2: Active
2025-04-26 03:38:45,445 - Master - INFO - Status from node 3: Heartbeat from crawler 3: Active
2025-04-26 03:38:45,549 - Master - INFO - Status from node 3: Heartbeat from crawler 3: Active
2025-04-26 03:38:45,651 - Master - INFO - Status from node 3: Crawler 3 completed URL: https://stackoverflow.co/teams/ai/?utm_medium=referral&utm_source=stackoverflow-community&utm_campaign=top-nav-bar&utm_content=overflowai (found 78 URLs, 303232 bytes)
2025-04-26 03:38:45,753 - Master - INFO - Status from node 1: Heartbeat from crawler 1: Active
2025-04-26 03:38:46,156 - Master - INFO - Status from node 4: Indexed https://stackoverflow.co/teams/ai/?utm_medium=referral&utm_source=stackoverflow-community&utm_campaign=top-nav-bar&utm_content=overflowai with 10 keywords with cloud storage
2025-04-26 03:38:46,258 - Master - INFO - Status from node 1: Crawler 1 completed URL: https://github.com/security/advanced-security (found 76 URLs, 262179 bytes)
2025-04-26 03:38:47,445 - Master - INFO - Received URLs from crawler 3. Queue size now: 40, Processed URLs: 11
2025-04-26 03:38:47,733 - Master - INFO - Assigned URL https://stackoverflow.co/advertising/?utm_medium=referral&utm_source=stackoverflow-community&utm_campaign=top-nav&utm_content=stack-overflow-advertising to crawler 3.
2025-04-26 03:38:48,942 - Master - INFO - Received URLs from crawler 1. Queue size now: 36, Processed URLs: 12
2025-04-26 03:38:49,261 - Master - INFO - Assigned URL https://stackoverflow.com to crawler 1.
2025-04-26 03:38:49,509 - Master - INFO - Status from node 4: Indexed https://github.com/security/advanced-security with 10 keywords with cloud storage
2025-04-26 03:38:49,613 - Master - INFO - Status from node 2: Heartbeat from crawler 2: Active
2025-04-26 03:38:49,718 - Master - INFO - Status from node 1: Heartbeat from crawler 1: Active
2025-04-26 03:38:49,822 - Master - INFO - Status from node 2: Crawler 2 completed URL: https://bn.wikipedia.org/wiki/%E0%A6%89%E0%A6%87%E0%A6%95%E0%A6%BF%E0%A6%AA%E0%A6%BF%E0%A6%A1%E0%A6%BF%E0%A6%AF%E0%A6%BC%E0%A6%BE_%E0%A6%AE%E0%A7%8B%E0%A6%AC%E0%A6%BE%E0%A6%87%E0%A6%B2_%E0%A6%85%E0%A7%8D%E0%A6%AF%E0%A6%BE%E0%A6%AA%E0%A7%8D%E0%A6%B2%E0%A6%BF%E0%A6%95%E0%A7%87%E0%A6%B6%E0%A6%A8%E0%A7%87%E0%A6%B0_%E0%A6%A4%E0%A6%BE%E0%A6%B2%E0%A6%BF%E0%A6%95%E0%A6%BE (found 185 URLs, 164990 bytes)
2025-04-26 03:38:50,841 - Master - INFO - Received URLs from crawler 2. Queue size now: 39, Processed URLs: 13
2025-04-26 03:38:51,710 - Master - INFO - Assigned URL https://stackoverflow.help/ to crawler 2.
2025-04-26 03:38:52,012 - Master - INFO - Status from node 4: Indexed https://bn.wikipedia.org/wiki/%E0%A6%89%E0%A6%87%E0%A6%95%E0%A6%BF%E0%A6%AA%E0%A6%BF%E0%A6%A1%E0%A6%BF%E0%A6%AF%E0%A6%BC%E0%A6%BE_%E0%A6%AE%E0%A7%8B%E0%A6%AC%E0%A6%BE%E0%A6%87%E0%A6%B2_%E0%A6%85%E0%A7%8D%E0%A6%AF%E0%A6%BE%E0%A6%AA%E0%A7%8D%E0%A6%B2%E0%A6%BF%E0%A6%95%E0%A7%87%E0%A6%B6%E0%A6%A8%E0%A7%87%E0%A6%B0_%E0%A6%A4%E0%A6%BE%E0%A6%B2%E0%A6%BF%E0%A6%95%E0%A6%BE with 10 keywords with cloud storage
2025-04-26 03:38:52,114 - Master - INFO - Status from node 2: Heartbeat from crawler 2: Active
2025-04-26 03:38:52,216 - Master - INFO - Status from node 3: Heartbeat from crawler 3: Active
2025-04-26 03:38:52,318 - Master - INFO - Status from node 3: Crawler 3 completed URL: https://www.reddit.com (found 70 URLs, 633098 bytes)
2025-04-26 03:38:52,421 - Master - INFO - Status from node 3: Heartbeat from crawler 3: Active
2025-04-26 03:38:53,503 - Master - INFO - Received URLs from crawler 3. Queue size now: 47, Processed URLs: 14
2025-04-26 03:38:53,799 - Master - INFO - Assigned URL https://docs.python.org to crawler 3.
2025-04-26 03:38:54,047 - Master - INFO - Status from node 4: Indexed https://www.reddit.com with 10 keywords with cloud storage
2025-04-26 03:38:54,150 - Master - INFO - Status from node 1: Heartbeat from crawler 1: Active
2025-04-26 03:38:54,252 - Master - INFO - Status from node 1: Crawler 1 completed URL: https://stackoverflow.co/ (found 85 URLs, 274354 bytes)
2025-04-26 03:38:54,354 - Master - INFO - Status from node 2: Heartbeat from crawler 2: Active
2025-04-26 03:38:56,062 - Master - INFO - Received URLs from crawler 1. Queue size now: 35, Processed URLs: 15
2025-04-26 03:38:56,361 - Master - INFO - Assigned URL https://www.python.org/psf/ to crawler 1.
2025-04-26 03:38:56,715 - Master - INFO - Status from node 4: Indexed https://stackoverflow.co/ with 10 keywords with cloud storage
2025-04-26 03:38:56,817 - Master - INFO - Status from node 2: Heartbeat from crawler 2: Active
2025-04-26 03:38:56,919 - Master - INFO - Status from node 2: Crawler 2 completed URL: https://github.com/features/copilot (found 122 URLs, 674532 bytes)
2025-04-26 03:38:57,022 - Master - INFO - Status from node 3: Heartbeat from crawler 3: Active
2025-04-26 03:38:57,727 - Master - INFO - Status from node 3: Heartbeat from crawler 3: Active
2025-04-26 03:38:57,833 - Master - INFO - Status from node 1: Heartbeat from crawler 1: Active
2025-04-26 03:38:58,140 - Master - INFO - Status from node 2: Heartbeat from crawler 2: Active
2025-04-26 03:39:00,066 - Master - INFO - Received URLs from crawler 2. Queue size now: 59, Processed URLs: 16
2025-04-26 03:39:00,446 - Master - INFO - Assigned URL https://meta.wikimedia.org/wiki/Special:MyLanguage/List_of_Wikipedias to crawler 2.
2025-04-26 03:39:00,746 - Master - INFO - Status from node 4: Indexed https://github.com/features/copilot with 10 keywords with cloud storage
2025-04-26 03:39:00,849 - Master - INFO - Status from node 2: Crawler 2 completed URL: https://stackoverflow.help/ (found 8 URLs, 51818 bytes)
2025-04-26 03:39:00,952 - Master - INFO - Status from node 3: Crawler 3 completed URL: https://stackoverflow.co/advertising/?utm_medium=referral&utm_source=stackoverflow-community&utm_campaign=top-nav&utm_content=stack-overflow-advertising (found 69 URLs, 257759 bytes)
2025-04-26 03:39:02,861 - Master - INFO - Received URLs from crawler 3. Queue size now: 59, Processed URLs: 17
2025-04-26 03:39:03,272 - Master - INFO - Assigned URL https://donate.wikimedia.org/?wmf_source=donate&wmf_medium=sidebar&wmf_campaign=en.wikipedia.org&uselang=en to crawler 3.
2025-04-26 03:39:03,522 - Master - INFO - Status from node 4: Indexed https://stackoverflow.co/advertising/?utm_medium=referral&utm_source=stackoverflow-community&utm_campaign=top-nav&utm_content=stack-overflow-advertising with 10 keywords with cloud storage
2025-04-26 03:39:03,624 - Master - INFO - Status from node 1: Crawler 1 completed URL: https://stackoverflow.com (found 88 URLs, 359840 bytes)
2025-04-26 03:39:03,727 - Master - INFO - Status from node 1: Heartbeat from crawler 1: Active
2025-04-26 03:39:04,821 - Master - INFO - Received URLs from crawler 1. Queue size now: 48, Processed URLs: 18
2025-04-26 03:39:05,107 - Master - INFO - Assigned URL https://donate.wikimedia.org/?wmf_medium=portal&wmf_campaign=portalFooter&wmf_source=portalFooter to crawler 1.
2025-04-26 03:39:05,434 - Master - INFO - Status from node 4: Indexed https://stackoverflow.com with 10 keywords with cloud storage
2025-04-26 03:39:05,536 - Master - INFO - Status from node 2: Heartbeat from crawler 2: Active
2025-04-26 03:39:06,600 - Master - INFO - Received URLs from crawler 2. Queue size now: 68, Processed URLs: 19
2025-04-26 03:39:06,884 - Master - INFO - Assigned URL https://github.com/features/copilot to crawler 2.
2025-04-26 03:39:07,128 - Master - INFO - Status from node 3: Crawler 3 completed URL: https://docs.python.org (found 52 URLs, 17619 bytes)
2025-04-26 03:39:07,230 - Master - INFO - Status from node 3: Heartbeat from crawler 3: Active
2025-04-26 03:39:07,332 - Master - INFO - Received URLs from crawler 3. Queue size now: 47, Processed URLs: 20
2025-04-26 03:39:07,793 - Master - INFO - Assigned URL https://github.com/features/issues to crawler 3.
2025-04-26 03:39:08,034 - Master - INFO - Sending shutdown signals to crawler nodes...
2025-04-26 03:39:08,034 - Master - INFO - Shutdown signal sent to crawler 1
2025-04-26 03:39:08,035 - Master - INFO - Shutdown signal sent to crawler 2
2025-04-26 03:39:08,035 - Master - INFO - Shutdown signal sent to crawler 3
2025-04-26 03:39:08,035 - Master - INFO - Sending shutdown signal to indexer node...
2025-04-26 03:39:08,035 - Master - INFO - Master node shutting down. Total URLs processed: 20
2025-04-26 03:39:08,035 - Master - INFO - Crawled: 20, Indexed: 15, Failed: 0
2025-04-26 03:43:30,812 - Master - INFO - Master node started with rank 0 of 5
2025-04-26 03:43:30,812 - Master - INFO - Active Crawler Nodes: [1, 2, 3]
2025-04-26 03:43:30,812 - Master - INFO - Indexer Node: 4
2025-04-26 03:43:30,812 - Master - INFO - Loaded AWS configuration from aws_config.json
2025-04-26 03:43:30,943 - Master - INFO - Found credentials in shared credentials file: ~/.aws/credentials
2025-04-26 03:43:32,884 - Master - INFO - Queue web-crawler-task-queue already exists
2025-04-26 03:43:32,885 - Master - INFO - Successfully connected to AWS SQS in region us-east-1
2025-04-26 03:43:32,885 - Master - INFO - Task queue initialized in cloud mode
2025-04-26 03:43:33,029 - Master - INFO - Sent message to SQS: 0ff18419-ec3f-4cd4-a0bb-776f38371517, content: https://www.python.org
2025-04-26 03:43:33,166 - Master - INFO - Sent message to SQS: 9ad93257-ccb1-4f10-a72e-4a3fce5bed49, content: https://www.github.com
2025-04-26 03:43:33,313 - Master - INFO - Sent message to SQS: 7295b134-1258-4af4-92fe-24b2d497e2e0, content: https://www.wikipedia.org
2025-04-26 03:43:33,452 - Master - INFO - Sent message to SQS: 2b1876b4-63e0-4e60-841b-8b872f3395c3, content: https://www.reddit.com
2025-04-26 03:43:33,605 - Master - INFO - Sent message to SQS: 17280eee-6cac-4620-afb9-9bb0adb0cfd0, content: https://www.stackoverflow.com
2025-04-26 03:43:33,605 - Master - INFO - Added 5 seed URLs to the task queue
2025-04-26 03:43:33,772 - Master - INFO - SQS queue size: 79
2025-04-26 03:43:33,930 - Master - INFO - Received 1 messages from SQS: ['https://stackoverflow.co/teams...']
2025-04-26 03:43:34,090 - Master - INFO - Deleted message from SQS: https://stackoverflow.co/teams...
2025-04-26 03:43:34,091 - Master - INFO - Assigned URL https://stackoverflow.co/teams/?utm_medium=referral&utm_source=stackoverflow-community&utm_campaign=top-nav&utm_content=stack-overflow-for-teams to crawler 1.
2025-04-26 03:43:34,237 - Master - INFO - Received 1 messages from SQS: ['https://stackoverflowteams.com...']
2025-04-26 03:43:34,400 - Master - INFO - Deleted message from SQS: https://stackoverflowteams.com...
2025-04-26 03:43:34,400 - Master - INFO - Assigned URL https://stackoverflowteams.com/users/login/?utm_source=so-owned&utm_medium=referral&utm_campaign=teams-nav-link to crawler 2.
2025-04-26 03:43:34,554 - Master - INFO - Received 1 messages from SQS: ['https://pypi.org/']
2025-04-26 03:43:34,707 - Master - INFO - Deleted message from SQS: https://pypi.org/
2025-04-26 03:43:34,707 - Master - INFO - Assigned URL https://pypi.org/ to crawler 3.
2025-04-26 03:43:34,853 - Master - INFO - SQS queue size: 74
2025-04-26 03:43:34,954 - Master - INFO - Status from node 1: Heartbeat from crawler 1: Active
2025-04-26 03:43:34,954 - Master - INFO - SQS queue size: 74
2025-04-26 03:43:35,056 - Master - INFO - Status from node 2: Heartbeat from crawler 2: Active
2025-04-26 03:43:35,056 - Master - INFO - SQS queue size: 74
2025-04-26 03:43:35,158 - Master - INFO - Status from node 3: Heartbeat from crawler 3: Active
2025-04-26 03:43:35,160 - Master - INFO - SQS queue size: 74
2025-04-26 03:43:35,262 - Master - INFO - Status from node 3: Heartbeat from crawler 3: Active
2025-04-26 03:43:35,262 - Master - INFO - SQS queue size: 74
2025-04-26 03:43:35,507 - Master - INFO - Sent message to SQS: 9603a2b5-136f-4cfd-b6df-445248e8133b, content: https://packaging.python.org/tutorials/installing-...
2025-04-26 03:43:35,641 - Master - INFO - Sent message to SQS: d893fc9a-47f8-4ddb-8b9e-4d0bacbf5b4c, content: https://packaging.python.org/tutorials/packaging-p...
2025-04-26 03:43:35,786 - Master - INFO - Sent message to SQS: 8d2aeb29-c962-4d52-99f7-777d33821896, content: https://packaging.python.org/tutorials/installing-...
2025-04-26 03:43:35,932 - Master - INFO - Sent message to SQS: 7d82c8e4-c1ef-4924-8e61-b9bc0d148393, content: https://packaging.python.org/tutorials/packaging-p...
2025-04-26 03:43:36,153 - Master - INFO - Sent message to SQS: fc488289-1a98-45f7-a021-9311f7d61f75, content: https://packaging.python.org/
2025-04-26 03:43:36,300 - Master - INFO - SQS queue size: 81
2025-04-26 03:43:36,300 - Master - INFO - Received URLs from crawler 3. Queue size now: 81, Processed URLs: 1
2025-04-26 03:43:36,455 - Master - INFO - Received 1 messages from SQS: ['https://stackoverflow.co/teams...']
2025-04-26 03:43:36,602 - Master - INFO - Deleted message from SQS: https://stackoverflow.co/teams...
2025-04-26 03:43:36,602 - Master - INFO - Assigned URL https://stackoverflow.co/teams/resources/faq/ to crawler 3.
2025-04-26 03:43:36,807 - Master - INFO - SQS queue size: 80
2025-04-26 03:43:36,909 - Master - INFO - Status from node 2: Heartbeat from crawler 2: Active
2025-04-26 03:43:36,909 - Master - INFO - SQS queue size: 80
2025-04-26 03:43:37,153 - Master - INFO - Sent message to SQS: 7e1d9003-e74a-4875-ac99-04b7cd478dfc, content: https://stackoverflowteams.com
2025-04-26 03:43:37,295 - Master - INFO - Sent message to SQS: 533352ad-3dca-4ec2-a5af-89f5996abcda, content: https://stackoverflowteams.com
2025-04-26 03:43:37,458 - Master - INFO - Sent message to SQS: 995e119c-fe67-4479-9fba-4c26cce3a5f3, content: https://stackoverflowteams.com
2025-04-26 03:43:37,604 - Master - INFO - SQS queue size: 83
2025-04-26 03:43:37,604 - Master - INFO - Received URLs from crawler 2. Queue size now: 83, Processed URLs: 2
2025-04-26 03:43:37,749 - Master - INFO - Received 1 messages from SQS: ['https://az.wikipedia.org/wiki/...']
2025-04-26 03:43:37,902 - Master - INFO - Deleted message from SQS: https://az.wikipedia.org/wiki/...
2025-04-26 03:43:37,902 - Master - INFO - Assigned URL https://az.wikipedia.org/wiki/Vikipediya_mobil_t%C9%99tbiql%C9%99rinin_siyah%C4%B1s%C4%B1 to crawler 2.
2025-04-26 03:43:38,042 - Master - INFO - SQS queue size: 81
2025-04-26 03:43:38,341 - Master - INFO - Sent message to SQS: 1e02462d-ae6c-4346-a2de-da4728c21d61, content: https://stackoverflow.co/teams/resources/
2025-04-26 03:43:38,513 - Master - INFO - Sent message to SQS: 9f2b392d-7dd4-4056-933f-a61521fbd60f, content: https://stackoverflow.help/
2025-04-26 03:43:38,693 - Master - INFO - Sent message to SQS: 50ff7756-d669-4947-9d2b-97e671088bd2, content: https://stackoverflow.co/teams/resources/faq/
2025-04-26 03:43:38,847 - Master - INFO - Sent message to SQS: d88821f9-5e0a-4a56-87ff-ee67c4d26953, content: https://stackoverflowteams.com/users/login/?utm_so...
2025-04-26 03:43:39,016 - Master - INFO - Sent message to SQS: fb048f62-281d-4b4b-a385-32b0f9ee5137, content: https://stackoverflowteams.com/teams/create/free/?...
2025-04-26 03:43:39,245 - Master - INFO - SQS queue size: 87
2025-04-26 03:43:39,245 - Master - INFO - Received URLs from crawler 1. Queue size now: 87, Processed URLs: 3
2025-04-26 03:43:39,402 - Master - INFO - Received 1 messages from SQS: ['https://pypi.org/']
2025-04-26 03:43:39,572 - Master - INFO - Deleted message from SQS: https://pypi.org/
2025-04-26 03:43:39,572 - Master - INFO - Assigned URL https://pypi.org/ to crawler 1.
2025-04-26 03:43:39,773 - Master - INFO - SQS queue size: 81
2025-04-26 03:43:39,874 - Master - INFO - Status from node 1: Heartbeat from crawler 1: Active
2025-04-26 03:43:39,874 - Master - INFO - SQS queue size: 81
2025-04-26 03:43:39,979 - Master - INFO - Status from node 1: Heartbeat from crawler 1: Active
2025-04-26 03:43:39,979 - Master - INFO - SQS queue size: 81
2025-04-26 03:43:40,081 - Master - INFO - Status from node 1: Heartbeat from crawler 1: Active
2025-04-26 03:43:40,081 - Master - INFO - SQS queue size: 81
2025-04-26 03:43:40,183 - Master - INFO - SQS queue size: 81
2025-04-26 03:43:40,283 - Master - INFO - SQS queue size: 81
2025-04-26 03:43:40,384 - Master - INFO - SQS queue size: 81
2025-04-26 03:43:40,484 - Master - INFO - SQS queue size: 81
2025-04-26 03:43:40,585 - Master - INFO - SQS queue size: 81
2025-04-26 03:43:40,685 - Master - INFO - SQS queue size: 81
2025-04-26 03:43:40,786 - Master - INFO - SQS queue size: 81
2025-04-26 03:43:40,886 - Master - INFO - SQS queue size: 81
2025-04-26 03:43:40,987 - Master - INFO - SQS queue size: 81
2025-04-26 03:43:41,088 - Master - INFO - SQS queue size: 81
2025-04-26 03:43:41,189 - Master - INFO - SQS queue size: 81
2025-04-26 03:43:41,290 - Master - INFO - SQS queue size: 81
2025-04-26 03:43:41,391 - Master - INFO - SQS queue size: 81
2025-04-26 03:43:41,492 - Master - INFO - SQS queue size: 81
2025-04-26 03:43:41,593 - Master - INFO - SQS queue size: 81
2025-04-26 03:43:41,693 - Master - INFO - SQS queue size: 81
2025-04-26 03:43:41,794 - Master - INFO - SQS queue size: 81
2025-04-26 03:43:41,894 - Master - INFO - SQS queue size: 81
2025-04-26 03:43:41,995 - Master - INFO - SQS queue size: 81
2025-04-26 03:43:42,096 - Master - INFO - SQS queue size: 81
2025-04-26 03:43:42,197 - Master - INFO - SQS queue size: 81
2025-04-26 03:43:42,298 - Master - INFO - SQS queue size: 81
2025-04-26 03:43:42,398 - Master - INFO - SQS queue size: 81
2025-04-26 03:43:42,499 - Master - INFO - SQS queue size: 81
2025-04-26 03:43:42,600 - Master - INFO - SQS queue size: 81
2025-04-26 03:43:42,701 - Master - INFO - SQS queue size: 81
2025-04-26 03:43:42,802 - Master - INFO - SQS queue size: 81
2025-04-26 03:43:42,902 - Master - INFO - SQS queue size: 81
2025-04-26 03:43:43,003 - Master - INFO - SQS queue size: 81
2025-04-26 03:43:43,104 - Master - INFO - SQS queue size: 81
2025-04-26 03:43:43,204 - Master - INFO - SQS queue size: 81
2025-04-26 03:43:43,305 - Master - INFO - SQS queue size: 81
2025-04-26 03:43:43,406 - Master - INFO - SQS queue size: 81
2025-04-26 03:43:43,513 - Master - INFO - SQS queue size: 81
2025-04-26 03:43:43,615 - Master - INFO - SQS queue size: 81
2025-04-26 03:43:43,718 - Master - INFO - SQS queue size: 81
2025-04-26 03:43:43,822 - Master - INFO - SQS queue size: 81
2025-04-26 03:43:43,928 - Master - INFO - SQS queue size: 81
2025-04-26 03:43:44,042 - Master - INFO - SQS queue size: 81
2025-04-26 03:43:44,145 - Master - INFO - SQS queue size: 81
2025-04-26 03:43:44,245 - Master - INFO - Status from node 1: Heartbeat from crawler 1: Active
2025-04-26 03:43:44,252 - Master - INFO - SQS queue size: 81
2025-04-26 03:43:44,354 - Master - INFO - SQS queue size: 81
2025-04-26 03:43:44,455 - Master - INFO - SQS queue size: 81
2025-04-26 03:43:44,570 - Master - INFO - SQS queue size: 81
2025-04-26 03:43:44,678 - Master - INFO - SQS queue size: 81
2025-04-26 03:43:44,780 - Master - INFO - SQS queue size: 81
2025-04-26 03:43:44,881 - Master - INFO - SQS queue size: 81
2025-04-26 03:43:44,985 - Master - INFO - SQS queue size: 81
2025-04-26 03:43:45,086 - Master - INFO - SQS queue size: 81
2025-04-26 03:43:45,187 - Master - INFO - SQS queue size: 81
2025-04-26 03:43:45,288 - Master - INFO - SQS queue size: 81
2025-04-26 03:43:45,388 - Master - WARNING - Heartbeat timeout for crawler 3. Marking as failed.
2025-04-26 03:43:45,540 - Master - INFO - Sent message to SQS: 70483a0c-4b4d-4dbe-b13e-d025b85399bb, content: https://stackoverflow.co/teams/resources/faq/
2025-04-26 03:43:45,703 - Master - INFO - SQS queue size: 87
2025-04-26 03:43:45,808 - Master - INFO - SQS queue size: 87
2025-04-26 03:43:45,910 - Master - INFO - SQS queue size: 87
2025-04-26 03:43:46,010 - Master - INFO - SQS queue size: 87
2025-04-26 03:43:46,111 - Master - INFO - SQS queue size: 87
2025-04-26 03:43:46,212 - Master - INFO - SQS queue size: 87
2025-04-26 03:43:46,313 - Master - INFO - SQS queue size: 87
2025-04-26 03:43:46,415 - Master - INFO - SQS queue size: 87
2025-04-26 03:43:46,517 - Master - INFO - SQS queue size: 87
2025-04-26 03:43:46,618 - Master - INFO - SQS queue size: 87
2025-04-26 03:43:46,776 - Master - INFO - SQS queue size: 87
2025-04-26 03:43:46,889 - Master - INFO - SQS queue size: 87
2025-04-26 03:43:46,990 - Master - INFO - SQS queue size: 87
2025-04-26 03:43:47,090 - Master - WARNING - Heartbeat timeout for crawler 2. Marking as failed.
2025-04-26 03:43:47,241 - Master - INFO - Sent message to SQS: 245ec060-7b9c-440d-be0a-17ae7a134755, content: https://az.wikipedia.org/wiki/Vikipediya_mobil_t%C...
2025-04-26 03:43:47,380 - Master - INFO - SQS queue size: 87
2025-04-26 03:43:47,488 - Master - INFO - SQS queue size: 87
2025-04-26 03:43:47,589 - Master - INFO - SQS queue size: 87
2025-04-26 03:43:47,689 - Master - INFO - SQS queue size: 87
2025-04-26 03:43:47,790 - Master - INFO - SQS queue size: 87
2025-04-26 03:43:47,891 - Master - INFO - SQS queue size: 87
2025-04-26 03:43:47,998 - Master - INFO - Status from node 1: Heartbeat from crawler 1: Active
2025-04-26 03:43:47,998 - Master - INFO - SQS queue size: 87
2025-04-26 03:43:48,100 - Master - INFO - SQS queue size: 87
2025-04-26 03:43:48,201 - Master - INFO - SQS queue size: 87
2025-04-26 03:43:48,302 - Master - INFO - SQS queue size: 87
2025-04-26 03:43:48,403 - Master - INFO - SQS queue size: 87
2025-04-26 03:43:48,503 - Master - INFO - SQS queue size: 87
2025-04-26 03:43:48,604 - Master - INFO - SQS queue size: 87
2025-04-26 03:43:48,705 - Master - INFO - SQS queue size: 87
2025-04-26 03:43:48,805 - Master - INFO - SQS queue size: 87
2025-04-26 03:43:48,906 - Master - INFO - SQS queue size: 87
2025-04-26 03:43:49,009 - Master - INFO - SQS queue size: 87
2025-04-26 03:43:49,110 - Master - INFO - SQS queue size: 87
2025-04-26 03:43:49,211 - Master - INFO - SQS queue size: 87
2025-04-26 03:43:49,311 - Master - INFO - SQS queue size: 87
2025-04-26 03:43:49,413 - Master - INFO - SQS queue size: 87
2025-04-26 03:43:49,513 - Master - INFO - SQS queue size: 87
2025-04-26 03:43:49,614 - Master - INFO - SQS queue size: 87
2025-04-26 03:43:49,716 - Master - INFO - SQS queue size: 87
2025-04-26 03:43:49,817 - Master - INFO - SQS queue size: 87
2025-04-26 03:43:49,918 - Master - INFO - SQS queue size: 87
2025-04-26 03:43:50,018 - Master - INFO - SQS queue size: 87
2025-04-26 03:43:50,119 - Master - INFO - SQS queue size: 87
2025-04-26 03:43:50,220 - Master - INFO - SQS queue size: 87
2025-04-26 03:43:50,320 - Master - INFO - SQS queue size: 87
2025-04-26 03:43:50,421 - Master - INFO - SQS queue size: 87
2025-04-26 03:43:50,522 - Master - INFO - SQS queue size: 87
2025-04-26 03:43:50,622 - Master - INFO - SQS queue size: 87
2025-04-26 03:43:50,723 - Master - INFO - SQS queue size: 87
2025-04-26 03:43:50,824 - Master - INFO - SQS queue size: 87
2025-04-26 03:43:50,925 - Master - INFO - SQS queue size: 87
2025-04-26 03:43:51,027 - Master - INFO - SQS queue size: 87
2025-04-26 03:43:51,128 - Master - INFO - SQS queue size: 87
2025-04-26 03:43:51,229 - Master - INFO - SQS queue size: 87
2025-04-26 03:43:51,330 - Master - INFO - SQS queue size: 87
2025-04-26 03:43:51,505 - Master - INFO - Status from node 1: Heartbeat from crawler 1: Active
2025-04-26 03:43:51,505 - Master - INFO - SQS queue size: 87
2025-04-26 03:43:51,610 - Master - INFO - SQS queue size: 87
2025-04-26 03:43:51,711 - Master - INFO - SQS queue size: 87
2025-04-26 03:43:51,812 - Master - INFO - SQS queue size: 87
2025-04-26 03:43:51,913 - Master - INFO - SQS queue size: 87
2025-04-26 03:43:52,013 - Master - INFO - SQS queue size: 87
2025-04-26 03:43:52,114 - Master - INFO - SQS queue size: 87
2025-04-26 03:43:52,215 - Master - INFO - SQS queue size: 87
2025-04-26 03:43:52,315 - Master - INFO - SQS queue size: 87
2025-04-26 03:43:52,416 - Master - INFO - SQS queue size: 87
2025-04-26 03:43:52,517 - Master - INFO - SQS queue size: 87
2025-04-26 03:43:52,620 - Master - INFO - SQS queue size: 87
2025-04-26 03:43:52,721 - Master - INFO - SQS queue size: 87
2025-04-26 03:43:52,821 - Master - INFO - SQS queue size: 87
2025-04-26 03:43:52,922 - Master - INFO - SQS queue size: 87
2025-04-26 03:43:53,023 - Master - INFO - SQS queue size: 87
2025-04-26 03:43:53,124 - Master - INFO - SQS queue size: 87
2025-04-26 03:43:53,226 - Master - INFO - SQS queue size: 87
2025-04-26 03:43:53,327 - Master - INFO - SQS queue size: 87
2025-04-26 03:43:53,434 - Master - INFO - SQS queue size: 87
2025-04-26 03:43:53,535 - Master - INFO - SQS queue size: 87
2025-04-26 03:43:53,635 - Master - INFO - SQS queue size: 87
2025-04-26 03:43:53,739 - Master - INFO - SQS queue size: 87
2025-04-26 03:43:53,840 - Master - INFO - SQS queue size: 87
2025-04-26 03:43:53,941 - Master - INFO - SQS queue size: 87
2025-04-26 03:43:54,043 - Master - INFO - SQS queue size: 87
2025-04-26 03:43:54,143 - Master - INFO - SQS queue size: 87
2025-04-26 03:43:54,244 - Master - INFO - SQS queue size: 87
2025-04-26 03:43:54,345 - Master - INFO - SQS queue size: 87
2025-04-26 03:43:54,445 - Master - INFO - Status from node 1: Heartbeat from crawler 1: Active
2025-04-26 03:43:54,445 - Master - INFO - SQS queue size: 87
2025-04-26 03:43:54,547 - Master - INFO - SQS queue size: 87
2025-04-26 03:43:54,648 - Master - INFO - SQS queue size: 87
2025-04-26 03:43:54,749 - Master - INFO - SQS queue size: 87
2025-04-26 03:43:54,850 - Master - INFO - SQS queue size: 87
2025-04-26 03:43:54,950 - Master - INFO - SQS queue size: 87
2025-04-26 03:43:55,051 - Master - INFO - SQS queue size: 87
2025-04-26 03:43:55,153 - Master - INFO - SQS queue size: 87
2025-04-26 03:43:55,254 - Master - INFO - SQS queue size: 87
2025-04-26 03:43:55,355 - Master - INFO - SQS queue size: 87
2025-04-26 03:43:55,456 - Master - INFO - SQS queue size: 87
2025-04-26 03:43:55,559 - Master - INFO - SQS queue size: 87
2025-04-26 03:43:55,669 - Master - INFO - SQS queue size: 87
2025-04-26 03:43:55,771 - Master - INFO - SQS queue size: 87
2025-04-26 03:43:55,878 - Master - INFO - SQS queue size: 87
2025-04-26 03:43:55,979 - Master - INFO - SQS queue size: 87
2025-04-26 03:43:56,082 - Master - INFO - SQS queue size: 87
2025-04-26 03:43:56,183 - Master - INFO - SQS queue size: 87
2025-04-26 03:43:56,284 - Master - INFO - SQS queue size: 87
2025-04-26 03:43:56,385 - Master - INFO - SQS queue size: 87
2025-04-26 03:43:56,486 - Master - INFO - SQS queue size: 87
2025-04-26 03:43:56,587 - Master - INFO - SQS queue size: 87
2025-04-26 03:43:56,688 - Master - INFO - Crawler 3 is back online.
2025-04-26 03:43:56,688 - Master - INFO - Status from node 3: Heartbeat from crawler 3: Active
2025-04-26 03:43:56,833 - Master - INFO - Received 1 messages from SQS: ['https://cs.wikipedia.org/wiki/...']
2025-04-26 03:43:56,988 - Master - INFO - Deleted message from SQS: https://cs.wikipedia.org/wiki/...
2025-04-26 03:43:56,988 - Master - INFO - Assigned URL https://cs.wikipedia.org/wiki/Seznam_mobiln%C3%ADch_aplikac%C3%AD_Wikipedie to crawler 3.
2025-04-26 03:43:57,133 - Master - INFO - SQS queue size: 80
2025-04-26 03:43:57,240 - Master - INFO - Status from node 3: Crawler 3 completed URL: https://pypi.org/ (found 26 URLs, 19818 bytes)
2025-04-26 03:43:57,240 - Master - INFO - SQS queue size: 80
2025-04-26 03:43:57,343 - Master - INFO - Crawler 2 is back online.
2025-04-26 03:43:57,343 - Master - INFO - Status from node 2: Heartbeat from crawler 2: Active
2025-04-26 03:43:57,803 - Master - INFO - Received 1 messages from SQS: ['https://donate.wikimedia.org/?...']
2025-04-26 03:43:57,949 - Master - INFO - Deleted message from SQS: https://donate.wikimedia.org/?...
2025-04-26 03:43:57,949 - Master - INFO - Assigned URL https://donate.wikimedia.org/?wmf_source=donate&wmf_medium=sidebar&wmf_campaign=bn.wikipedia.org&uselang=en to crawler 2.
2025-04-26 03:43:58,102 - Master - INFO - SQS queue size: 87
2025-04-26 03:43:58,205 - Master - INFO - Status from node 2: Crawler 2 completed URL: https://stackoverflowteams.com/users/login/?utm_source=so-owned&utm_medium=referral&utm_campaign=teams-nav-link (found 3 URLs, 23140 bytes)
2025-04-26 03:43:58,205 - Master - INFO - SQS queue size: 87
2025-04-26 03:43:58,308 - Master - INFO - Status from node 1: Crawler 1 completed URL: https://stackoverflow.co/teams/?utm_medium=referral&utm_source=stackoverflow-community&utm_campaign=top-nav&utm_content=stack-overflow-for-teams (found 72 URLs, 288497 bytes)
2025-04-26 03:43:58,308 - Master - INFO - SQS queue size: 87
2025-04-26 03:43:58,411 - Master - INFO - Status from node 1: Heartbeat from crawler 1: Active
2025-04-26 03:43:58,411 - Master - INFO - SQS queue size: 87
2025-04-26 03:43:58,712 - Master - INFO - Sent message to SQS: fcd5b023-aa21-4a41-84cf-f19c02901676, content: https://donate.wikimedia.org/?wmf_source=donate&wm...
2025-04-26 03:43:58,860 - Master - INFO - Sent message to SQS: e3b58b86-3121-4639-967b-2789df6182ca, content: https://donate.wikimedia.org/?wmf_source=donate&wm...
2025-04-26 03:43:59,079 - Master - INFO - Sent message to SQS: 5ce9587d-1161-4104-88e0-33b2cb7a59fc, content: https://ar.wikipedia.org/wiki/%D9%82%D8%A7%D8%A6%D...
2025-04-26 03:43:59,236 - Master - INFO - Sent message to SQS: 940fd505-1542-4227-ab1b-b2cf71380323, content: https://bn.wikipedia.org/wiki/%E0%A6%89%E0%A6%87%E...
2025-04-26 03:43:59,392 - Master - INFO - Sent message to SQS: 8a0e4bed-b1f6-4616-a723-0c273bc04d58, content: https://cs.wikipedia.org/wiki/Seznam_mobiln%C3%ADc...
2025-04-26 03:43:59,735 - Master - INFO - SQS queue size: 83
2025-04-26 03:43:59,735 - Master - INFO - Received URLs from crawler 2. Queue size now: 83, Processed URLs: 4
2025-04-26 03:43:59,888 - Master - INFO - Received 1 messages from SQS: ['https://dailyboulder.com/ice-c...']
2025-04-26 03:44:00,050 - Master - INFO - Deleted message from SQS: https://dailyboulder.com/ice-c...
2025-04-26 03:44:00,051 - Master - INFO - Assigned URL https://dailyboulder.com/ice-can-now-enter-your-home-without-a-warrant-to-find-migrants-doj-memo-says/ to crawler 2.
2025-04-26 03:44:00,213 - Master - INFO - SQS queue size: 79
2025-04-26 03:44:00,461 - Master - INFO - Sent message to SQS: c0f91e81-a860-4a47-9df8-36e9cf5a527e, content: https://stackoverflow.co/teams/
2025-04-26 03:44:00,609 - Master - INFO - Sent message to SQS: 33ce48ba-bb88-4f21-bfa0-43cab4b2f705, content: https://stackoverflow.co/teams/our-solution/
2025-04-26 03:44:00,764 - Master - INFO - Sent message to SQS: 47213ea3-e5a0-42d6-81f2-63fdb130c520, content: https://stackoverflow.co/teams/integrations/
2025-04-26 03:44:00,909 - Master - INFO - Sent message to SQS: 5df5d676-81ad-4895-9d7e-6eff12778901, content: https://stackoverflow.co/teams/features/
2025-04-26 03:44:01,186 - Master - INFO - Sent message to SQS: d9c2b872-897d-4dcc-804f-eecb0bd8d307, content: https://stackoverflow.co/teams/customer-success/
2025-04-26 03:44:01,333 - Master - INFO - SQS queue size: 86
2025-04-26 03:44:01,333 - Master - INFO - Received URLs from crawler 3. Queue size now: 86, Processed URLs: 5
2025-04-26 03:44:01,490 - Master - INFO - Received 1 messages from SQS: ['https://psfmember.org/civicrm/...']
2025-04-26 03:44:01,644 - Master - INFO - Deleted message from SQS: https://psfmember.org/civicrm/...
2025-04-26 03:44:01,644 - Master - INFO - Assigned URL https://psfmember.org/civicrm/contribute/transact?reset=1&id=2 to crawler 3.
2025-04-26 03:44:01,824 - Master - INFO - SQS queue size: 88
2025-04-26 03:44:01,928 - Master - INFO - Status from node 3: Heartbeat from crawler 3: Active
2025-04-26 03:44:01,930 - Master - INFO - SQS queue size: 88
2025-04-26 03:44:02,201 - Master - INFO - Sent message to SQS: 1370dd3c-bf7b-4bd7-8096-a35e07e34f36, content: https://packaging.python.org/tutorials/installing-...
2025-04-26 03:44:02,373 - Master - INFO - Sent message to SQS: 565a5ed7-35e6-43ff-9f70-00d34cf59af5, content: https://packaging.python.org/tutorials/packaging-p...
2025-04-26 03:44:02,528 - Master - INFO - Sent message to SQS: 71f6aa2e-7ffd-41ff-a162-1253bd9d5c40, content: https://packaging.python.org/tutorials/installing-...
2025-04-26 03:44:02,675 - Master - INFO - Sent message to SQS: 57c486cf-4f44-4ecf-8db7-7337ff67c6e3, content: https://packaging.python.org/tutorials/packaging-p...
2025-04-26 03:44:02,889 - Master - INFO - Sent message to SQS: 8d324967-1690-4d69-8dcc-804474b46f9f, content: https://packaging.python.org/
2025-04-26 03:44:03,062 - Master - INFO - SQS queue size: 91
2025-04-26 03:44:03,062 - Master - INFO - Received URLs from crawler 1. Queue size now: 91, Processed URLs: 6
2025-04-26 03:44:03,249 - Master - INFO - Received 1 messages from SQS: ['https://play.google.com/store/...']
2025-04-26 03:44:03,396 - Master - INFO - Deleted message from SQS: https://play.google.com/store/...
2025-04-26 03:44:03,396 - Master - INFO - Assigned URL https://play.google.com/store/apps/details?id=org.wikipedia&referrer=utm_source%3Dportal%26utm_medium%3Dbutton%26anid%3Dadmob to crawler 1.
2025-04-26 03:44:03,552 - Master - INFO - SQS queue size: 87
2025-04-26 03:44:03,658 - Master - INFO - SQS queue size: 87
2025-04-26 03:44:03,759 - Master - INFO - SQS queue size: 87
2025-04-26 03:44:03,859 - Master - INFO - SQS queue size: 87
2025-04-26 03:44:03,960 - Master - INFO - SQS queue size: 87
2025-04-26 03:44:04,061 - Master - INFO - SQS queue size: 87
2025-04-26 03:44:04,257 - Master - INFO - SQS queue size: 87
2025-04-26 03:44:04,382 - Master - INFO - SQS queue size: 87
2025-04-26 03:44:04,483 - Master - INFO - Status from node 2: Heartbeat from crawler 2: Active
2025-04-26 03:44:04,484 - Master - INFO - SQS queue size: 87
2025-04-26 03:44:04,586 - Master - INFO - Status from node 2: Crawler 2 completed URL: https://az.wikipedia.org/wiki/Vikipediya_mobil_t%C9%99tbiql%C9%99rinin_siyah%C4%B1s%C4%B1 (found 73 URLs, 123925 bytes)
2025-04-26 03:44:04,587 - Master - INFO - SQS queue size: 87
2025-04-26 03:44:04,688 - Master - INFO - Status from node 1: Heartbeat from crawler 1: Active
2025-04-26 03:44:04,688 - Master - INFO - SQS queue size: 87
2025-04-26 03:44:04,791 - Master - INFO - Status from node 1: Crawler 1 completed URL: https://pypi.org/ (found 26 URLs, 19818 bytes)
2025-04-26 03:44:04,791 - Master - INFO - SQS queue size: 87
2025-04-26 03:44:04,895 - Master - INFO - SQS queue size: 87
2025-04-26 03:44:04,996 - Master - INFO - Status from node 4: Indexed https://stackoverflow.co/teams/?utm_medium=referral&utm_source=stackoverflow-community&utm_campaign=top-nav&utm_content=stack-overflow-for-teams with 10 keywords with cloud storage
2025-04-26 03:44:04,996 - Master - INFO - SQS queue size: 87
2025-04-26 03:44:05,098 - Master - INFO - SQS queue size: 87
2025-04-26 03:44:05,199 - Master - INFO - SQS queue size: 87
2025-04-26 03:44:05,300 - Master - INFO - SQS queue size: 87
2025-04-26 03:44:05,401 - Master - INFO - SQS queue size: 87
2025-04-26 03:44:05,501 - Master - INFO - SQS queue size: 87
2025-04-26 03:44:05,762 - Master - INFO - Sent message to SQS: bf91a05e-d44d-47da-8e7b-bccf718bf025, content: https://policies.google.com/privacy
2025-04-26 03:44:05,910 - Master - INFO - Sent message to SQS: ae3694f1-3db4-43fc-874d-521116f18495, content: https://myaccount.google.com/termsofservice
2025-04-26 03:44:06,083 - Master - INFO - Sent message to SQS: aff3f8d0-5dca-4a87-893e-e7b104343cfa, content: https://support.google.com/googleplay?p=data-safet...
2025-04-26 03:44:06,229 - Master - INFO - Sent message to SQS: 435f12d3-77d4-468a-bd72-8705c75e9119, content: https://support.google.com/googleplay?p=data-safet...
2025-04-26 03:44:07,400 - Master - INFO - Sent message to SQS: b76d4d28-3b09-4fa2-9832-ed2bbe719d12, content: https://support.google.com/googleplay/?p=report_co...
2025-04-26 03:44:07,630 - Master - INFO - SQS queue size: 90
2025-04-26 03:44:07,630 - Master - INFO - Received URLs from crawler 1. Queue size now: 90, Processed URLs: 7
2025-04-26 03:44:07,818 - Master - INFO - Received 1 messages from SQS: ['https://github.com/features/ac...']
2025-04-26 03:44:07,964 - Master - INFO - Deleted message from SQS: https://github.com/features/ac...
2025-04-26 03:44:07,964 - Master - INFO - Assigned URL https://github.com/features/actions to crawler 1.
2025-04-26 03:44:08,105 - Master - INFO - SQS queue size: 86
2025-04-26 03:44:08,208 - Master - INFO - Status from node 4: Indexed https://pypi.org/ with 10 keywords with cloud storage
2025-04-26 03:44:08,208 - Master - INFO - SQS queue size: 86
2025-04-26 03:44:08,310 - Master - INFO - Status from node 4: Indexed https://stackoverflowteams.com/users/login/?utm_source=so-owned&utm_medium=referral&utm_campaign=teams-nav-link with 9 keywords with cloud storage
2025-04-26 03:44:08,310 - Master - INFO - SQS queue size: 86
2025-04-26 03:44:08,413 - Master - INFO - Status from node 3: Heartbeat from crawler 3: Active
2025-04-26 03:44:08,416 - Master - INFO - SQS queue size: 86
2025-04-26 03:44:08,760 - Master - INFO - Sent message to SQS: 0e5c6b07-3d51-45df-bee5-1d7709151261, content: https://donate.wikimedia.org/wiki/Special:LandingC...
2025-04-26 03:44:08,907 - Master - INFO - Sent message to SQS: ec4220e0-873d-40c7-9635-513afbc7585c, content: https://foundation.wikimedia.org/wiki/Special:Land...
2025-04-26 03:44:09,094 - Master - INFO - Sent message to SQS: f22c2691-d157-4ee0-9b01-7b6a2a342494, content: https://foundation.wikimedia.org/wiki/Special:Land...
2025-04-26 03:44:09,242 - Master - INFO - Sent message to SQS: 4887accd-64ee-457d-b9da-3974db1fb635, content: https://foundation.wikimedia.org/wiki/Policy:Donor...
2025-04-26 03:44:09,388 - Master - INFO - Sent message to SQS: d369ac70-88b2-4834-acfd-43a575c8c2e0, content: https://donate.wikimedia.org/wiki/Special:LandingC...
2025-04-26 03:44:09,536 - Master - INFO - SQS queue size: 102
2025-04-26 03:44:09,536 - Master - INFO - Received URLs from crawler 2. Queue size now: 102, Processed URLs: 8
2025-04-26 03:44:09,683 - Master - INFO - Received 1 messages from SQS: ['https://itunes.apple.com/app/a...']
2025-04-26 03:44:09,844 - Master - INFO - Deleted message from SQS: https://itunes.apple.com/app/a...
2025-04-26 03:44:09,844 - Master - INFO - Assigned URL https://itunes.apple.com/app/apple-store/id324715238?pt=208305&ct=portal&mt=8 to crawler 2.
2025-04-26 03:44:10,057 - Master - INFO - SQS queue size: 94
2025-04-26 03:44:10,162 - Master - INFO - Status from node 4: Indexed https://az.wikipedia.org/wiki/Vikipediya_mobil_t%C9%99tbiql%C9%99rinin_siyah%C4%B1s%C4%B1 with 10 keywords with cloud storage
2025-04-26 03:44:10,162 - Master - INFO - SQS queue size: 94
2025-04-26 03:44:10,264 - Master - INFO - Status from node 3: Crawler 3 completed URL: https://stackoverflow.co/teams/resources/faq/ (found 106 URLs, 476087 bytes)
2025-04-26 03:44:10,264 - Master - INFO - SQS queue size: 94
2025-04-26 03:44:10,367 - Master - INFO - Status from node 3: Heartbeat from crawler 3: Active
2025-04-26 03:44:10,368 - Master - INFO - SQS queue size: 94
2025-04-26 03:44:10,470 - Master - INFO - Status from node 2: Heartbeat from crawler 2: Active
2025-04-26 03:44:10,474 - Master - INFO - SQS queue size: 94
2025-04-26 03:44:10,575 - Master - INFO - Status from node 2: Crawler 2 completed URL: https://donate.wikimedia.org/?wmf_source=donate&wmf_medium=sidebar&wmf_campaign=bn.wikipedia.org&uselang=en (found 18 URLs, 69957 bytes)
2025-04-26 03:44:10,575 - Master - INFO - SQS queue size: 94
2025-04-26 03:44:10,678 - Master - INFO - Status from node 1: Heartbeat from crawler 1: Active
2025-04-26 03:44:10,678 - Master - INFO - SQS queue size: 94
2025-04-26 03:44:10,780 - Master - INFO - Status from node 1: Heartbeat from crawler 1: Active
2025-04-26 03:44:10,783 - Master - INFO - SQS queue size: 94
2025-04-26 03:44:10,884 - Master - INFO - SQS queue size: 94
2025-04-26 03:44:10,985 - Master - INFO - SQS queue size: 94
2025-04-26 03:44:11,085 - Master - INFO - SQS queue size: 94
2025-04-26 03:44:11,433 - Master - INFO - Sent message to SQS: 06fa89e2-9b4b-4649-adc4-1dd3b67f6b48, content: https://dailyboulder.com/
2025-04-26 03:44:11,801 - Master - INFO - Sent message to SQS: 15e15784-491f-49d9-be19-ba80ed8bcae0, content: https://dailyboulder.com/category/news/
2025-04-26 03:44:12,579 - Master - INFO - Sent message to SQS: eb22f4c9-4140-4193-9e2c-e20176bd2f28, content: https://dailyboulder.com/category/politics/
2025-04-26 03:44:12,735 - Master - INFO - Sent message to SQS: d6ca16e7-c0fe-497f-8fd0-b2ca4b9591d8, content: https://dailyboulder.com/category/blunt/
2025-04-26 03:44:12,907 - Master - INFO - Sent message to SQS: 0a4ef350-0ed5-4bbd-82f7-1f66b5993779, content: https://dailyboulder.com/category/entertainment/
2025-04-26 03:44:13,053 - Master - INFO - SQS queue size: 98
2025-04-26 03:44:13,053 - Master - INFO - Received URLs from crawler 2. Queue size now: 98, Processed URLs: 9
2025-04-26 03:44:13,201 - Master - INFO - Received 1 messages from SQS: ['https://github.com/features/ac...']
2025-04-26 03:44:13,356 - Master - INFO - Deleted message from SQS: https://github.com/features/ac...
2025-04-26 03:44:13,356 - Master - INFO - Assigned URL https://github.com/features/actions to crawler 2.
2025-04-26 03:44:13,503 - Master - INFO - SQS queue size: 103
2025-04-26 03:44:13,756 - Master - INFO - Sent message to SQS: f5e57612-95b3-4a2a-9a16-aef9f4d57ffb, content: https://donate.wikimedia.org/?wmf_source=donate&wm...
2025-04-26 03:44:13,984 - Master - INFO - Sent message to SQS: ab8f25dd-fda3-47fb-9e7b-775fd46adb4f, content: https://donate.wikimedia.org/?wmf_source=donate&wm...
2025-04-26 03:44:14,155 - Master - INFO - Sent message to SQS: 840e7391-e712-49d8-b6ae-2a5a58be7e53, content: https://ar.wikipedia.org/wiki/%D9%82%D8%A7%D8%A6%D...
2025-04-26 03:44:14,562 - Master - INFO - Sent message to SQS: b141d0b6-5e29-4fe2-a345-797bc63126ca, content: https://az.wikipedia.org/wiki/Vikipediya_mobil_t%C...
2025-04-26 03:44:14,800 - Master - INFO - Sent message to SQS: 68783b7b-8b6b-427f-92ca-6cdb397db846, content: https://bn.wikipedia.org/wiki/%E0%A6%89%E0%A6%87%E...
2025-04-26 03:44:14,949 - Master - INFO - SQS queue size: 110
2025-04-26 03:44:14,949 - Master - INFO - Received URLs from crawler 3. Queue size now: 110, Processed URLs: 10
2025-04-26 03:44:15,093 - Master - INFO - Received 1 messages from SQS: ['https://github.com/features/co...']
2025-04-26 03:44:15,240 - Master - INFO - Deleted message from SQS: https://github.com/features/co...
2025-04-26 03:44:15,240 - Master - INFO - Assigned URL https://github.com/features/codespaces to crawler 3.
2025-04-26 03:44:15,396 - Master - INFO - SQS queue size: 111
2025-04-26 03:44:15,503 - Master - INFO - Status from node 4: Indexed https://stackoverflow.co/teams/resources/faq/ with 10 keywords with cloud storage
2025-04-26 03:44:15,506 - Master - INFO - SQS queue size: 111
2025-04-26 03:44:15,607 - Master - INFO - Status from node 4: Indexed https://donate.wikimedia.org/?wmf_source=donate&wmf_medium=sidebar&wmf_campaign=bn.wikipedia.org&uselang=en with 10 keywords with cloud storage
2025-04-26 03:44:15,609 - Master - INFO - SQS queue size: 111
2025-04-26 03:44:15,709 - Master - INFO - Status from node 3: Heartbeat from crawler 3: Active
2025-04-26 03:44:15,709 - Master - INFO - SQS queue size: 111
2025-04-26 03:44:15,860 - Master - INFO - Status from node 3: Crawler 3 completed URL: https://cs.wikipedia.org/wiki/Seznam_mobiln%C3%ADch_aplikac%C3%AD_Wikipedie (found 57 URLs, 75401 bytes)
2025-04-26 03:44:15,860 - Master - INFO - SQS queue size: 111
2025-04-26 03:44:15,978 - Master - INFO - Status from node 2: Heartbeat from crawler 2: Active
2025-04-26 03:44:15,978 - Master - INFO - SQS queue size: 111
2025-04-26 03:44:16,083 - Master - INFO - Status from node 2: Crawler 2 completed URL: https://dailyboulder.com/ice-can-now-enter-your-home-without-a-warrant-to-find-migrants-doj-memo-says/ (found 81 URLs, 122212 bytes)
2025-04-26 03:44:16,084 - Master - INFO - SQS queue size: 111
2025-04-26 03:44:16,186 - Master - INFO - Status from node 1: Heartbeat from crawler 1: Active
2025-04-26 03:44:16,190 - Master - INFO - SQS queue size: 111
2025-04-26 03:44:16,291 - Master - INFO - Status from node 1: Crawler 1 completed URL: https://play.google.com/store/apps/details?id=org.wikipedia&referrer=utm_source%3Dportal%26utm_medium%3Dbutton%26anid%3Dadmob (found 17 URLs, 1166108 bytes)
2025-04-26 03:44:16,291 - Master - INFO - SQS queue size: 111
2025-04-26 03:44:16,394 - Master - INFO - SQS queue size: 111
2025-04-26 03:44:16,494 - Master - INFO - SQS queue size: 111
2025-04-26 03:44:16,596 - Master - INFO - SQS queue size: 111
2025-04-26 03:44:16,696 - Master - INFO - SQS queue size: 111
2025-04-26 03:44:16,797 - Master - INFO - SQS queue size: 111
2025-04-26 03:44:16,897 - Master - INFO - SQS queue size: 111
2025-04-26 03:44:16,998 - Master - INFO - Status from node 1: Heartbeat from crawler 1: Active
2025-04-26 03:44:16,998 - Master - INFO - SQS queue size: 111
2025-04-26 03:44:17,101 - Master - INFO - SQS queue size: 111
2025-04-26 03:44:17,202 - Master - INFO - Status from node 3: Heartbeat from crawler 3: Active
2025-04-26 03:44:17,202 - Master - INFO - SQS queue size: 111
2025-04-26 03:44:17,307 - Master - INFO - SQS queue size: 111
2025-04-26 03:44:17,408 - Master - INFO - SQS queue size: 111
2025-04-26 03:44:17,509 - Master - INFO - SQS queue size: 111
2025-04-26 03:44:17,610 - Master - INFO - SQS queue size: 111
2025-04-26 03:44:17,710 - Master - INFO - SQS queue size: 111
2025-04-26 03:44:18,025 - Master - INFO - Sent message to SQS: 2aedd30f-d458-4087-91d0-f3a42057c247, content: https://psfmember.org/
2025-04-26 03:44:18,195 - Master - INFO - Sent message to SQS: b3bc43c3-0997-49b8-8d94-542a2bed6a94, content: https://psfmember.org/
2025-04-26 03:44:18,392 - Master - INFO - Sent message to SQS: 08eb9bef-5403-4dbc-9f0d-b4239f038f59, content: https://psfmember.org/wp-login.php?redirect_to=htt...
2025-04-26 03:44:18,580 - Master - INFO - Sent message to SQS: f41ce65b-3935-4aeb-8993-b430b133db7a, content: https://psfmember.org/wp-login.php?action=register...
2025-04-26 03:44:18,774 - Master - INFO - Sent message to SQS: 190c3057-9101-429d-a711-6d2784080b33, content: http://python.org/psf/
2025-04-26 03:44:18,979 - Master - INFO - SQS queue size: 111
2025-04-26 03:44:18,979 - Master - INFO - Received URLs from crawler 3. Queue size now: 111, Processed URLs: 11
2025-04-26 03:44:19,166 - Master - INFO - Received 1 messages from SQS: ['https://stackoverflow.co/']
2025-04-26 03:44:19,366 - Master - INFO - Deleted message from SQS: https://stackoverflow.co/
2025-04-26 03:44:19,374 - Master - INFO - Assigned URL https://stackoverflow.co/ to crawler 3.
2025-04-26 03:44:19,572 - Master - INFO - SQS queue size: 106
2025-04-26 03:44:19,673 - Master - INFO - Status from node 3: Heartbeat from crawler 3: Active
2025-04-26 03:44:19,673 - Master - INFO - SQS queue size: 106
2025-04-26 03:44:19,923 - Master - INFO - Sent message to SQS: deb5c62b-9548-49c1-82be-26228cc1775a, content: https://www.apple.com/
2025-04-26 03:44:20,068 - Master - INFO - Sent message to SQS: d2fb79bb-47a4-4348-9294-555cc2b29468, content: https://www.apple.com/us/shop/goto/store
2025-04-26 03:44:20,224 - Master - INFO - Sent message to SQS: 386d6d5b-bad1-4bd3-9890-05a85c2c29ad, content: https://www.apple.com/mac/
2025-04-26 03:44:20,418 - Master - INFO - Sent message to SQS: 28d80ab2-d01b-46e0-9f5f-66677f7f7829, content: https://www.apple.com/ipad/
2025-04-26 03:44:20,581 - Master - INFO - Sent message to SQS: acaafaab-3284-4fa2-85d6-98e6e9d34bea, content: https://www.apple.com/iphone/
2025-04-26 03:44:20,727 - Master - INFO - SQS queue size: 91
2025-04-26 03:44:20,727 - Master - INFO - Received URLs from crawler 2. Queue size now: 91, Processed URLs: 12
2025-04-26 03:44:20,883 - Master - INFO - Received 1 messages from SQS: ['https://github.com/features/co...']
2025-04-26 03:44:21,062 - Master - INFO - Deleted message from SQS: https://github.com/features/co...
2025-04-26 03:44:21,062 - Master - INFO - Assigned URL https://github.com/features/codespaces to crawler 2.
2025-04-26 03:44:21,346 - Master - INFO - SQS queue size: 119
2025-04-26 03:44:21,447 - Master - INFO - Status from node 4: Indexed https://play.google.com/store/apps/details?id=org.wikipedia&referrer=utm_source%3Dportal%26utm_medium%3Dbutton%26anid%3Dadmob with 10 keywords with cloud storage
2025-04-26 03:44:21,447 - Master - INFO - SQS queue size: 119
2025-04-26 03:44:21,549 - Master - INFO - Status from node 2: Heartbeat from crawler 2: Active
2025-04-26 03:44:21,549 - Master - INFO - SQS queue size: 119
2025-04-26 03:44:21,651 - Master - INFO - Status from node 2: Heartbeat from crawler 2: Active
2025-04-26 03:44:21,651 - Master - INFO - SQS queue size: 119
2025-04-26 03:44:21,754 - Master - INFO - Status from node 1: Heartbeat from crawler 1: Active
2025-04-26 03:44:21,754 - Master - INFO - SQS queue size: 119
2025-04-26 03:44:21,856 - Master - INFO - SQS queue size: 119
2025-04-26 03:44:21,957 - Master - INFO - SQS queue size: 119
2025-04-26 03:44:22,057 - Master - INFO - SQS queue size: 119
2025-04-26 03:44:22,157 - Master - INFO - SQS queue size: 119
2025-04-26 03:44:22,258 - Master - INFO - SQS queue size: 119
2025-04-26 03:44:22,359 - Master - INFO - Status from node 4: Indexed https://dailyboulder.com/ice-can-now-enter-your-home-without-a-warrant-to-find-migrants-doj-memo-says/ with 10 keywords with cloud storage
2025-04-26 03:44:22,359 - Master - INFO - SQS queue size: 119
2025-04-26 03:44:22,461 - Master - INFO - SQS queue size: 119
2025-04-26 03:44:22,562 - Master - INFO - SQS queue size: 119
2025-04-26 03:44:22,662 - Master - INFO - SQS queue size: 119
2025-04-26 03:44:22,763 - Master - INFO - SQS queue size: 119
2025-04-26 03:44:22,864 - Master - INFO - SQS queue size: 119
2025-04-26 03:44:22,965 - Master - INFO - SQS queue size: 119
2025-04-26 03:44:23,065 - Master - INFO - SQS queue size: 119
2025-04-26 03:44:23,166 - Master - INFO - SQS queue size: 119
2025-04-26 03:44:23,267 - Master - INFO - SQS queue size: 119
2025-04-26 03:44:23,368 - Master - INFO - SQS queue size: 119
2025-04-26 03:44:23,469 - Master - INFO - SQS queue size: 119
2025-04-26 03:44:23,576 - Master - INFO - SQS queue size: 119
2025-04-26 03:44:23,677 - Master - INFO - SQS queue size: 119
2025-04-26 03:44:23,777 - Master - INFO - Status from node 3: Heartbeat from crawler 3: Active
2025-04-26 03:44:23,777 - Master - INFO - SQS queue size: 119
2025-04-26 03:44:23,880 - Master - INFO - SQS queue size: 119
2025-04-26 03:44:23,981 - Master - INFO - SQS queue size: 119
2025-04-26 03:44:24,081 - Master - INFO - SQS queue size: 119
2025-04-26 03:44:24,182 - Master - INFO - SQS queue size: 119
2025-04-26 03:44:24,282 - Master - INFO - SQS queue size: 119
2025-04-26 03:44:24,383 - Master - INFO - SQS queue size: 119
2025-04-26 03:44:24,484 - Master - INFO - Status from node 1: Heartbeat from crawler 1: Active
2025-04-26 03:44:24,484 - Master - INFO - SQS queue size: 119
2025-04-26 03:44:24,587 - Master - INFO - SQS queue size: 119
2025-04-26 03:44:24,687 - Master - INFO - SQS queue size: 119
2025-04-26 03:44:24,788 - Master - INFO - SQS queue size: 119
2025-04-26 03:44:24,889 - Master - INFO - SQS queue size: 119
2025-04-26 03:44:24,990 - Master - INFO - Status from node 4: Indexed https://cs.wikipedia.org/wiki/Seznam_mobiln%C3%ADch_aplikac%C3%AD_Wikipedie with 10 keywords with cloud storage
2025-04-26 03:44:24,990 - Master - INFO - SQS queue size: 119
2025-04-26 03:44:25,094 - Master - INFO - Status from node 2: Crawler 2 completed URL: https://itunes.apple.com/app/apple-store/id324715238?pt=208305&ct=portal&mt=8 (found 44 URLs, 713839 bytes)
2025-04-26 03:44:25,095 - Master - INFO - SQS queue size: 119
2025-04-26 03:44:25,197 - Master - INFO - Status from node 2: Heartbeat from crawler 2: Active
2025-04-26 03:44:25,197 - Master - INFO - SQS queue size: 119
2025-04-26 03:44:25,298 - Master - INFO - SQS queue size: 119
2025-04-26 03:44:25,399 - Master - INFO - SQS queue size: 119
2025-04-26 03:44:25,500 - Master - INFO - SQS queue size: 119
2025-04-26 03:44:25,601 - Master - INFO - SQS queue size: 119
2025-04-26 03:44:25,701 - Master - INFO - SQS queue size: 119
2025-04-26 03:44:25,802 - Master - INFO - SQS queue size: 119
2025-04-26 03:44:25,925 - Master - INFO - SQS queue size: 119
2025-04-26 03:44:26,026 - Master - INFO - SQS queue size: 119
2025-04-26 03:44:26,130 - Master - INFO - SQS queue size: 119
2025-04-26 03:44:26,231 - Master - INFO - SQS queue size: 119
2025-04-26 03:44:26,515 - Master - INFO - Sent message to SQS: bd1ceaa8-0730-47b0-a91f-dda4dfdfdd39, content: https://github.com/features/copilot
2025-04-26 03:44:26,705 - Master - INFO - Sent message to SQS: cdcd96da-d84f-45d0-abc7-263399d39964, content: https://github.com/security/advanced-security
2025-04-26 03:44:26,888 - Master - INFO - Sent message to SQS: aa45262a-754b-4ae7-96c6-551bdc1dde65, content: https://github.com/features/actions
2025-04-26 03:44:27,087 - Master - INFO - Sent message to SQS: d417ae40-6276-47d9-a13a-17f16acb3b13, content: https://github.com/features/codespaces
2025-04-26 03:44:27,270 - Master - INFO - Sent message to SQS: 452220f5-1d44-4d36-bd19-0008db4b4028, content: https://github.com/features/issues
2025-04-26 03:44:27,441 - Master - INFO - SQS queue size: 102
2025-04-26 03:44:27,441 - Master - INFO - Received URLs from crawler 2. Queue size now: 102, Processed URLs: 13
2025-04-26 03:44:27,590 - Master - INFO - Received 1 messages from SQS: ['https://psfmember.org/civicrm/...']
2025-04-26 03:44:27,738 - Master - INFO - Deleted message from SQS: https://psfmember.org/civicrm/...
2025-04-26 03:44:27,738 - Master - INFO - Assigned URL https://psfmember.org/civicrm/contribute/transact?reset=1&id=2 to crawler 2.
2025-04-26 03:44:27,894 - Master - INFO - SQS queue size: 123
2025-04-26 03:44:27,995 - Master - INFO - Status from node 3: Heartbeat from crawler 3: Active
2025-04-26 03:44:27,995 - Master - INFO - SQS queue size: 123
2025-04-26 03:44:28,097 - Master - INFO - Status from node 1: Heartbeat from crawler 1: Active
2025-04-26 03:44:28,098 - Master - INFO - SQS queue size: 123
2025-04-26 03:44:28,199 - Master - INFO - SQS queue size: 123
2025-04-26 03:44:28,300 - Master - INFO - Status from node 2: Heartbeat from crawler 2: Active
2025-04-26 03:44:28,300 - Master - INFO - SQS queue size: 123
2025-04-26 03:44:28,403 - Master - INFO - Status from node 4: Indexed https://itunes.apple.com/app/apple-store/id324715238?pt=208305&ct=portal&mt=8 with 10 keywords with cloud storage
2025-04-26 03:44:28,403 - Master - INFO - SQS queue size: 123
2025-04-26 03:44:28,507 - Master - INFO - Status from node 3: Crawler 3 completed URL: https://psfmember.org/civicrm/contribute/transact?reset=1&id=2 (found 10 URLs, 154411 bytes)
2025-04-26 03:44:28,509 - Master - INFO - SQS queue size: 123
2025-04-26 03:44:28,763 - Master - INFO - Sent message to SQS: d71cd0a6-0cd3-45d6-bb1a-da584c30eae0, content: https://github.com/features/copilot
2025-04-26 03:44:29,048 - Master - INFO - Sent message to SQS: 2b5e51ad-2af2-42ec-8463-7e57985444ca, content: https://github.com/security/advanced-security
2025-04-26 03:44:29,772 - Master - INFO - Sent message to SQS: 8288fd27-e874-439b-a673-84781ea5b5e9, content: https://github.com/features/actions
2025-04-26 03:44:29,921 - Master - INFO - Sent message to SQS: df0f0382-97b1-453f-8332-b7d2a7e337f5, content: https://github.com/features/codespaces
2025-04-26 03:44:30,060 - Master - INFO - Sent message to SQS: 31364c49-ff52-423c-af19-70b49d881101, content: https://github.com/features/issues
2025-04-26 03:44:30,249 - Master - INFO - SQS queue size: 126
2025-04-26 03:44:30,249 - Master - INFO - Received URLs from crawler 1. Queue size now: 126, Processed URLs: 14
2025-04-26 03:44:30,396 - Master - INFO - Received 1 messages from SQS: ['https://donate.wikimedia.org/?...']
2025-04-26 03:44:30,545 - Master - INFO - Deleted message from SQS: https://donate.wikimedia.org/?...
2025-04-26 03:44:30,545 - Master - INFO - Assigned URL https://donate.wikimedia.org/?wmf_source=donate&wmf_medium=sidebar&wmf_campaign=en.wikipedia.org&uselang=en to crawler 1.
2025-04-26 03:44:30,824 - Master - INFO - SQS queue size: 118
2025-04-26 03:44:30,926 - Master - INFO - Status from node 4: Indexed https://psfmember.org/civicrm/contribute/transact?reset=1&id=2 with 10 keywords with cloud storage
2025-04-26 03:44:30,926 - Master - INFO - SQS queue size: 118
2025-04-26 03:44:31,222 - Master - INFO - Sent message to SQS: 32b18e33-4f00-4ec0-a731-cfa075b013e9, content: https://github.com/features/copilot
2025-04-26 03:44:31,432 - Master - INFO - Sent message to SQS: 7485ad56-78b6-401c-b42b-044a8fe19f26, content: https://github.com/security/advanced-security
2025-04-26 03:44:31,589 - Master - INFO - Sent message to SQS: 8391478d-480e-4cee-88f6-63bdd00c38a7, content: https://github.com/features/actions
2025-04-26 03:44:31,752 - Master - INFO - Sent message to SQS: b09bc1a4-3526-4679-8d36-416b7386985a, content: https://github.com/features/codespaces
2025-04-26 03:44:31,904 - Master - INFO - Sent message to SQS: 8b433d2a-9ce0-43e1-954b-62d6dccc1f67, content: https://github.com/features/issues
2025-04-26 03:44:32,043 - Master - INFO - SQS queue size: 110
2025-04-26 03:44:32,043 - Master - INFO - Received URLs from crawler 3. Queue size now: 110, Processed URLs: 15
2025-04-26 03:44:32,192 - Master - INFO - Received 1 messages from SQS: ['https://www.redditinc.com/poli...']
2025-04-26 03:44:32,356 - Master - INFO - Deleted message from SQS: https://www.redditinc.com/poli...
2025-04-26 03:44:32,356 - Master - INFO - Assigned URL https://www.redditinc.com/policies/content-policy to crawler 3.
2025-04-26 03:44:32,504 - Master - INFO - SQS queue size: 119
2025-04-26 03:44:32,605 - Master - INFO - Status from node 4: Indexed https://github.com/features/actions with 10 keywords with cloud storage
2025-04-26 03:44:32,605 - Master - INFO - SQS queue size: 119
2025-04-26 03:44:32,708 - Master - INFO - Status from node 3: Heartbeat from crawler 3: Active
2025-04-26 03:44:32,708 - Master - INFO - SQS queue size: 119
2025-04-26 03:44:32,812 - Master - INFO - Status from node 3: Crawler 3 completed URL: https://github.com/features/codespaces (found 86 URLs, 333250 bytes)
2025-04-26 03:44:32,814 - Master - INFO - SQS queue size: 119
2025-04-26 03:44:32,915 - Master - INFO - Status from node 2: Crawler 2 completed URL: https://github.com/features/actions (found 76 URLs, 283322 bytes)
2025-04-26 03:44:32,915 - Master - INFO - SQS queue size: 119
2025-04-26 03:44:33,215 - Master - INFO - Sent message to SQS: 58ca13b5-3aa4-4f05-9f7d-f3c2d88c3efa, content: https://github.com/features/copilot
2025-04-26 03:44:33,461 - Master - INFO - Sent message to SQS: 169601b0-8422-4b3c-8d67-0eb4f018d9cc, content: https://github.com/security/advanced-security
2025-04-26 03:44:33,683 - Master - INFO - Sent message to SQS: 47d3503e-f911-4b3a-b1d1-cd18ba91eb47, content: https://github.com/features/actions
2025-04-26 03:44:34,753 - Master - INFO - Sent message to SQS: f3a43b6a-0a63-49ea-aba2-7cb873f90309, content: https://github.com/features/codespaces
2025-04-26 03:44:34,902 - Master - INFO - Sent message to SQS: 12ca8a9c-d23b-4450-bc7a-0f56acc34c8b, content: https://github.com/features/issues
2025-04-26 03:44:35,057 - Master - INFO - SQS queue size: 127
2025-04-26 03:44:35,057 - Master - INFO - Received URLs from crawler 2. Queue size now: 127, Processed URLs: 16
2025-04-26 03:44:35,206 - Master - INFO - Received 1 messages from SQS: ['https://stackoverflow.co/teams...']
2025-04-26 03:44:35,345 - Master - INFO - Deleted message from SQS: https://stackoverflow.co/teams...
2025-04-26 03:44:35,345 - Master - INFO - Assigned URL https://stackoverflow.co/teams/resources/ to crawler 2.
2025-04-26 03:44:35,584 - Master - INFO - SQS queue size: 135
2025-04-26 03:44:35,700 - Master - INFO - Status from node 4: Indexed https://github.com/features/codespaces with 10 keywords with cloud storage
2025-04-26 03:44:35,702 - Master - INFO - SQS queue size: 135
2025-04-26 03:44:35,977 - Master - INFO - Sent message to SQS: b25145d7-d552-4dc6-91e8-b1b4d056f159, content: https://stackoverflow.co/
2025-04-26 03:44:36,191 - Master - INFO - Sent message to SQS: 83201552-5cf8-4371-94bc-4c5de12f2269, content: https://stackoverflow.co/company/careers/
2025-04-26 03:44:36,332 - Master - INFO - Sent message to SQS: bf8ba607-c1dd-408b-9d8d-4b333cb5ac3b, content: https://stackoverflow.co/company/press/
2025-04-26 03:44:36,604 - Master - INFO - Sent message to SQS: 502e4771-882a-49a9-91c8-1d8719648335, content: https://stackoverflow.co/company/leadership/
2025-04-26 03:44:36,762 - Master - INFO - Sent message to SQS: 82a71fd0-4fc9-401c-8ece-a42f7f3072d1, content: https://stackoverflow.co/company/social-impact/
2025-04-26 03:44:37,467 - Master - INFO - SQS queue size: 130
2025-04-26 03:44:37,467 - Master - INFO - Received URLs from crawler 3. Queue size now: 130, Processed URLs: 17
2025-04-26 03:44:37,616 - Master - INFO - Received 1 messages from SQS: ['https://docs.python.org']
2025-04-26 03:44:37,763 - Master - INFO - Deleted message from SQS: https://docs.python.org
2025-04-26 03:44:37,763 - Master - INFO - Assigned URL https://docs.python.org to crawler 3.
2025-04-26 03:44:37,935 - Master - INFO - SQS queue size: 143
2025-04-26 03:44:38,041 - Master - INFO - Status from node 4: Indexed https://donate.wikimedia.org/?wmf_source=donate&wmf_medium=sidebar&wmf_campaign=en.wikipedia.org&uselang=en with 10 keywords with cloud storage
2025-04-26 03:44:38,041 - Master - INFO - SQS queue size: 143
2025-04-26 03:44:38,144 - Master - INFO - Status from node 3: Heartbeat from crawler 3: Active
2025-04-26 03:44:38,147 - Master - INFO - SQS queue size: 143
2025-04-26 03:44:38,248 - Master - INFO - Status from node 3: Crawler 3 completed URL: https://stackoverflow.co/ (found 85 URLs, 274354 bytes)
2025-04-26 03:44:38,248 - Master - INFO - SQS queue size: 143
2025-04-26 03:44:38,350 - Master - INFO - Status from node 2: Heartbeat from crawler 2: Active
2025-04-26 03:44:38,360 - Master - INFO - SQS queue size: 143
2025-04-26 03:44:38,464 - Master - INFO - Status from node 2: Crawler 2 completed URL: https://github.com/features/codespaces (found 86 URLs, 333250 bytes)
2025-04-26 03:44:38,467 - Master - INFO - SQS queue size: 143
2025-04-26 03:44:38,570 - Master - INFO - Status from node 2: Heartbeat from crawler 2: Active
2025-04-26 03:44:38,570 - Master - INFO - SQS queue size: 143
2025-04-26 03:44:38,672 - Master - WARNING - Heartbeat timeout for crawler 1. Marking as failed.
2025-04-26 03:44:38,870 - Master - INFO - Sent message to SQS: 310774ef-f540-42c1-b76a-9e12b2f2af3a, content: https://donate.wikimedia.org/?wmf_source=donate&wm...
2025-04-26 03:44:39,068 - Master - INFO - Sent message to SQS: 3a09abe1-cd18-4311-ba41-a68becdc4d4d, content: https://psfmember.org/
2025-04-26 03:44:39,207 - Master - INFO - Sent message to SQS: 22e256ce-1f91-45bf-9092-39a29ee42634, content: https://psfmember.org/
2025-04-26 03:44:39,356 - Master - INFO - Sent message to SQS: 908ab8f8-f4e0-46bd-a2cb-9bf630a0af71, content: https://psfmember.org/wp-login.php?redirect_to=htt...
2025-04-26 03:44:39,495 - Master - INFO - Sent message to SQS: 17c60ed2-f39b-4349-a927-79c266a9ceeb, content: https://psfmember.org/wp-login.php?action=register...
2025-04-26 03:44:39,642 - Master - INFO - Sent message to SQS: b2faee15-9308-4363-8833-5f3325a2c8b0, content: http://python.org/psf/
2025-04-26 03:44:39,788 - Master - INFO - SQS queue size: 135
2025-04-26 03:44:39,788 - Master - INFO - Received URLs from crawler 2. Queue size now: 135, Processed URLs: 18
2025-04-26 03:44:39,934 - Master - INFO - Received 1 messages from SQS: ['https://stackoverflow.co/compa...']
2025-04-26 03:44:40,077 - Master - INFO - Deleted message from SQS: https://stackoverflow.co/compa...
2025-04-26 03:44:40,077 - Master - INFO - Assigned URL https://stackoverflow.co/company/social-impact/ to crawler 2.
2025-04-26 03:44:40,215 - Master - INFO - SQS queue size: 148
2025-04-26 03:44:40,323 - Master - INFO - Status from node 4: Indexed https://stackoverflow.co/ with 10 keywords with cloud storage
2025-04-26 03:44:40,323 - Master - INFO - SQS queue size: 148
2025-04-26 03:44:40,561 - Master - INFO - Sent message to SQS: 5174a894-051e-4f0f-a35e-84eb532bb024, content: https://redditinc.com
2025-04-26 03:44:40,708 - Master - INFO - Sent message to SQS: f98d183c-87c8-43f3-ab3d-cc0655ee86b9, content: https://redditinc.com/press
2025-04-26 03:44:40,851 - Master - INFO - Sent message to SQS: 7fe0ff4a-e1d3-443f-a30d-c5550c03e909, content: https://redditinc.com/careers
2025-04-26 03:44:41,112 - Master - INFO - Sent message to SQS: fa625572-0faa-4acd-8ab7-65d9a8f145c5, content: https://redditinc.com/brand
2025-04-26 03:44:41,300 - Master - INFO - Sent message to SQS: 0452814e-b1f0-45b8-aa9f-db3e1d558d4d, content: https://investor.redditinc.com/?_ga=2.3313267.2789...
2025-04-26 03:44:41,497 - Master - INFO - SQS queue size: 148
2025-04-26 03:44:41,497 - Master - INFO - Received URLs from crawler 3. Queue size now: 148, Processed URLs: 19
2025-04-26 03:44:41,644 - Master - INFO - Received 1 messages from SQS: ['https://github.com/features/co...']
2025-04-26 03:44:41,791 - Master - INFO - Deleted message from SQS: https://github.com/features/co...
2025-04-26 03:44:41,791 - Master - INFO - Assigned URL https://github.com/features/copilot to crawler 3.
2025-04-26 03:44:41,931 - Master - INFO - SQS queue size: 139
2025-04-26 03:44:42,039 - Master - INFO - Status from node 3: Heartbeat from crawler 3: Active
2025-04-26 03:44:42,039 - Master - INFO - SQS queue size: 139
2025-04-26 03:44:42,142 - Master - INFO - Status from node 3: Crawler 3 completed URL: https://www.redditinc.com/policies/content-policy (found 602 URLs, 188903 bytes)
2025-04-26 03:44:42,145 - Master - INFO - SQS queue size: 139
2025-04-26 03:44:42,246 - Master - INFO - SQS queue size: 139
2025-04-26 03:44:42,246 - Master - INFO - Received URLs from crawler 3. Queue size now: 139, Processed URLs: 20
2025-04-26 03:44:42,388 - Master - INFO - Received 1 messages from SQS: ['https://www.reddit.com/login/']
2025-04-26 03:44:42,531 - Master - INFO - Deleted message from SQS: https://www.reddit.com/login/
2025-04-26 03:44:42,531 - Master - INFO - Assigned URL https://www.reddit.com/login/ to crawler 3.
2025-04-26 03:44:42,671 - Master - INFO - SQS queue size: 151
2025-04-26 03:44:42,778 - Master - INFO - Sending shutdown signals to crawler nodes...
2025-04-26 03:44:42,778 - Master - INFO - Shutdown signal sent to crawler 1
2025-04-26 03:44:42,778 - Master - INFO - Shutdown signal sent to crawler 2
2025-04-26 03:44:42,778 - Master - INFO - Shutdown signal sent to crawler 3
2025-04-26 03:44:42,778 - Master - INFO - Sending shutdown signal to indexer node...
2025-04-26 03:44:42,778 - Master - INFO - Master node shutting down. Total URLs processed: 20
2025-04-26 03:44:42,778 - Master - INFO - Crawled: 20, Indexed: 15, Failed: 3
2025-04-27 02:55:40,067 - Master - INFO - Master node started with rank 0 of 5
2025-04-27 02:55:40,067 - Master - INFO - Active Crawler Nodes: [1, 2, 3]
2025-04-27 02:55:40,067 - Master - INFO - Indexer Node: 4
2025-04-27 02:55:40,067 - Master - INFO - Loaded AWS configuration from aws_config.json
2025-04-27 02:55:40,166 - Master - INFO - Found credentials in shared credentials file: ~/.aws/credentials
2025-04-27 02:55:41,641 - Master - INFO - Queue web-crawler-task-queue already exists
2025-04-27 02:55:41,641 - Master - INFO - Successfully connected to AWS SQS in region us-east-1
2025-04-27 02:55:41,641 - Master - INFO - Task queue initialized in cloud mode
2025-04-27 02:55:41,804 - Master - INFO - Sent message to SQS: 764cc9a7-48fc-4477-9eb7-7567c6f7b535, content: https://www.python.org
2025-04-27 02:55:41,999 - Master - INFO - Sent message to SQS: 534f53da-6fd6-4eb9-a21a-bd89261e18e3, content: https://www.github.com
2025-04-27 02:55:42,146 - Master - INFO - Sent message to SQS: d3f0f7c7-c985-4491-b15f-41162defa426, content: https://www.wikipedia.org
2025-04-27 02:55:42,284 - Master - INFO - Sent message to SQS: d53f5986-ae3c-4508-aa48-da5a3e8fa6be, content: https://www.reddit.com
2025-04-27 02:55:42,512 - Master - INFO - Sent message to SQS: 94477704-0ec8-4489-82b7-229bbadf95fd, content: https://www.stackoverflow.com
2025-04-27 02:55:42,512 - Master - INFO - Added 5 seed URLs to the task queue
2025-04-27 02:55:42,700 - Master - INFO - SQS queue size: 155
2025-04-27 02:55:42,849 - Master - INFO - Received 1 messages from SQS: ['https://stackoverflow.co/adver...']
2025-04-27 02:55:42,996 - Master - INFO - Deleted message from SQS: https://stackoverflow.co/adver...
2025-04-27 02:55:42,996 - Master - INFO - Assigned URL https://stackoverflow.co/advertising/resources/ to crawler 1.
2025-04-27 02:55:43,153 - Master - INFO - Received 1 messages from SQS: ['https://donate.wikimedia.org/?...']
2025-04-27 02:55:43,332 - Master - INFO - Deleted message from SQS: https://donate.wikimedia.org/?...
2025-04-27 02:55:43,332 - Master - INFO - Assigned URL https://donate.wikimedia.org/?wmf_source=donate&wmf_medium=sidebar&wmf_campaign=bn.wikipedia.org&uselang=en to crawler 2.
2025-04-27 02:55:43,489 - Master - INFO - Received 1 messages from SQS: ['https://ar.wikipedia.org/wiki/...']
2025-04-27 02:55:43,628 - Master - INFO - Deleted message from SQS: https://ar.wikipedia.org/wiki/...
2025-04-27 02:55:43,628 - Master - INFO - Assigned URL https://ar.wikipedia.org/wiki/%D9%82%D8%A7%D8%A6%D9%85%D8%A9_%D8%AA%D8%B7%D8%A8%D9%8A%D9%82%D8%A7%D8%AA_%D9%88%D9%8A%D9%83%D9%8A%D8%A8%D9%8A%D8%AF%D9%8A%D8%A7_%D9%84%D9%84%D9%87%D8%A7%D8%AA%D9%81 to crawler 3.
2025-04-27 02:55:43,783 - Master - INFO - SQS queue size: 152
2025-04-27 02:55:43,884 - Master - INFO - Status from node 1: Heartbeat from crawler 1: Active
2025-04-27 02:55:43,884 - Master - INFO - SQS queue size: 152
2025-04-27 02:55:43,986 - Master - INFO - Status from node 3: Heartbeat from crawler 3: Active
2025-04-27 02:55:43,987 - Master - INFO - SQS queue size: 152
2025-04-27 02:55:44,088 - Master - INFO - Status from node 2: Heartbeat from crawler 2: Active
2025-04-27 02:55:44,088 - Master - INFO - SQS queue size: 152
2025-04-27 02:55:44,191 - Master - INFO - Status from node 2: Heartbeat from crawler 2: Active
2025-04-27 02:55:44,191 - Master - INFO - SQS queue size: 152
2025-04-27 02:55:44,293 - Master - INFO - Status from node 1: Heartbeat from crawler 1: Active
2025-04-27 02:55:44,293 - Master - INFO - SQS queue size: 152
2025-04-27 02:55:44,395 - Master - INFO - Status from node 3: Heartbeat from crawler 3: Active
2025-04-27 02:55:44,395 - Master - INFO - SQS queue size: 152
2025-04-27 02:55:44,497 - Master - INFO - SQS queue size: 152
2025-04-27 02:55:44,597 - Master - INFO - SQS queue size: 152
2025-04-27 02:55:44,698 - Master - INFO - SQS queue size: 152
2025-04-27 02:55:44,799 - Master - INFO - SQS queue size: 152
2025-04-27 02:55:45,078 - Master - INFO - Sent message to SQS: f65b9568-f4c2-4c5f-8c4f-4d44fd078e82, content: https://donate.wikimedia.org/wiki/Special:LandingC...
2025-04-27 02:55:45,250 - Master - INFO - Sent message to SQS: 280e4358-fa1a-4371-be5e-07df5b58e3fe, content: https://foundation.wikimedia.org/wiki/Special:Land...
2025-04-27 02:55:45,447 - Master - INFO - Sent message to SQS: 63facdca-b8f2-4a86-8179-c99308e0522c, content: https://foundation.wikimedia.org/wiki/Special:Land...
2025-04-27 02:55:45,594 - Master - INFO - Sent message to SQS: b995d1ff-3319-47e8-935e-6d16b292527b, content: https://foundation.wikimedia.org/wiki/Policy:Donor...
2025-04-27 02:55:45,750 - Master - INFO - Sent message to SQS: 653a4466-04ac-4dba-a297-4e669278cc96, content: https://donate.wikimedia.org/wiki/Special:LandingC...
2025-04-27 02:55:46,000 - Master - INFO - SQS queue size: 157
2025-04-27 02:55:46,000 - Master - INFO - Received URLs from crawler 2. Queue size now: 157, Processed URLs: 1
2025-04-27 02:55:46,207 - Master - INFO - Received 1 messages from SQS: ['https://stackoverflow.blog/']
2025-04-27 02:55:46,352 - Master - INFO - Deleted message from SQS: https://stackoverflow.blog/
2025-04-27 02:55:46,352 - Master - INFO - Assigned URL https://stackoverflow.blog/ to crawler 2.
2025-04-27 02:55:46,499 - Master - INFO - SQS queue size: 150
2025-04-27 02:55:46,602 - Master - INFO - Status from node 2: Crawler 2 completed URL: https://donate.wikimedia.org/?wmf_source=donate&wmf_medium=sidebar&wmf_campaign=bn.wikipedia.org&uselang=en (found 18 URLs, 69957 bytes)
2025-04-27 02:55:46,602 - Master - INFO - SQS queue size: 150
2025-04-27 02:55:46,843 - Master - INFO - Sent message to SQS: be34f066-15d8-4465-8407-23789d57c510, content: https://donate.wikimedia.org/?wmf_source=donate&wm...
2025-04-27 02:55:46,993 - Master - INFO - Sent message to SQS: b34adef3-16a2-47dd-80b6-83008fd32b19, content: https://donate.wikimedia.org/?wmf_source=donate&wm...
2025-04-27 02:55:47,150 - Master - INFO - Sent message to SQS: e304327c-eb99-464b-9a1c-992baf9c5276, content: https://az.wikipedia.org/wiki/Vikipediya_mobil_t%C...
2025-04-27 02:55:47,296 - Master - INFO - Sent message to SQS: 77c8c484-918a-4993-8436-ad9cd29f66e6, content: https://bn.wikipedia.org/wiki/%E0%A6%89%E0%A6%87%E...
2025-04-27 02:55:47,519 - Master - INFO - Sent message to SQS: 85bbc9f4-5f7c-4df1-b5df-71f682f5dc65, content: https://cs.wikipedia.org/wiki/Seznam_mobiln%C3%ADc...
2025-04-27 02:55:47,739 - Master - INFO - SQS queue size: 160
2025-04-27 02:55:47,739 - Master - INFO - Received URLs from crawler 3. Queue size now: 160, Processed URLs: 2
2025-04-27 02:55:47,944 - Master - INFO - Received 1 messages from SQS: ['https://www.wikipedia.org']
2025-04-27 02:55:48,148 - Master - INFO - Deleted message from SQS: https://www.wikipedia.org
2025-04-27 02:55:48,148 - Master - INFO - Assigned URL https://www.wikipedia.org to crawler 3.
2025-04-27 02:55:48,288 - Master - INFO - SQS queue size: 160
2025-04-27 02:55:48,575 - Master - INFO - Sent message to SQS: 76488524-795a-4a5d-8c2e-68fb3228de61, content: https://stackoverflow.com
2025-04-27 02:55:48,720 - Master - INFO - Sent message to SQS: 4df5fc80-8ac9-438c-a524-97256d93eb4d, content: https://stackoverflow.com/users/email/settings/cur...
2025-04-27 02:55:48,863 - Master - INFO - Sent message to SQS: df41be4d-6a9c-43c2-942d-a75c5ca4dae1, content: https://stackoverflow.co/teams/?utm_source=so-owne...
2025-04-27 02:55:49,076 - Master - INFO - Sent message to SQS: 9197a9c8-fb09-4f8f-a0f2-7f431093e8f0, content: https://stackoverflow.co/advertising/?utm_source=s...
2025-04-27 02:55:49,281 - Master - INFO - Sent message to SQS: d8a2e901-064c-4c01-afab-4be8da6ae325, content: https://stackoverflow.co/advertising/employer-bran...
2025-04-27 02:55:49,486 - Master - INFO - SQS queue size: 156
2025-04-27 02:55:49,486 - Master - INFO - Received URLs from crawler 2. Queue size now: 156, Processed URLs: 3
2025-04-27 02:55:49,624 - Master - INFO - Received 1 messages from SQS: ['https://foundation.wikimedia.o...']
2025-04-27 02:55:49,767 - Master - INFO - Deleted message from SQS: https://foundation.wikimedia.o...
2025-04-27 02:55:49,767 - Master - INFO - Assigned URL https://foundation.wikimedia.org/wiki/Policy:Donor_privacy_policy/Supplement to crawler 2.
2025-04-27 02:55:49,913 - Master - INFO - SQS queue size: 164
2025-04-27 02:55:50,019 - Master - INFO - Status from node 2: Heartbeat from crawler 2: Active
2025-04-27 02:55:50,019 - Master - INFO - SQS queue size: 164
2025-04-27 02:55:50,122 - Master - INFO - Status from node 3: Heartbeat from crawler 3: Active
2025-04-27 02:55:50,122 - Master - INFO - SQS queue size: 164
2025-04-27 02:55:50,362 - Master - INFO - Sent message to SQS: 484b0d9d-b71f-4120-98d3-105fdd4d796d, content: https://stackoverflow.co/advertising/
2025-04-27 02:55:50,609 - Master - INFO - Sent message to SQS: e7efb141-131f-4eb9-9688-587482e6363b, content: https://stackoverflow.co/advertising/why-stack/
2025-04-27 02:55:50,813 - Master - INFO - Sent message to SQS: c241a11b-567d-4bb1-8766-240c1c073221, content: https://stackoverflow.co/advertising/advertise-to-...
2025-04-27 02:55:51,010 - Master - INFO - Sent message to SQS: fb6c9ee9-3d1d-4ddd-b3ee-b7cc95052d0f, content: https://stackoverflow.co/advertising/employer-bran...
2025-04-27 02:55:51,158 - Master - INFO - Sent message to SQS: 10fb2479-f61f-4fc8-984b-50170b72cf59, content: https://stackoverflow.co/advertising/use-cases/mar...
2025-04-27 02:55:51,305 - Master - INFO - SQS queue size: 157
2025-04-27 02:55:51,305 - Master - INFO - Received URLs from crawler 1. Queue size now: 157, Processed URLs: 4
2025-04-27 02:55:51,472 - Master - INFO - Received 1 messages from SQS: ['https://foundation.wikimedia.o...']
2025-04-27 02:55:51,617 - Master - INFO - Deleted message from SQS: https://foundation.wikimedia.o...
2025-04-27 02:55:51,617 - Master - INFO - Assigned URL https://foundation.wikimedia.org/wiki/Special:LandingCheck?landing_page=Donor_privacy_policy&basic=true&language=en to crawler 1.
2025-04-27 02:55:51,939 - Master - INFO - SQS queue size: 156
2025-04-27 02:55:52,044 - Master - INFO - Status from node 2: Crawler 2 completed URL: https://stackoverflow.blog/ (found 91 URLs, 342595 bytes)
2025-04-27 02:55:52,046 - Master - INFO - SQS queue size: 156
2025-04-27 02:55:52,148 - Master - INFO - Status from node 2: Heartbeat from crawler 2: Active
2025-04-27 02:55:52,149 - Master - INFO - SQS queue size: 156
2025-04-27 02:55:52,252 - Master - INFO - Status from node 3: Heartbeat from crawler 3: Active
2025-04-27 02:55:52,254 - Master - INFO - SQS queue size: 156
2025-04-27 02:55:52,355 - Master - INFO - Status from node 1: Heartbeat from crawler 1: Active
2025-04-27 02:55:52,357 - Master - INFO - SQS queue size: 156
2025-04-27 02:55:52,458 - Master - INFO - SQS queue size: 156
2025-04-27 02:55:52,559 - Master - INFO - Status from node 4: Indexed https://donate.wikimedia.org/?wmf_source=donate&wmf_medium=sidebar&wmf_campaign=bn.wikipedia.org&uselang=en with 10 keywords with cloud storage
2025-04-27 02:55:52,559 - Master - INFO - SQS queue size: 156
2025-04-27 02:55:52,662 - Master - INFO - SQS queue size: 156
2025-04-27 02:55:52,763 - Master - INFO - SQS queue size: 156
2025-04-27 02:55:52,864 - Master - INFO - SQS queue size: 156
2025-04-27 02:55:52,991 - Master - INFO - SQS queue size: 156
2025-04-27 02:55:53,405 - Master - INFO - Sent message to SQS: 868a9404-c1d6-43cb-9344-af21d395f41e, content: https://wikimediafoundation.org/
2025-04-27 02:55:54,058 - Master - INFO - Sent message to SQS: ed986e6a-5d4c-43e0-9906-70caa0734d4b, content: https://wikimediafoundation.org/about/contact/
2025-04-27 02:55:54,256 - Master - INFO - Sent message to SQS: 00fddb12-4a74-4322-b1a6-6e5dcdfb68d6, content: https://wikimediafoundation.org/news/
2025-04-27 02:55:54,525 - Master - INFO - Sent message to SQS: 99f32dfb-d0af-48e9-afe0-53a0434f3d05, content: https://diff.wikimedia.org/
2025-04-27 02:55:54,786 - Master - INFO - Sent message to SQS: dcc1db01-1428-4774-a47d-03794f7879a8, content: https://diff.wikimedia.org/calendar
2025-04-27 02:55:54,990 - Master - INFO - SQS queue size: 156
2025-04-27 02:55:54,990 - Master - INFO - Received URLs from crawler 2. Queue size now: 156, Processed URLs: 5
2025-04-27 02:55:55,148 - Master - INFO - Received 1 messages from SQS: ['https://diff.wikimedia.org/cal...']
2025-04-27 02:55:55,291 - Master - INFO - Deleted message from SQS: https://diff.wikimedia.org/cal...
2025-04-27 02:55:55,291 - Master - INFO - Assigned URL https://diff.wikimedia.org/calendar to crawler 2.
2025-04-27 02:55:55,451 - Master - INFO - SQS queue size: 168
2025-04-27 02:55:55,553 - Master - INFO - Status from node 4: Indexed https://stackoverflow.blog/ with 10 keywords with cloud storage
2025-04-27 02:55:55,554 - Master - INFO - SQS queue size: 168
2025-04-27 02:55:55,656 - Master - INFO - Status from node 2: Crawler 2 completed URL: https://foundation.wikimedia.org/wiki/Policy:Donor_privacy_policy/Supplement (found 23 URLs, 53300 bytes)
2025-04-27 02:55:55,658 - Master - INFO - SQS queue size: 168
2025-04-27 02:55:55,759 - Master - INFO - Status from node 2: Heartbeat from crawler 2: Active
2025-04-27 02:55:55,759 - Master - INFO - SQS queue size: 168
2025-04-27 02:55:55,862 - Master - INFO - Status from node 3: Crawler 3 completed URL: https://ar.wikipedia.org/wiki/%D9%82%D8%A7%D8%A6%D9%85%D8%A9_%D8%AA%D8%B7%D8%A8%D9%8A%D9%82%D8%A7%D8%AA_%D9%88%D9%8A%D9%83%D9%8A%D8%A8%D9%8A%D8%AF%D9%8A%D8%A7_%D9%84%D9%84%D9%87%D8%A7%D8%AA%D9%81 (found 49 URLs, 170535 bytes)
2025-04-27 02:55:55,862 - Master - INFO - SQS queue size: 168
2025-04-27 02:55:56,109 - Master - INFO - Sent message to SQS: 5d01bb90-af40-4f0d-bef1-572e20368fe3, content: https://meta.wikimedia.org/wiki/Special:MyLanguage...
2025-04-27 02:55:56,252 - Master - INFO - Sent message to SQS: c1ef6c56-b05e-4f39-9927-3671e47cf613, content: https://donate.wikimedia.org/?wmf_medium=portal&wm...
2025-04-27 02:55:56,391 - Master - INFO - Sent message to SQS: 4f1cdf1a-cfb0-4d7a-95f1-aa7a1d610ae9, content: https://en.wikipedia.org/wiki/List_of_Wikipedia_mo...
2025-04-27 02:55:56,647 - Master - INFO - Sent message to SQS: d87a9637-b3e1-44b8-a520-005e4ffc04b4, content: https://play.google.com/store/apps/details?id=org....
2025-04-27 02:55:56,802 - Master - INFO - Sent message to SQS: adaeed9a-5896-4ec2-a8a7-80721d0944d7, content: https://itunes.apple.com/app/apple-store/id3247152...
2025-04-27 02:55:57,090 - Master - INFO - SQS queue size: 151
2025-04-27 02:55:57,090 - Master - INFO - Received URLs from crawler 3. Queue size now: 151, Processed URLs: 6
2025-04-27 02:55:57,263 - Master - INFO - Received 1 messages from SQS: ['https://az.wikipedia.org/wiki/...']
2025-04-27 02:55:57,410 - Master - INFO - Deleted message from SQS: https://az.wikipedia.org/wiki/...
2025-04-27 02:55:57,410 - Master - INFO - Assigned URL https://az.wikipedia.org/wiki/Vikipediya_mobil_t%C9%99tbiql%C9%99rinin_siyah%C4%B1s%C4%B1 to crawler 3.
2025-04-27 02:55:58,136 - Master - INFO - SQS queue size: 168
2025-04-27 02:55:58,239 - Master - INFO - Status from node 1: Heartbeat from crawler 1: Active
2025-04-27 02:55:58,240 - Master - INFO - SQS queue size: 168
2025-04-27 02:55:58,343 - Master - INFO - SQS queue size: 168
2025-04-27 02:55:58,445 - Master - INFO - Status from node 4: Indexed https://ar.wikipedia.org/wiki/%D9%82%D8%A7%D8%A6%D9%85%D8%A9_%D8%AA%D8%B7%D8%A8%D9%8A%D9%82%D8%A7%D8%AA_%D9%88%D9%8A%D9%83%D9%8A%D8%A8%D9%8A%D8%AF%D9%8A%D8%A7_%D9%84%D9%84%D9%87%D8%A7%D8%AA%D9%81 with 10 keywords with cloud storage
2025-04-27 02:55:58,447 - Master - INFO - SQS queue size: 168
2025-04-27 02:55:58,548 - Master - INFO - Status from node 3: Heartbeat from crawler 3: Active
2025-04-27 02:55:58,552 - Master - INFO - SQS queue size: 168
2025-04-27 02:55:58,653 - Master - INFO - Status from node 3: Crawler 3 completed URL: https://www.wikipedia.org (found 8 URLs, 90836 bytes)
2025-04-27 02:55:58,654 - Master - INFO - SQS queue size: 168
2025-04-27 02:55:58,911 - Master - INFO - Sent message to SQS: 71456e16-5592-45b7-a375-c90bbd436876, content: https://diff.wikimedia.org/
2025-04-27 02:55:59,134 - Master - INFO - Sent message to SQS: c95989b5-7f31-40eb-9138-4cbf92275310, content: https://diff.wikimedia.org/
2025-04-27 02:55:59,313 - Master - INFO - Sent message to SQS: 70ba77d5-d3b3-45bc-b3fa-16285976304b, content: https://diff.wikimedia.org/category/equity-inclusi...
2025-04-27 02:55:59,519 - Master - INFO - Sent message to SQS: 7acf340e-f0f9-4aee-a6a3-ecd582e42672, content: https://diff.wikimedia.org/category/education-open...
2025-04-27 02:55:59,727 - Master - INFO - Sent message to SQS: 6dd0e696-2974-4dcc-b2fa-0d055e145970, content: https://diff.wikimedia.org/category/technology/
2025-04-27 02:55:59,908 - Master - INFO - SQS queue size: 177
2025-04-27 02:55:59,908 - Master - INFO - Received URLs from crawler 2. Queue size now: 177, Processed URLs: 7
2025-04-27 02:56:00,091 - Master - INFO - Received 1 messages from SQS: ['https://www.python.org']
2025-04-27 02:56:00,243 - Master - INFO - Deleted message from SQS: https://www.python.org
2025-04-27 02:56:00,243 - Master - INFO - Assigned URL https://www.python.org to crawler 2.
2025-04-27 02:56:00,392 - Master - INFO - SQS queue size: 177
2025-04-27 02:56:00,497 - Master - INFO - Status from node 2: Heartbeat from crawler 2: Active
2025-04-27 02:56:00,498 - Master - INFO - SQS queue size: 177
2025-04-27 02:56:00,747 - Master - INFO - Sent message to SQS: e1623902-75dc-4800-b400-67c96b724b71, content: https://donate.wikimedia.org/?wmf_source=donate&wm...
2025-04-27 02:56:00,993 - Master - INFO - Sent message to SQS: c89b1d5f-125f-407e-ac3c-1fefd2f4717b, content: https://donate.wikimedia.org/?wmf_source=donate&wm...
2025-04-27 02:56:01,139 - Master - INFO - Sent message to SQS: f627939f-cf52-49d9-bb57-72ed57551456, content: https://ar.wikipedia.org/wiki/%D9%82%D8%A7%D8%A6%D...
2025-04-27 02:56:02,716 - Master - INFO - Sent message to SQS: 075be848-e9ad-445e-ade8-b5244d19f2e2, content: https://bn.wikipedia.org/wiki/%E0%A6%89%E0%A6%87%E...
2025-04-27 02:56:02,867 - Master - INFO - Sent message to SQS: 2465df23-5f33-4b67-92da-e43ae8aece48, content: https://cs.wikipedia.org/wiki/Seznam_mobiln%C3%ADc...
2025-04-27 02:56:03,020 - Master - INFO - SQS queue size: 178
2025-04-27 02:56:03,020 - Master - INFO - Received URLs from crawler 3. Queue size now: 178, Processed URLs: 8
2025-04-27 02:56:04,178 - Master - INFO - Received 1 messages from SQS: ['http://example.com/page_3_0']
2025-04-27 02:56:04,360 - Master - INFO - Deleted message from SQS: http://example.com/page_3_0
2025-04-27 02:56:04,360 - Master - INFO - Assigned URL http://example.com/page_3_0 to crawler 3.
2025-04-27 02:56:04,536 - Master - INFO - SQS queue size: 177
2025-04-27 02:56:04,636 - Master - INFO - Status from node 4: Indexed https://stackoverflow.co/advertising/resources/ with 10 keywords with cloud storage
2025-04-27 02:56:04,636 - Master - INFO - SQS queue size: 177
2025-04-27 02:56:04,741 - Master - INFO - Status from node 4: Indexed https://foundation.wikimedia.org/wiki/Policy:Donor_privacy_policy/Supplement with 10 keywords with cloud storage
2025-04-27 02:56:04,744 - Master - INFO - SQS queue size: 177
2025-04-27 02:56:04,846 - Master - INFO - Status from node 2: Heartbeat from crawler 2: Active
2025-04-27 02:56:04,847 - Master - INFO - SQS queue size: 177
2025-04-27 02:56:04,999 - Master - INFO - Status from node 1: Crawler 1 completed URL: https://stackoverflow.co/advertising/resources/ (found 84 URLs, 328280 bytes)
2025-04-27 02:56:04,999 - Master - INFO - SQS queue size: 177
2025-04-27 02:56:05,105 - Master - INFO - Status from node 1: Heartbeat from crawler 1: Active
2025-04-27 02:56:05,112 - Master - INFO - SQS queue size: 177
2025-04-27 02:56:05,375 - Master - INFO - Sent message to SQS: 61f163c9-7507-4876-aec9-766204b49d34, content: https://wikimediafoundation.org/
2025-04-27 02:56:05,544 - Master - INFO - Sent message to SQS: 34f939f4-d719-4b22-87ba-6300fb177024, content: https://wikimediafoundation.org/about/contact/
2025-04-27 02:56:05,764 - Master - INFO - Sent message to SQS: 002fa4b2-797a-432d-9da1-d8b2265ae0f2, content: https://wikimediafoundation.org/news/
2025-04-27 02:56:06,096 - Master - INFO - Sent message to SQS: 3b564589-c326-4d3d-b555-57399e198760, content: https://diff.wikimedia.org/
2025-04-27 02:56:06,295 - Master - INFO - Sent message to SQS: c39a9dc7-807b-48fd-afcb-0c1e19471cb3, content: https://diff.wikimedia.org/calendar
2025-04-27 02:56:06,460 - Master - INFO - SQS queue size: 171
2025-04-27 02:56:06,460 - Master - INFO - Received URLs from crawler 1. Queue size now: 171, Processed URLs: 9
2025-04-27 02:56:06,601 - Master - INFO - Received 1 messages from SQS: ['https://itunes.apple.com/app/a...']
2025-04-27 02:56:06,825 - Master - INFO - Deleted message from SQS: https://itunes.apple.com/app/a...
2025-04-27 02:56:06,825 - Master - INFO - Assigned URL https://itunes.apple.com/app/apple-store/id324715238?pt=208305&ct=portal&mt=8 to crawler 1.
2025-04-27 02:56:06,990 - Master - INFO - SQS queue size: 176
2025-04-27 02:56:07,092 - Master - INFO - Status from node 4: Indexed https://www.wikipedia.org with 10 keywords with cloud storage
2025-04-27 02:56:07,096 - Master - INFO - SQS queue size: 176
2025-04-27 02:56:07,197 - Master - INFO - Status from node 4: Indexed https://foundation.wikimedia.org/wiki/Special:LandingCheck?landing_page=Donor_privacy_policy&basic=true&language=en with 10 keywords with cloud storage
2025-04-27 02:56:07,202 - Master - INFO - SQS queue size: 176
2025-04-27 02:56:07,306 - Master - INFO - Status from node 2: Heartbeat from crawler 2: Active
2025-04-27 02:56:07,309 - Master - INFO - SQS queue size: 176
2025-04-27 02:56:07,413 - Master - INFO - Status from node 3: Heartbeat from crawler 3: Active
2025-04-27 02:56:07,420 - Master - INFO - SQS queue size: 176
2025-04-27 02:56:07,523 - Master - INFO - Status from node 3: Crawler 3 completed URL: https://az.wikipedia.org/wiki/Vikipediya_mobil_t%C9%99tbiql%C9%99rinin_siyah%C4%B1s%C4%B1 (found 73 URLs, 123925 bytes)
2025-04-27 02:56:07,523 - Master - INFO - SQS queue size: 176
2025-04-27 02:56:07,627 - Master - INFO - Status from node 1: Heartbeat from crawler 1: Active
2025-04-27 02:56:07,627 - Master - INFO - SQS queue size: 176
2025-04-27 02:56:07,731 - Master - INFO - Status from node 1: Crawler 1 completed URL: https://foundation.wikimedia.org/wiki/Special:LandingCheck?landing_page=Donor_privacy_policy&basic=true&language=en (found 44 URLs, 116457 bytes)
2025-04-27 02:56:07,734 - Master - INFO - SQS queue size: 176
2025-04-27 02:56:07,837 - Master - INFO - SQS queue size: 176
2025-04-27 02:56:07,939 - Master - INFO - SQS queue size: 176
2025-04-27 02:56:08,040 - Master - INFO - SQS queue size: 176
2025-04-27 02:56:08,291 - Master - INFO - Sent message to SQS: 0aa8f172-1f68-417b-9037-a0f2ad4084f6, content: https://www.iana.org/domains/example
2025-04-27 02:56:08,434 - Master - INFO - SQS queue size: 158
2025-04-27 02:56:08,434 - Master - INFO - Received URLs from crawler 3. Queue size now: 158, Processed URLs: 10
2025-04-27 02:56:08,588 - Master - INFO - Received 1 messages from SQS: ['https://diff.wikimedia.org/']
2025-04-27 02:56:08,745 - Master - INFO - Deleted message from SQS: https://diff.wikimedia.org/
2025-04-27 02:56:08,745 - Master - INFO - Assigned URL https://diff.wikimedia.org/ to crawler 3.
2025-04-27 02:56:08,892 - Master - INFO - SQS queue size: 190
2025-04-27 02:56:08,997 - Master - INFO - Status from node 3: Crawler 3 completed URL: http://example.com/page_3_0 (found 1 URLs, 1256 bytes)
2025-04-27 02:56:08,997 - Master - INFO - SQS queue size: 190
2025-04-27 02:56:09,119 - Master - INFO - SQS queue size: 190
2025-04-27 02:56:09,221 - Master - INFO - SQS queue size: 190
2025-04-27 02:56:09,323 - Master - INFO - SQS queue size: 190
2025-04-27 02:56:09,445 - Master - INFO - Status from node 1: Heartbeat from crawler 1: Active
2025-04-27 02:56:09,445 - Master - INFO - SQS queue size: 190
2025-04-27 02:56:09,549 - Master - INFO - SQS queue size: 190
2025-04-27 02:56:09,651 - Master - INFO - SQS queue size: 190
2025-04-27 02:56:09,752 - Master - INFO - SQS queue size: 190
2025-04-27 02:56:09,852 - Master - INFO - SQS queue size: 190
2025-04-27 02:56:10,138 - Master - INFO - Sent message to SQS: ea78009a-0df4-4738-bb4e-5101e8be7a96, content: https://www.apple.com/
2025-04-27 02:56:10,288 - Master - INFO - Sent message to SQS: 9a12b25c-72a9-4f29-b990-b2581422938b, content: https://www.apple.com/us/shop/goto/store
2025-04-27 02:56:10,446 - Master - INFO - Sent message to SQS: 2f333f74-9a85-4ea5-837b-7783d64f0a95, content: https://www.apple.com/mac/
2025-04-27 02:56:10,769 - Master - INFO - Sent message to SQS: 1e309e27-3356-42b1-96ef-fab0434055aa, content: https://www.apple.com/ipad/
2025-04-27 02:56:11,008 - Master - INFO - Sent message to SQS: 4356acd0-25d0-4457-b6b1-1e9ce0d5ae70, content: https://www.apple.com/iphone/
2025-04-27 02:56:11,144 - Master - INFO - SQS queue size: 188
2025-04-27 02:56:11,144 - Master - INFO - Received URLs from crawler 1. Queue size now: 188, Processed URLs: 11
2025-04-27 02:56:11,333 - Master - INFO - Received 1 messages from SQS: ['https://www.iana.org/domains/e...']
2025-04-27 02:56:11,473 - Master - INFO - Deleted message from SQS: https://www.iana.org/domains/e...
2025-04-27 02:56:11,473 - Master - INFO - Assigned URL https://www.iana.org/domains/example to crawler 1.
2025-04-27 02:56:11,629 - Master - INFO - SQS queue size: 149
2025-04-27 02:56:11,732 - Master - INFO - Status from node 4: Indexed https://az.wikipedia.org/wiki/Vikipediya_mobil_t%C9%99tbiql%C9%99rinin_siyah%C4%B1s%C4%B1 with 10 keywords with cloud storage
2025-04-27 02:56:11,732 - Master - INFO - SQS queue size: 149
2025-04-27 02:56:11,836 - Master - INFO - Status from node 2: Heartbeat from crawler 2: Active
2025-04-27 02:56:11,836 - Master - INFO - SQS queue size: 149
2025-04-27 02:56:11,941 - Master - INFO - Status from node 3: Heartbeat from crawler 3: Active
2025-04-27 02:56:11,941 - Master - INFO - SQS queue size: 149
2025-04-27 02:56:12,349 - Master - INFO - Sent message to SQS: c3159248-a915-406a-bc46-155247c334dc, content: https://diff.wikimedia.org/
2025-04-27 02:56:12,538 - Master - INFO - Sent message to SQS: e1b76c4e-f870-4601-8bd3-b1d2bbb461c9, content: https://diff.wikimedia.org/
2025-04-27 02:56:12,720 - Master - INFO - Sent message to SQS: 041ba84f-6a91-4380-a954-cd0069a0caa3, content: https://diff.wikimedia.org/category/equity-inclusi...
2025-04-27 02:56:12,902 - Master - INFO - Sent message to SQS: 64d4f335-85cf-472a-b170-e8b51d521dc5, content: https://diff.wikimedia.org/category/education-open...
2025-04-27 02:56:13,099 - Master - INFO - Sent message to SQS: 719cc9ce-f287-460d-a8d4-de1b3dfada6e, content: https://diff.wikimedia.org/category/technology/
2025-04-27 02:56:13,289 - Master - INFO - SQS queue size: 197
2025-04-27 02:56:13,289 - Master - INFO - Received URLs from crawler 3. Queue size now: 197, Processed URLs: 12
2025-04-27 02:56:13,469 - Master - INFO - Received 1 messages from SQS: ['https://www.github.com']
2025-04-27 02:56:13,653 - Master - INFO - Deleted message from SQS: https://www.github.com
2025-04-27 02:56:13,653 - Master - INFO - Assigned URL https://www.github.com to crawler 3.
2025-04-27 02:56:13,842 - Master - INFO - SQS queue size: 192
2025-04-27 02:56:13,943 - Master - INFO - Status from node 1: Heartbeat from crawler 1: Active
2025-04-27 02:56:13,945 - Master - INFO - SQS queue size: 192
2025-04-27 02:56:14,048 - Master - INFO - Status from node 3: Heartbeat from crawler 3: Active
2025-04-27 02:56:14,049 - Master - INFO - SQS queue size: 192
2025-04-27 02:56:14,151 - Master - INFO - Status from node 1: Crawler 1 completed URL: https://itunes.apple.com/app/apple-store/id324715238?pt=208305&ct=portal&mt=8 (found 44 URLs, 714000 bytes)
2025-04-27 02:56:14,155 - Master - INFO - SQS queue size: 192
2025-04-27 02:56:14,469 - Master - INFO - Sent message to SQS: bd12d721-4da6-4065-a371-3bbc937f9638, content: https://pti.icann.org
2025-04-27 02:56:14,667 - Master - INFO - Sent message to SQS: aba3111b-1815-4fe2-9f0b-024a307cfd24, content: http://www.icann.org/
2025-04-27 02:56:14,882 - Master - INFO - Sent message to SQS: 9c56d573-8c7c-450a-a7ed-0bba40b2aaf8, content: https://www.icann.org/privacy/policy
2025-04-27 02:56:15,105 - Master - INFO - Sent message to SQS: 5a413ae1-5437-44ec-b274-7fc5311054cd, content: https://www.icann.org/privacy/tos
2025-04-27 02:56:15,246 - Master - INFO - SQS queue size: 189
2025-04-27 02:56:15,246 - Master - INFO - Received URLs from crawler 1. Queue size now: 189, Processed URLs: 13
2025-04-27 02:56:15,404 - Master - INFO - Received 1 messages from SQS: ['https://github.com/security/ad...']
2025-04-27 02:56:15,585 - Master - INFO - Deleted message from SQS: https://github.com/security/ad...
2025-04-27 02:56:15,585 - Master - INFO - Assigned URL https://github.com/security/advanced-security to crawler 1.
2025-04-27 02:56:15,724 - Master - INFO - SQS queue size: 162
2025-04-27 02:56:15,832 - Master - INFO - Status from node 4: Indexed https://itunes.apple.com/app/apple-store/id324715238?pt=208305&ct=portal&mt=8 with 10 keywords with cloud storage
2025-04-27 02:56:15,832 - Master - INFO - SQS queue size: 162
2025-04-27 02:56:15,936 - Master - INFO - Status from node 2: Heartbeat from crawler 2: Active
2025-04-27 02:56:15,936 - Master - INFO - SQS queue size: 162
2025-04-27 02:56:16,042 - Master - INFO - SQS queue size: 162
2025-04-27 02:56:16,143 - Master - INFO - SQS queue size: 162
2025-04-27 02:56:16,245 - Master - INFO - SQS queue size: 162
2025-04-27 02:56:16,345 - Master - INFO - SQS queue size: 162
2025-04-27 02:56:16,446 - Master - INFO - SQS queue size: 162
2025-04-27 02:56:16,547 - Master - INFO - SQS queue size: 162
2025-04-27 02:56:16,649 - Master - INFO - SQS queue size: 162
2025-04-27 02:56:16,749 - Master - INFO - SQS queue size: 162
2025-04-27 02:56:16,850 - Master - INFO - SQS queue size: 162
2025-04-27 02:56:16,951 - Master - INFO - Status from node 3: Heartbeat from crawler 3: Active
2025-04-27 02:56:16,951 - Master - INFO - SQS queue size: 162
2025-04-27 02:56:17,057 - Master - INFO - SQS queue size: 162
2025-04-27 02:56:17,158 - Master - INFO - SQS queue size: 162
2025-04-27 02:56:17,259 - Master - INFO - SQS queue size: 162
2025-04-27 02:56:17,360 - Master - INFO - SQS queue size: 162
2025-04-27 02:56:17,462 - Master - INFO - Status from node 4: Indexed http://example.com/page_3_0 with 10 keywords with cloud storage
2025-04-27 02:56:17,462 - Master - INFO - SQS queue size: 162
2025-04-27 02:56:17,567 - Master - INFO - Status from node 2: Crawler 2 completed URL: https://diff.wikimedia.org/calendar (found 241 URLs, 452859 bytes)
2025-04-27 02:56:17,570 - Master - INFO - SQS queue size: 162
2025-04-27 02:56:17,672 - Master - INFO - Status from node 1: Heartbeat from crawler 1: Active
2025-04-27 02:56:17,677 - Master - INFO - SQS queue size: 162
2025-04-27 02:56:17,779 - Master - INFO - Status from node 1: Crawler 1 completed URL: https://www.iana.org/domains/example (found 4 URLs, 4651 bytes)
2025-04-27 02:56:17,784 - Master - INFO - SQS queue size: 162
2025-04-27 02:56:17,885 - Master - INFO - SQS queue size: 162
2025-04-27 02:56:17,986 - Master - INFO - SQS queue size: 162
2025-04-27 02:56:18,087 - Master - INFO - SQS queue size: 162
2025-04-27 02:56:18,187 - Master - INFO - SQS queue size: 162
2025-04-27 02:56:18,288 - Master - INFO - SQS queue size: 162
2025-04-27 02:56:18,389 - Master - INFO - SQS queue size: 162
2025-04-27 02:56:18,490 - Master - INFO - SQS queue size: 162
2025-04-27 02:56:18,591 - Master - INFO - SQS queue size: 162
2025-04-27 02:56:18,692 - Master - INFO - Status from node 2: Heartbeat from crawler 2: Active
2025-04-27 02:56:18,695 - Master - INFO - SQS queue size: 162
2025-04-27 02:56:18,796 - Master - INFO - SQS queue size: 162
2025-04-27 02:56:18,897 - Master - INFO - SQS queue size: 162
2025-04-27 02:56:18,998 - Master - INFO - SQS queue size: 162
2025-04-27 02:56:19,099 - Master - INFO - SQS queue size: 162
2025-04-27 02:56:19,200 - Master - INFO - SQS queue size: 162
2025-04-27 02:56:19,301 - Master - INFO - SQS queue size: 162
2025-04-27 02:56:19,595 - Master - INFO - Sent message to SQS: 3f0fa13f-d593-4571-90ee-026df3ffa245, content: https://www.python.org/psf/
2025-04-27 02:56:19,746 - Master - INFO - Sent message to SQS: 73ba2b60-2c43-4eb3-bf08-52196cb31159, content: https://docs.python.org
2025-04-27 02:56:19,894 - Master - INFO - Sent message to SQS: 6f51c632-28af-4315-886f-d5a0cee0237c, content: https://pypi.org/
2025-04-27 02:56:20,067 - Master - INFO - Sent message to SQS: 1fb0f95d-f3ef-4d6b-be1c-8db58ef2acb1, content: https://psfmember.org/civicrm/contribute/transact?...
2025-04-27 02:56:20,254 - Master - INFO - Sent message to SQS: 9a12609b-2d54-479b-bf25-eb34b8d1a90e, content: https://www.linkedin.com/company/python-software-f...
2025-04-27 02:56:20,396 - Master - INFO - SQS queue size: 193
2025-04-27 02:56:20,396 - Master - INFO - Received URLs from crawler 2. Queue size now: 193, Processed URLs: 14
2025-04-27 02:56:20,545 - Master - INFO - Received 1 messages from SQS: ['https://donate.wikimedia.org/w...']
2025-04-27 02:56:20,686 - Master - INFO - Deleted message from SQS: https://donate.wikimedia.org/w...
2025-04-27 02:56:20,686 - Master - INFO - Assigned URL https://donate.wikimedia.org/wiki/Special:LandingCheck?landing_page=Problems_donating&basic=true&language=en to crawler 2.
2025-04-27 02:56:20,835 - Master - INFO - SQS queue size: 191
2025-04-27 02:56:20,936 - Master - INFO - Status from node 4: Indexed https://diff.wikimedia.org/calendar with 10 keywords with cloud storage
2025-04-27 02:56:20,937 - Master - INFO - SQS queue size: 191
2025-04-27 02:56:21,042 - Master - INFO - Status from node 1: Heartbeat from crawler 1: Active
2025-04-27 02:56:21,042 - Master - INFO - SQS queue size: 191
2025-04-27 02:56:21,297 - Master - INFO - Sent message to SQS: 455aec88-d92e-4c6c-85c2-53d5aeec0f40, content: https://github.com/features/copilot
2025-04-27 02:56:21,461 - Master - INFO - Sent message to SQS: 7ef0b953-5f5d-4dee-bfc3-975372245222, content: https://github.com/security/advanced-security
2025-04-27 02:56:21,626 - Master - INFO - Sent message to SQS: 291e4139-dee0-4645-985e-1b7c8d397dab, content: https://github.com/features/actions
2025-04-27 02:56:21,772 - Master - INFO - Sent message to SQS: ecd8a708-c0b5-4fc0-b5eb-b522f9423408, content: https://github.com/features/codespaces
2025-04-27 02:56:21,921 - Master - INFO - Sent message to SQS: 5009467f-4716-4db9-8a1f-1cb6bb881a24, content: https://github.com/features/issues
2025-04-27 02:56:22,128 - Master - INFO - SQS queue size: 199
2025-04-27 02:56:22,128 - Master - INFO - Received URLs from crawler 1. Queue size now: 199, Processed URLs: 15
2025-04-27 02:56:22,478 - Master - INFO - Received 1 messages from SQS: ['https://stackoverflowteams.hel...']
2025-04-27 02:56:22,664 - Master - INFO - Deleted message from SQS: https://stackoverflowteams.hel...
2025-04-27 02:56:22,664 - Master - INFO - Assigned URL https://stackoverflowteams.help/en/collections/4145545-enterprise to crawler 1.
2025-04-27 02:56:22,849 - Master - INFO - SQS queue size: 200
2025-04-27 02:56:22,952 - Master - INFO - Status from node 4: Indexed https://www.iana.org/domains/example with 10 keywords with cloud storage
2025-04-27 02:56:22,952 - Master - INFO - SQS queue size: 200
2025-04-27 02:56:23,058 - Master - INFO - Status from node 2: Crawler 2 completed URL: https://www.python.org (found 71 URLs, 51390 bytes)
2025-04-27 02:56:23,059 - Master - INFO - SQS queue size: 200
2025-04-27 02:56:23,373 - Master - INFO - Sent message to SQS: 11ebbd7a-3183-49e2-a8b1-f5dd82e4f48d, content: https://wikimediafoundation.org/
2025-04-27 02:56:23,580 - Master - INFO - Sent message to SQS: 8e905296-1bae-4c1b-8d00-e4fd51e18147, content: https://donate.wikimedia.org/?uselang=en&wmf_mediu...
2025-04-27 02:56:23,730 - Master - INFO - Sent message to SQS: 08a60957-9de4-48b6-9ca5-97af36bebd4d, content: https://www.paypal.com/cgi-bin/helpscr?cmd=_help&t...
2025-04-27 02:56:24,085 - Master - INFO - Sent message to SQS: aba4e611-4f3c-4afb-bd4f-25c040767f97, content: https://en.wikipedia.org/wiki/Zendesk
2025-04-27 02:56:24,298 - Master - INFO - Sent message to SQS: 989caec4-7968-44c0-a601-9b242ac6ad28, content: https://www.zendesk.com/company/customers-partners...
2025-04-27 02:56:24,495 - Master - INFO - SQS queue size: 203
2025-04-27 02:56:24,503 - Master - INFO - Received URLs from crawler 2. Queue size now: 203, Processed URLs: 16
2025-04-27 02:56:24,709 - Master - INFO - Received 1 messages from SQS: ['https://cs.wikipedia.org/wiki/...']
2025-04-27 02:56:24,906 - Master - INFO - Deleted message from SQS: https://cs.wikipedia.org/wiki/...
2025-04-27 02:56:24,906 - Master - INFO - Assigned URL https://cs.wikipedia.org/wiki/Seznam_mobiln%C3%ADch_aplikac%C3%AD_Wikipedie to crawler 2.
2025-04-27 02:56:25,098 - Master - INFO - SQS queue size: 186
2025-04-27 02:56:25,199 - Master - INFO - Status from node 3: Heartbeat from crawler 3: Active
2025-04-27 02:56:25,202 - Master - INFO - SQS queue size: 186
2025-04-27 02:56:25,304 - Master - INFO - Status from node 3: Crawler 3 completed URL: https://diff.wikimedia.org/ (found 66 URLs, 203674 bytes)
2025-04-27 02:56:25,308 - Master - INFO - SQS queue size: 186
2025-04-27 02:56:25,411 - Master - INFO - Status from node 1: Heartbeat from crawler 1: Active
2025-04-27 02:56:25,416 - Master - INFO - SQS queue size: 186
2025-04-27 02:56:25,517 - Master - INFO - SQS queue size: 186
2025-04-27 02:56:25,618 - Master - INFO - SQS queue size: 186
2025-04-27 02:56:25,719 - Master - INFO - SQS queue size: 186
2025-04-27 02:56:25,820 - Master - INFO - SQS queue size: 186
2025-04-27 02:56:25,921 - Master - INFO - Status from node 3: Heartbeat from crawler 3: Active
2025-04-27 02:56:25,926 - Master - INFO - SQS queue size: 186
2025-04-27 02:56:26,028 - Master - INFO - SQS queue size: 186
2025-04-27 02:56:26,128 - Master - INFO - SQS queue size: 186
2025-04-27 02:56:26,229 - Master - INFO - SQS queue size: 186
2025-04-27 02:56:26,331 - Master - INFO - SQS queue size: 186
2025-04-27 02:56:26,432 - Master - INFO - Status from node 4: Indexed https://diff.wikimedia.org/ with 10 keywords with cloud storage
2025-04-27 02:56:26,435 - Master - INFO - SQS queue size: 186
2025-04-27 02:56:26,538 - Master - INFO - Status from node 2: Heartbeat from crawler 2: Active
2025-04-27 02:56:26,542 - Master - INFO - SQS queue size: 186
2025-04-27 02:56:26,643 - Master - INFO - Status from node 2: Crawler 2 completed URL: https://donate.wikimedia.org/wiki/Special:LandingCheck?landing_page=Problems_donating&basic=true&language=en (found 23 URLs, 59420 bytes)
2025-04-27 02:56:26,648 - Master - INFO - SQS queue size: 186
2025-04-27 02:56:26,749 - Master - INFO - Status from node 1: Crawler 1 completed URL: https://github.com/security/advanced-security (found 76 URLs, 262187 bytes)
2025-04-27 02:56:26,752 - Master - INFO - SQS queue size: 186
2025-04-27 02:56:26,854 - Master - INFO - SQS queue size: 186
2025-04-27 02:56:26,955 - Master - INFO - SQS queue size: 186
2025-04-27 02:56:27,056 - Master - INFO - Status from node 1: Heartbeat from crawler 1: Active
2025-04-27 02:56:27,056 - Master - INFO - SQS queue size: 186
2025-04-27 02:56:27,161 - Master - INFO - SQS queue size: 186
2025-04-27 02:56:27,262 - Master - INFO - SQS queue size: 186
2025-04-27 02:56:27,363 - Master - INFO - SQS queue size: 186
2025-04-27 02:56:27,464 - Master - INFO - SQS queue size: 186
2025-04-27 02:56:27,565 - Master - INFO - SQS queue size: 186
2025-04-27 02:56:27,666 - Master - INFO - SQS queue size: 186
2025-04-27 02:56:27,766 - Master - INFO - SQS queue size: 186
2025-04-27 02:56:27,867 - Master - INFO - SQS queue size: 186
2025-04-27 02:56:27,969 - Master - INFO - SQS queue size: 186
2025-04-27 02:56:28,214 - Master - INFO - Sent message to SQS: bd572fb2-3eae-4919-a84d-f3cdd641ded1, content: https://donate.wikimedia.org/?wmf_source=donate&wm...
2025-04-27 02:56:28,367 - Master - INFO - Sent message to SQS: 400aace7-da01-47e0-ab44-f0f96080f017, content: https://donate.wikimedia.org/?wmf_source=donate&wm...
2025-04-27 02:56:28,637 - Master - INFO - Sent message to SQS: 8dd51f20-8069-429e-a9d7-5e14fd498cc5, content: https://ar.wikipedia.org/wiki/%D9%82%D8%A7%D8%A6%D...
2025-04-27 02:56:28,802 - Master - INFO - Sent message to SQS: 709bd1c7-d6f0-4987-a6ca-dd1669f29a64, content: https://az.wikipedia.org/wiki/Vikipediya_mobil_t%C...
2025-04-27 02:56:28,951 - Master - INFO - Sent message to SQS: f3e3658b-3f1b-4eba-b518-f7170d8c7651, content: https://bn.wikipedia.org/wiki/%E0%A6%89%E0%A6%87%E...
2025-04-27 02:56:29,111 - Master - INFO - SQS queue size: 212
2025-04-27 02:56:29,111 - Master - INFO - Received URLs from crawler 2. Queue size now: 212, Processed URLs: 17
2025-04-27 02:56:29,293 - Master - INFO - Received 1 messages from SQS: ['https://diff.wikimedia.org/cat...']
2025-04-27 02:56:30,986 - Master - INFO - Deleted message from SQS: https://diff.wikimedia.org/cat...
2025-04-27 02:56:30,986 - Master - INFO - Assigned URL https://diff.wikimedia.org/category/technology/ to crawler 2.
2025-04-27 02:56:31,162 - Master - INFO - SQS queue size: 197
2025-04-27 02:56:31,264 - Master - INFO - Status from node 4: Indexed https://github.com/security/advanced-security with 10 keywords with cloud storage
2025-04-27 02:56:31,268 - Master - INFO - SQS queue size: 197
2025-04-27 02:56:31,372 - Master - INFO - Status from node 4: Indexed https://www.python.org with 10 keywords with cloud storage
2025-04-27 02:56:31,376 - Master - INFO - SQS queue size: 197
2025-04-27 02:56:31,478 - Master - INFO - Status from node 3: Heartbeat from crawler 3: Active
2025-04-27 02:56:31,483 - Master - INFO - SQS queue size: 197
2025-04-27 02:56:31,584 - Master - INFO - Status from node 1: Heartbeat from crawler 1: Active
2025-04-27 02:56:31,584 - Master - INFO - SQS queue size: 197
2025-04-27 02:56:31,689 - Master - INFO - SQS queue size: 197
2025-04-27 02:56:31,790 - Master - INFO - SQS queue size: 197
2025-04-27 02:56:31,890 - Master - INFO - SQS queue size: 197
2025-04-27 02:56:31,991 - Master - INFO - SQS queue size: 197
2025-04-27 02:56:32,092 - Master - INFO - SQS queue size: 197
2025-04-27 02:56:32,193 - Master - INFO - SQS queue size: 197
2025-04-27 02:56:32,294 - Master - INFO - SQS queue size: 197
2025-04-27 02:56:32,395 - Master - INFO - SQS queue size: 197
2025-04-27 02:56:32,496 - Master - INFO - Status from node 1: Heartbeat from crawler 1: Active
2025-04-27 02:56:32,499 - Master - INFO - SQS queue size: 197
2025-04-27 02:56:32,601 - Master - INFO - SQS queue size: 197
2025-04-27 02:56:32,702 - Master - INFO - Status from node 4: Indexed https://donate.wikimedia.org/wiki/Special:LandingCheck?landing_page=Problems_donating&basic=true&language=en with 10 keywords with cloud storage
2025-04-27 02:56:32,706 - Master - INFO - SQS queue size: 197
2025-04-27 02:56:32,808 - Master - INFO - Status from node 2: Heartbeat from crawler 2: Active
2025-04-27 02:56:32,810 - Master - INFO - SQS queue size: 197
2025-04-27 02:56:32,915 - Master - INFO - Status from node 2: Crawler 2 completed URL: https://cs.wikipedia.org/wiki/Seznam_mobiln%C3%ADch_aplikac%C3%AD_Wikipedie (found 57 URLs, 75401 bytes)
2025-04-27 02:56:32,918 - Master - INFO - SQS queue size: 197
2025-04-27 02:56:33,022 - Master - INFO - SQS queue size: 197
2025-04-27 02:56:33,123 - Master - INFO - SQS queue size: 197
2025-04-27 02:56:33,224 - Master - INFO - SQS queue size: 197
2025-04-27 02:56:33,324 - Master - INFO - SQS queue size: 197
2025-04-27 02:56:33,425 - Master - INFO - SQS queue size: 197
2025-04-27 02:56:33,526 - Master - INFO - SQS queue size: 197
2025-04-27 02:56:33,627 - Master - INFO - SQS queue size: 197
2025-04-27 02:56:33,728 - Master - INFO - SQS queue size: 197
2025-04-27 02:56:33,829 - Master - INFO - SQS queue size: 197
2025-04-27 02:56:33,930 - Master - INFO - SQS queue size: 197
2025-04-27 02:56:34,031 - Master - INFO - SQS queue size: 197
2025-04-27 02:56:34,133 - Master - INFO - SQS queue size: 197
2025-04-27 02:56:34,233 - Master - INFO - SQS queue size: 197
2025-04-27 02:56:34,334 - Master - INFO - SQS queue size: 197
2025-04-27 02:56:34,436 - Master - INFO - Status from node 4: Indexed https://cs.wikipedia.org/wiki/Seznam_mobiln%C3%ADch_aplikac%C3%AD_Wikipedie with 10 keywords with cloud storage
2025-04-27 02:56:34,440 - Master - INFO - SQS queue size: 197
2025-04-27 02:56:34,543 - Master - INFO - Status from node 3: Heartbeat from crawler 3: Active
2025-04-27 02:56:34,546 - Master - INFO - SQS queue size: 197
2025-04-27 02:56:34,648 - Master - INFO - SQS queue size: 197
2025-04-27 02:56:34,749 - Master - INFO - SQS queue size: 197
2025-04-27 02:56:34,850 - Master - INFO - SQS queue size: 197
2025-04-27 02:56:34,951 - Master - INFO - SQS queue size: 197
2025-04-27 02:56:35,052 - Master - INFO - SQS queue size: 197
2025-04-27 02:56:35,153 - Master - INFO - SQS queue size: 197
2025-04-27 02:56:35,254 - Master - INFO - Status from node 2: Heartbeat from crawler 2: Active
2025-04-27 02:56:35,256 - Master - INFO - SQS queue size: 197
2025-04-27 02:56:35,494 - Master - INFO - Sent message to SQS: 59d5b114-362f-47e4-8871-52cc83108d36, content: https://diff.wikimedia.org/
2025-04-27 02:56:35,667 - Master - INFO - Sent message to SQS: 66235ac2-150a-498f-a4ef-1e7505ea51ac, content: https://diff.wikimedia.org/
2025-04-27 02:56:35,999 - Master - INFO - Sent message to SQS: 6c36be93-6550-4347-8418-00a90f6bffcc, content: https://diff.wikimedia.org/category/equity-inclusi...
2025-04-27 02:56:36,215 - Master - INFO - Sent message to SQS: 5e184381-57ba-45e7-90a5-95ecd3f8b804, content: https://diff.wikimedia.org/category/education-open...
2025-04-27 02:56:36,421 - Master - INFO - Sent message to SQS: 4c70601f-c3a6-40c7-84e8-71cf9286e7c6, content: https://diff.wikimedia.org/category/technology/
2025-04-27 02:56:36,576 - Master - INFO - SQS queue size: 211
2025-04-27 02:56:36,576 - Master - INFO - Received URLs from crawler 2. Queue size now: 211, Processed URLs: 18
2025-04-27 02:56:36,726 - Master - INFO - Received 1 messages from SQS: ['https://stackoverflow.co/teams...']
2025-04-27 02:56:36,900 - Master - INFO - Deleted message from SQS: https://stackoverflow.co/teams...
2025-04-27 02:56:36,900 - Master - INFO - Assigned URL https://stackoverflow.co/teams/?utm_source=so-owned&utm_medium=blog&utm_campaign=nav-side-bar to crawler 2.
2025-04-27 02:56:37,051 - Master - INFO - SQS queue size: 215
2025-04-27 02:56:37,153 - Master - INFO - Status from node 2: Crawler 2 completed URL: https://diff.wikimedia.org/category/technology/ (found 76 URLs, 198117 bytes)
2025-04-27 02:56:37,159 - Master - INFO - SQS queue size: 215
2025-04-27 02:56:37,540 - Master - INFO - Sent message to SQS: f5bc6e24-9b67-43b7-ba83-58e00ddb061b, content: https://github.com/features/copilot
2025-04-27 02:56:37,720 - Master - INFO - Sent message to SQS: f5e0464a-226d-43e2-a868-84e2fe218819, content: https://github.com/security/advanced-security
2025-04-27 02:56:37,934 - Master - INFO - Sent message to SQS: 991cd232-2c05-40d7-8340-517e6192ff82, content: https://github.com/features/actions
2025-04-27 02:56:38,083 - Master - INFO - Sent message to SQS: 757b499d-5be6-4f71-a910-91c940f3a7bc, content: https://github.com/features/codespaces
2025-04-27 02:56:38,299 - Master - INFO - Sent message to SQS: 9330ec0a-b3b3-4565-b373-158facb5ede9, content: https://github.com/features/issues
2025-04-27 02:56:38,675 - Master - INFO - SQS queue size: 220
2025-04-27 02:56:38,675 - Master - INFO - Received URLs from crawler 3. Queue size now: 220, Processed URLs: 19
2025-04-27 02:56:38,840 - Master - INFO - Received 1 messages from SQS: ['https://stackoverflowteams.hel...']
2025-04-27 02:56:38,982 - Master - INFO - Deleted message from SQS: https://stackoverflowteams.hel...
2025-04-27 02:56:38,982 - Master - INFO - Assigned URL https://stackoverflowteams.help/en/collections/7850240-stack-overflow-for-teams-university to crawler 3.
2025-04-27 02:56:39,236 - Master - INFO - SQS queue size: 222
2025-04-27 02:56:39,338 - Master - INFO - SQS queue size: 222
2025-04-27 02:56:39,338 - Master - INFO - Received URLs from crawler 2. Queue size now: 222, Processed URLs: 20
2025-04-27 02:56:39,574 - Master - INFO - Received 1 messages from SQS: ['https://stackoverflow.co/adver...']
2025-04-27 02:56:39,738 - Master - INFO - Deleted message from SQS: https://stackoverflow.co/adver...
2025-04-27 02:56:39,738 - Master - INFO - Assigned URL https://stackoverflow.co/advertising/use-cases/marketing-teams/ to crawler 2.
2025-04-27 02:56:39,886 - Master - INFO - SQS queue size: 220
2025-04-27 02:56:39,993 - Master - INFO - Sending shutdown signals to crawler nodes...
2025-04-27 02:56:39,993 - Master - INFO - Shutdown signal sent to crawler 1
2025-04-27 02:56:39,993 - Master - INFO - Shutdown signal sent to crawler 2
2025-04-27 02:56:39,993 - Master - INFO - Shutdown signal sent to crawler 3
2025-04-27 02:56:39,993 - Master - INFO - Sending shutdown signal to indexer node...
2025-04-27 02:56:40,091 - Master - INFO - Master node shutting down. Total URLs processed: 20
2025-04-27 02:56:40,091 - Master - INFO - Crawled: 20, Indexed: 17, Failed: 0
2025-04-28 00:09:58,622 - Master - INFO - Master node started with rank 0 of 5
2025-04-28 00:09:58,622 - Master - INFO - Active Crawler Nodes: [1, 2, 3]
2025-04-28 00:09:58,622 - Master - INFO - Indexer Node: 4
2025-04-28 00:09:58,688 - Master - INFO - Found credentials in shared credentials file: ~/.aws/credentials
2025-04-28 00:10:00,587 - Master - INFO - CloudQueue initialized with SQS queues: crawler-url-queue, crawler-status-queue
2025-04-28 00:10:00,587 - Master - INFO - Task queue initialized in cloud mode
2025-04-28 00:10:00,587 - Master - ERROR - Error sending message to SQS: Parameter validation failed:
Invalid type for parameter MessageAttributes.type, value: seed, type: <class 'str'>, valid types: <class 'dict'>
2025-04-28 00:10:00,587 - Master - ERROR - Error persisting local queue: [Errno 2] No such file or directory: 'data/queue/local_queue.json'
2025-04-28 00:10:00,587 - Master - ERROR - Error sending message to SQS: Parameter validation failed:
Invalid type for parameter MessageAttributes.type, value: seed, type: <class 'str'>, valid types: <class 'dict'>
2025-04-28 00:10:00,587 - Master - ERROR - Error persisting local queue: [Errno 2] No such file or directory: 'data/queue/local_queue.json'
2025-04-28 00:10:00,587 - Master - ERROR - Error sending message to SQS: Parameter validation failed:
Invalid type for parameter MessageAttributes.type, value: seed, type: <class 'str'>, valid types: <class 'dict'>
2025-04-28 00:10:00,587 - Master - ERROR - Error persisting local queue: [Errno 2] No such file or directory: 'data/queue/local_queue.json'
2025-04-28 00:10:00,587 - Master - ERROR - Error sending message to SQS: Parameter validation failed:
Invalid type for parameter MessageAttributes.type, value: seed, type: <class 'str'>, valid types: <class 'dict'>
2025-04-28 00:10:00,587 - Master - ERROR - Error persisting local queue: [Errno 2] No such file or directory: 'data/queue/local_queue.json'
2025-04-28 00:10:00,587 - Master - ERROR - Error sending message to SQS: Parameter validation failed:
Invalid type for parameter MessageAttributes.type, value: seed, type: <class 'str'>, valid types: <class 'dict'>
2025-04-28 00:10:00,587 - Master - ERROR - Error persisting local queue: [Errno 2] No such file or directory: 'data/queue/local_queue.json'
2025-04-28 00:10:00,587 - Master - INFO - Added 5 seed URLs to the task queue
2025-04-28 00:10:00,791 - Master - INFO - Sending shutdown signals to crawler nodes...
2025-04-28 00:10:00,791 - Master - INFO - Shutdown signal sent to crawler 1
2025-04-28 00:10:00,791 - Master - INFO - Shutdown signal sent to crawler 2
2025-04-28 00:10:00,791 - Master - INFO - Shutdown signal sent to crawler 3
2025-04-28 00:10:00,791 - Master - INFO - Sending shutdown signal to indexer node...
2025-04-28 00:10:00,799 - Master - INFO - Master node shutting down. Total URLs processed: 0
2025-04-28 00:10:00,799 - Master - INFO - Crawled: 0, Indexed: 0, Failed: 0
2025-04-28 00:20:36,414 - Master - INFO - Master node started with rank 0 of 5
2025-04-28 00:20:36,414 - Master - INFO - Active Crawler Nodes: [1, 2, 3]
2025-04-28 00:20:36,414 - Master - INFO - Indexer Node: 4
2025-04-28 00:20:36,745 - Master - INFO - Found credentials in shared credentials file: ~/.aws/credentials
2025-04-28 00:20:38,673 - Master - INFO - CloudQueue initialized with SQS queues: crawler-url-queue, crawler-status-queue
2025-04-28 00:20:38,673 - Master - INFO - Task queue initialized in cloud mode
2025-04-28 00:20:38,673 - Master - ERROR - Error sending message to SQS: Parameter validation failed:
Invalid type for parameter MessageAttributes.type, value: seed, type: <class 'str'>, valid types: <class 'dict'>
2025-04-28 00:20:38,673 - Master - ERROR - Error persisting local queue: [Errno 2] No such file or directory: 'data/queue/local_queue.json'
2025-04-28 00:20:38,673 - Master - ERROR - Error sending message to SQS: Parameter validation failed:
Invalid type for parameter MessageAttributes.type, value: seed, type: <class 'str'>, valid types: <class 'dict'>
2025-04-28 00:20:38,673 - Master - ERROR - Error persisting local queue: [Errno 2] No such file or directory: 'data/queue/local_queue.json'
2025-04-28 00:20:38,675 - Master - ERROR - Error sending message to SQS: Parameter validation failed:
Invalid type for parameter MessageAttributes.type, value: seed, type: <class 'str'>, valid types: <class 'dict'>
2025-04-28 00:20:38,675 - Master - ERROR - Error persisting local queue: [Errno 2] No such file or directory: 'data/queue/local_queue.json'
2025-04-28 00:20:38,675 - Master - ERROR - Error sending message to SQS: Parameter validation failed:
Invalid type for parameter MessageAttributes.type, value: seed, type: <class 'str'>, valid types: <class 'dict'>
2025-04-28 00:20:38,675 - Master - ERROR - Error persisting local queue: [Errno 2] No such file or directory: 'data/queue/local_queue.json'
2025-04-28 00:20:38,675 - Master - ERROR - Error sending message to SQS: Parameter validation failed:
Invalid type for parameter MessageAttributes.type, value: seed, type: <class 'str'>, valid types: <class 'dict'>
2025-04-28 00:20:38,675 - Master - ERROR - Error persisting local queue: [Errno 2] No such file or directory: 'data/queue/local_queue.json'
2025-04-28 00:20:38,675 - Master - INFO - Added 5 seed URLs to the task queue
2025-04-28 00:20:39,159 - Master - INFO - Assigned URL  to crawler 1.
2025-04-28 00:20:39,559 - Master - INFO - Assigned URL  to crawler 2.
2025-04-28 00:20:39,942 - Master - INFO - Assigned URL  to crawler 3.
2025-04-28 00:20:40,280 - Master - INFO - Status update from 3: Heartbeat from crawler 3: Active
2025-04-28 00:22:17,642 - Master - INFO - Master node started with rank 0 of 5
2025-04-28 00:22:17,645 - Master - INFO - Active Crawler Nodes: [1, 2, 3]
2025-04-28 00:22:17,646 - Master - INFO - Indexer Node: 4
2025-04-28 00:22:17,763 - Master - INFO - Found credentials in shared credentials file: ~/.aws/credentials
2025-04-28 00:22:19,247 - Master - INFO - CloudQueue initialized with SQS queues: crawler-url-queue, crawler-status-queue
2025-04-28 00:22:19,247 - Master - INFO - Task queue initialized in cloud mode
2025-04-28 00:22:19,247 - Master - ERROR - Error sending message to SQS: Parameter validation failed:
Invalid type for parameter MessageAttributes.type, value: seed, type: <class 'str'>, valid types: <class 'dict'>
2025-04-28 00:22:19,247 - Master - ERROR - Error sending message to SQS: Parameter validation failed:
Invalid type for parameter MessageAttributes.type, value: seed, type: <class 'str'>, valid types: <class 'dict'>
2025-04-28 00:22:19,247 - Master - ERROR - Error sending message to SQS: Parameter validation failed:
Invalid type for parameter MessageAttributes.type, value: seed, type: <class 'str'>, valid types: <class 'dict'>
2025-04-28 00:22:19,247 - Master - ERROR - Error sending message to SQS: Parameter validation failed:
Invalid type for parameter MessageAttributes.type, value: seed, type: <class 'str'>, valid types: <class 'dict'>
2025-04-28 00:22:19,247 - Master - ERROR - Error sending message to SQS: Parameter validation failed:
Invalid type for parameter MessageAttributes.type, value: seed, type: <class 'str'>, valid types: <class 'dict'>
2025-04-28 00:22:19,247 - Master - INFO - Added 5 seed URLs to the task queue
2025-04-28 00:22:20,371 - Master - INFO - Assigned URL  to crawler 1.
2025-04-28 00:22:20,731 - Master - INFO - Assigned URL  to crawler 2.
2025-04-28 00:22:21,066 - Master - INFO - Assigned URL  to crawler 3.
2025-04-28 00:22:21,332 - Master - INFO - Status update from 2: Heartbeat from crawler 2: Active
2025-04-28 00:24:46,819 - Master - INFO - Master node started with rank 0 of 5
2025-04-28 00:24:46,820 - Master - INFO - Active Crawler Nodes: [1, 2, 3]
2025-04-28 00:24:46,820 - Master - INFO - Indexer Node: 4
2025-04-28 00:24:46,905 - Master - INFO - Found credentials in shared credentials file: ~/.aws/credentials
2025-04-28 00:24:48,610 - Master - INFO - CloudQueue initialized with SQS queues: crawler-url-queue, crawler-status-queue
2025-04-28 00:24:48,610 - Master - INFO - Task queue initialized in cloud mode
2025-04-28 00:24:48,610 - Master - ERROR - Error sending message to SQS: Parameter validation failed:
Invalid type for parameter MessageAttributes.type, value: seed, type: <class 'str'>, valid types: <class 'dict'>
2025-04-28 00:24:48,611 - Master - ERROR - Error sending message to SQS: Parameter validation failed:
Invalid type for parameter MessageAttributes.type, value: seed, type: <class 'str'>, valid types: <class 'dict'>
2025-04-28 00:24:48,611 - Master - ERROR - Error sending message to SQS: Parameter validation failed:
Invalid type for parameter MessageAttributes.type, value: seed, type: <class 'str'>, valid types: <class 'dict'>
2025-04-28 00:24:48,613 - Master - ERROR - Error sending message to SQS: Parameter validation failed:
Invalid type for parameter MessageAttributes.type, value: seed, type: <class 'str'>, valid types: <class 'dict'>
2025-04-28 00:24:48,613 - Master - ERROR - Error sending message to SQS: Parameter validation failed:
Invalid type for parameter MessageAttributes.type, value: seed, type: <class 'str'>, valid types: <class 'dict'>
2025-04-28 00:24:48,613 - Master - INFO - Added 5 seed URLs to the task queue
2025-04-28 00:24:49,110 - Master - INFO - Assigned URL  to crawler 1.
2025-04-28 00:24:49,494 - Master - INFO - Assigned URL  to crawler 2.
2025-04-28 00:24:49,869 - Master - INFO - Assigned URL  to crawler 3.
2025-04-28 00:24:50,242 - Master - INFO - Status update from 1: Heartbeat from crawler 1: Active
2025-04-28 00:24:51,136 - Master - INFO - Status update from 3: Heartbeat from crawler 3: Active
2025-04-28 00:24:51,467 - Master - INFO - Status update from 2: Heartbeat from crawler 2: Active
2025-04-28 00:24:51,776 - Master - ERROR - Error from 1: Error crawling : Invalid URL '': No scheme supplied. Perhaps you meant https://?
2025-04-28 00:24:52,051 - Master - ERROR - Error from 2: Error crawling : Invalid URL '': No scheme supplied. Perhaps you meant https://?
2025-04-28 00:24:52,390 - Master - INFO - Status update from 1: Heartbeat from crawler 1: Active
2025-04-28 00:24:52,922 - Master - INFO - Status update from 2: Heartbeat from crawler 2: Active
2025-04-28 00:24:53,221 - Master - INFO - Status update from 2: Heartbeat from crawler 2: Active
2025-04-28 00:24:53,484 - Master - ERROR - Error from 3: Error crawling : Invalid URL '': No scheme supplied. Perhaps you meant https://?
2025-04-28 00:24:53,783 - Master - INFO - Status update from 3: Heartbeat from crawler 3: Active
2025-04-28 00:24:54,059 - Master - INFO - Status update from 3: Heartbeat from crawler 3: Active
2025-04-28 00:24:54,819 - Master - INFO - Status update from 1: Heartbeat from crawler 1: Active
2025-04-28 00:24:55,097 - Master - INFO - Status update from 2: Heartbeat from crawler 2: Active
2025-04-28 00:24:56,359 - Master - INFO - Status update from 3: Heartbeat from crawler 3: Active
2025-04-28 00:24:58,346 - Master - INFO - Status update from 2: Heartbeat from crawler 2: Active
2025-04-28 00:24:59,048 - Master - INFO - Status update from 3: Heartbeat from crawler 3: Active
2025-04-28 00:24:59,352 - Master - INFO - Status update from 1: Heartbeat from crawler 1: Active
2025-04-28 00:25:02,643 - Master - INFO - Status update from 2: Heartbeat from crawler 2: Active
2025-04-28 00:25:02,915 - Master - INFO - Status update from 3: Heartbeat from crawler 3: Active
2025-04-28 00:25:03,248 - Master - INFO - Status update from 1: Heartbeat from crawler 1: Active
2025-04-28 00:25:04,941 - Master - INFO - Status update from 3: Heartbeat from crawler 3: Active
2025-04-28 00:25:05,461 - Master - INFO - Status update from 1: Heartbeat from crawler 1: Active
2025-04-28 00:25:06,318 - Master - INFO - Status update from 2: Heartbeat from crawler 2: Active
2025-04-28 00:25:09,871 - Master - INFO - Status update from 3: Heartbeat from crawler 3: Active
2025-04-28 00:25:10,138 - Master - INFO - Status update from 1: Heartbeat from crawler 1: Active
2025-04-28 00:25:12,057 - Master - INFO - Status update from 2: Heartbeat from crawler 2: Active
2025-04-28 00:25:12,370 - Master - INFO - Status update from 3: Heartbeat from crawler 3: Active
2025-04-28 00:25:13,892 - Master - INFO - Status update from 2: Heartbeat from crawler 2: Active
2025-04-28 00:25:14,465 - Master - INFO - Status update from 1: Heartbeat from crawler 1: Active
2025-04-28 00:25:16,554 - Master - INFO - Status update from 2: Heartbeat from crawler 2: Active
2025-04-28 00:25:16,825 - Master - INFO - Status update from 3: Heartbeat from crawler 3: Active
2025-04-28 00:25:17,091 - Master - INFO - Status update from 1: Heartbeat from crawler 1: Active
2025-04-28 00:25:19,578 - Master - WARNING - Task timeout for crawler 1 on URL: 
2025-04-28 00:25:19,578 - Master - ERROR - Error sending message to SQS: Parameter validation failed:
Invalid type for parameter MessageAttributes.type, value: retry, type: <class 'str'>, valid types: <class 'dict'>
Invalid type for parameter MessageAttributes.failed_node, value: 1, type: <class 'str'>, valid types: <class 'dict'>
2025-04-28 00:25:19,578 - Master - WARNING - Task timeout for crawler 2 on URL: 
2025-04-28 00:25:19,578 - Master - ERROR - Error sending message to SQS: Parameter validation failed:
Invalid type for parameter MessageAttributes.type, value: retry, type: <class 'str'>, valid types: <class 'dict'>
Invalid type for parameter MessageAttributes.failed_node, value: 2, type: <class 'str'>, valid types: <class 'dict'>
2025-04-28 00:25:19,583 - Master - INFO - Status update from 3: Heartbeat from crawler 3: Active
2025-04-28 00:25:19,912 - Master - INFO - Assigned URL  to crawler 1.
2025-04-28 00:25:20,260 - Master - INFO - Assigned URL  to crawler 2.
2025-04-28 00:25:20,519 - Master - WARNING - Task timeout for crawler 3 on URL: 
2025-04-28 00:25:20,519 - Master - ERROR - Error sending message to SQS: Parameter validation failed:
Invalid type for parameter MessageAttributes.type, value: retry, type: <class 'str'>, valid types: <class 'dict'>
Invalid type for parameter MessageAttributes.failed_node, value: 3, type: <class 'str'>, valid types: <class 'dict'>
2025-04-28 00:25:20,519 - Master - ERROR - Error from 2: Error crawling : Invalid URL '': No scheme supplied. Perhaps you meant https://?
2025-04-28 00:25:20,880 - Master - INFO - Assigned URL  to crawler 3.
2025-04-28 00:25:21,525 - Master - INFO - Status update from 2: Heartbeat from crawler 2: Active
2025-04-28 00:25:21,788 - Master - ERROR - Error from 3: Error crawling : Invalid URL '': No scheme supplied. Perhaps you meant https://?
2025-04-28 00:25:22,087 - Master - ERROR - Error from 1: Error crawling : Invalid URL '': No scheme supplied. Perhaps you meant https://?
2025-04-28 23:46:26,381 - Master - INFO - Master node started with rank 0 of 5
2025-04-28 23:46:26,382 - Master - INFO - Active Crawler Nodes: [1, 2, 3]
2025-04-28 23:46:26,382 - Master - INFO - Indexer Node: 4
2025-04-28 23:46:26,669 - Master - INFO - Found credentials in shared credentials file: ~/.aws/credentials
2025-04-28 23:46:27,902 - Master - INFO - CloudQueue initialized with SQS queues: crawler-url-queue, crawler-status-queue
2025-04-28 23:46:27,902 - Master - INFO - Task queue initialized in cloud mode
2025-04-28 23:46:27,902 - Master - ERROR - Error sending message to SQS: Parameter validation failed:
Invalid type for parameter MessageAttributes.type, value: seed, type: <class 'str'>, valid types: <class 'dict'>
2025-04-28 23:46:27,903 - Master - ERROR - Error sending message to SQS: Parameter validation failed:
Invalid type for parameter MessageAttributes.type, value: seed, type: <class 'str'>, valid types: <class 'dict'>
2025-04-28 23:46:27,904 - Master - ERROR - Error sending message to SQS: Parameter validation failed:
Invalid type for parameter MessageAttributes.type, value: seed, type: <class 'str'>, valid types: <class 'dict'>
2025-04-28 23:46:27,904 - Master - ERROR - Error sending message to SQS: Parameter validation failed:
Invalid type for parameter MessageAttributes.type, value: seed, type: <class 'str'>, valid types: <class 'dict'>
2025-04-28 23:46:27,905 - Master - ERROR - Error sending message to SQS: Parameter validation failed:
Invalid type for parameter MessageAttributes.type, value: seed, type: <class 'str'>, valid types: <class 'dict'>
2025-04-28 23:46:27,906 - Master - INFO - Added 5 seed URLs to the task queue
2025-04-28 23:46:28,337 - Master - INFO - Assigned URL  to crawler 1.
2025-04-28 23:46:28,626 - Master - INFO - Assigned URL  to crawler 2.
2025-04-28 23:46:28,906 - Master - INFO - Assigned URL  to crawler 3.
2025-04-28 23:46:29,152 - Master - INFO - Status update from 1: Heartbeat from crawler 1: Active
2025-04-28 23:46:29,391 - Master - INFO - Status update from 3: Heartbeat from crawler 3: Active
2025-04-28 23:46:29,633 - Master - INFO - Status update from 2: Heartbeat from crawler 2: Active
2025-04-28 23:46:29,872 - Master - ERROR - Error from 1: Error crawling : Invalid URL '': No scheme supplied. Perhaps you meant https://?
2025-04-28 23:46:30,114 - Master - ERROR - Error from 2: Error crawling : Invalid URL '': No scheme supplied. Perhaps you meant https://?
2025-04-28 23:46:30,354 - Master - INFO - Status update from 2: Heartbeat from crawler 2: Active
2025-04-28 23:46:30,599 - Master - ERROR - Error from 3: Error crawling : Invalid URL '': No scheme supplied. Perhaps you meant https://?
2025-04-28 23:46:30,846 - Master - INFO - Status update from 3: Heartbeat from crawler 3: Active
2025-04-28 23:46:31,097 - Master - INFO - Status update from 1: Heartbeat from crawler 1: Active
2025-04-28 23:46:33,273 - Master - INFO - Status update from 2: Heartbeat from crawler 2: Active
2025-04-28 23:46:33,757 - Master - INFO - Status update from 3: Heartbeat from crawler 3: Active
2025-04-28 23:46:34,006 - Master - INFO - Status update from 1: Heartbeat from crawler 1: Active
2025-04-28 23:46:38,128 - Master - INFO - Status update from 2: Heartbeat from crawler 2: Active
2025-04-28 23:46:38,604 - Master - INFO - Status update from 3: Heartbeat from crawler 3: Active
2025-04-28 23:46:38,846 - Master - INFO - Status update from 1: Heartbeat from crawler 1: Active
2025-04-28 23:46:41,011 - Master - INFO - Status update from 2: Heartbeat from crawler 2: Active
2025-04-28 23:46:42,683 - Master - INFO - Status update from 3: Heartbeat from crawler 3: Active
2025-04-28 23:46:43,166 - Master - INFO - Status update from 1: Heartbeat from crawler 1: Active
2025-04-28 23:46:44,607 - Master - INFO - Status update from 3: Heartbeat from crawler 3: Active
2025-04-28 23:46:44,850 - Master - INFO - Status update from 2: Heartbeat from crawler 2: Active
2025-04-28 23:46:46,066 - Master - INFO - Status update from 1: Heartbeat from crawler 1: Active
2025-04-28 23:46:46,993 - Master - INFO - Status update from 2: Heartbeat from crawler 2: Active
2025-04-28 23:46:47,717 - Master - INFO - Status update from 3: Heartbeat from crawler 3: Active
2025-04-28 23:46:49,177 - Master - INFO - Status update from 2: Heartbeat from crawler 2: Active
2025-04-28 23:47:30,123 - Master - INFO - Master node started with rank 0 of 5
2025-04-28 23:47:30,124 - Master - INFO - Active Crawler Nodes: [1, 2, 3]
2025-04-28 23:47:30,124 - Master - INFO - Indexer Node: 4
2025-04-28 23:47:30,267 - Master - INFO - Found credentials in shared credentials file: ~/.aws/credentials
2025-04-28 23:47:31,394 - Master - INFO - CloudQueue initialized with SQS queues: crawler-url-queue, crawler-status-queue
2025-04-28 23:47:31,394 - Master - INFO - Task queue initialized in cloud mode
2025-04-28 23:47:31,395 - Master - ERROR - Error sending message to SQS: Parameter validation failed:
Invalid type for parameter MessageAttributes.type, value: seed, type: <class 'str'>, valid types: <class 'dict'>
2025-04-28 23:47:31,396 - Master - ERROR - Error sending message to SQS: Parameter validation failed:
Invalid type for parameter MessageAttributes.type, value: seed, type: <class 'str'>, valid types: <class 'dict'>
2025-04-28 23:47:31,396 - Master - ERROR - Error sending message to SQS: Parameter validation failed:
Invalid type for parameter MessageAttributes.type, value: seed, type: <class 'str'>, valid types: <class 'dict'>
2025-04-28 23:47:31,396 - Master - ERROR - Error sending message to SQS: Parameter validation failed:
Invalid type for parameter MessageAttributes.type, value: seed, type: <class 'str'>, valid types: <class 'dict'>
2025-04-28 23:47:31,398 - Master - ERROR - Error sending message to SQS: Parameter validation failed:
Invalid type for parameter MessageAttributes.type, value: seed, type: <class 'str'>, valid types: <class 'dict'>
2025-04-28 23:47:31,399 - Master - INFO - Added 5 seed URLs to the task queue
2025-04-28 23:47:31,851 - Master - INFO - Assigned URL  to crawler 1.
2025-04-28 23:47:32,147 - Master - INFO - Assigned URL  to crawler 2.
2025-04-28 23:47:32,431 - Master - INFO - Assigned URL  to crawler 3.
2025-04-28 23:47:32,674 - Master - INFO - Status update from 2: Heartbeat from crawler 2: Active
2025-04-28 23:47:32,915 - Master - INFO - Status update from 3: Heartbeat from crawler 3: Active
2025-04-28 23:47:33,157 - Master - INFO - Status update from 1: Heartbeat from crawler 1: Active
2025-04-28 23:47:33,400 - Master - ERROR - Error from 1: Error crawling : Invalid URL '': No scheme supplied. Perhaps you meant https://?
2025-04-28 23:47:33,642 - Master - ERROR - Error from 2: Error crawling : Invalid URL '': No scheme supplied. Perhaps you meant https://?
2025-04-28 23:47:33,883 - Master - INFO - Status update from 1: Heartbeat from crawler 1: Active
2025-04-28 23:47:34,131 - Master - ERROR - Error from 3: Error crawling : Invalid URL '': No scheme supplied. Perhaps you meant https://?
2025-04-28 23:47:34,375 - Master - INFO - Status update from 3: Heartbeat from crawler 3: Active
2025-04-28 23:47:34,617 - Master - INFO - Status update from 2: Heartbeat from crawler 2: Active
2025-04-28 23:47:35,349 - Master - INFO - Status update from 3: Heartbeat from crawler 3: Active
2025-04-28 23:47:37,076 - Master - INFO - Status update from 2: Heartbeat from crawler 2: Active
2025-04-28 23:47:38,781 - Master - INFO - Status update from 1: Heartbeat from crawler 1: Active
2025-04-28 23:47:39,278 - Master - INFO - Status update from 3: Heartbeat from crawler 3: Active
2025-04-28 23:47:40,012 - Master - INFO - Status update from 2: Heartbeat from crawler 2: Active
2025-04-28 23:47:41,772 - Master - INFO - Status update from 3: Heartbeat from crawler 3: Active
2025-04-28 23:47:43,951 - Master - INFO - Status update from 1: Heartbeat from crawler 1: Active
2025-04-28 23:47:44,679 - Master - INFO - Status update from 2: Heartbeat from crawler 2: Active
2025-04-28 23:47:44,923 - Master - INFO - Status update from 3: Heartbeat from crawler 3: Active
2025-04-28 23:47:47,349 - Master - INFO - Status update from 3: Heartbeat from crawler 3: Active
2025-04-28 23:47:47,595 - Master - INFO - Status update from 2: Heartbeat from crawler 2: Active
2025-04-28 23:47:48,327 - Master - INFO - Status update from 1: Heartbeat from crawler 1: Active
2025-04-28 23:47:50,971 - Master - INFO - Status update from 1: Heartbeat from crawler 1: Active
2025-04-28 23:47:51,213 - Master - INFO - Status update from 3: Heartbeat from crawler 3: Active
2025-04-28 23:47:51,453 - Master - INFO - Status update from 2: Heartbeat from crawler 2: Active
2025-04-28 23:47:52,663 - Master - INFO - Status update from 1: Heartbeat from crawler 1: Active
2025-04-28 23:47:53,882 - Master - INFO - Status update from 3: Heartbeat from crawler 3: Active
2025-04-28 23:47:54,850 - Master - INFO - Status update from 2: Heartbeat from crawler 2: Active
2025-04-28 23:47:56,058 - Master - INFO - Status update from 1: Heartbeat from crawler 1: Active
2025-04-28 23:47:56,782 - Master - INFO - Status update from 3: Heartbeat from crawler 3: Active
2025-04-28 23:47:58,966 - Master - INFO - Status update from 2: Heartbeat from crawler 2: Active
2025-04-28 23:47:59,454 - Master - INFO - Status update from 1: Heartbeat from crawler 1: Active
2025-04-28 23:48:00,421 - Master - INFO - Status update from 3: Heartbeat from crawler 3: Active
2025-04-28 23:48:01,870 - Master - WARNING - Task timeout for crawler 1 on URL: 
2025-04-28 23:48:01,870 - Master - ERROR - Error sending message to SQS: Parameter validation failed:
Invalid type for parameter MessageAttributes.type, value: retry, type: <class 'str'>, valid types: <class 'dict'>
Invalid type for parameter MessageAttributes.failed_node, value: 1, type: <class 'str'>, valid types: <class 'dict'>
2025-04-28 23:48:02,155 - Master - INFO - Assigned URL  to crawler 1.
2025-04-28 23:48:02,706 - Master - WARNING - Task timeout for crawler 2 on URL: 
2025-04-28 23:48:02,706 - Master - ERROR - Error sending message to SQS: Parameter validation failed:
Invalid type for parameter MessageAttributes.type, value: retry, type: <class 'str'>, valid types: <class 'dict'>
Invalid type for parameter MessageAttributes.failed_node, value: 2, type: <class 'str'>, valid types: <class 'dict'>
2025-04-28 23:48:02,707 - Master - WARNING - Task timeout for crawler 3 on URL: 
2025-04-28 23:48:02,707 - Master - ERROR - Error sending message to SQS: Parameter validation failed:
Invalid type for parameter MessageAttributes.type, value: retry, type: <class 'str'>, valid types: <class 'dict'>
Invalid type for parameter MessageAttributes.failed_node, value: 3, type: <class 'str'>, valid types: <class 'dict'>
2025-04-28 23:48:02,709 - Master - ERROR - Error from 1: Error crawling : Invalid URL '': No scheme supplied. Perhaps you meant https://?
2025-04-28 23:48:03,330 - Master - INFO - Status update from 1: Heartbeat from crawler 1: Active
2025-04-28 23:48:03,951 - Master - INFO - Status update from 2: Heartbeat from crawler 2: Active
2025-04-28 23:48:04,570 - Master - INFO - Status update from 3: Heartbeat from crawler 3: Active
2025-04-28 23:48:05,826 - Master - INFO - Status update from 1: Heartbeat from crawler 1: Active
2025-04-28 23:48:07,065 - Master - INFO - Status update from 2: Heartbeat from crawler 2: Active
2025-04-28 23:48:08,940 - Master - INFO - Status update from 3: Heartbeat from crawler 3: Active
2025-04-28 23:48:10,237 - Master - INFO - Status update from 1: Heartbeat from crawler 1: Active
2025-04-28 23:48:10,855 - Master - INFO - Status update from 3: Heartbeat from crawler 3: Active
2025-04-28 23:48:11,480 - Master - INFO - Status update from 2: Heartbeat from crawler 2: Active
2025-04-28 23:48:13,330 - Master - INFO - Status update from 3: Heartbeat from crawler 3: Active
2025-04-28 23:48:14,248 - Master - INFO - Status update from 1: Heartbeat from crawler 1: Active
2025-04-28 23:48:15,526 - Master - INFO - Status update from 3: Heartbeat from crawler 3: Active
2025-04-28 23:48:16,143 - Master - INFO - Status update from 2: Heartbeat from crawler 2: Active
2025-04-28 23:48:19,208 - Master - INFO - Status update from 1: Heartbeat from crawler 1: Active
2025-04-28 23:48:19,826 - Master - INFO - Status update from 3: Heartbeat from crawler 3: Active
2025-04-28 23:48:20,440 - Master - INFO - Status update from 2: Heartbeat from crawler 2: Active
2025-04-28 23:48:21,665 - Master - INFO - Status update from 1: Heartbeat from crawler 1: Active
2025-04-28 23:48:22,279 - Master - INFO - Status update from 3: Heartbeat from crawler 3: Active
2025-04-28 23:48:23,818 - Master - INFO - Status update from 2: Heartbeat from crawler 2: Active
2025-04-28 23:48:25,043 - Master - INFO - Status update from 3: Heartbeat from crawler 3: Active
2025-04-28 23:48:26,323 - Master - INFO - Status update from 2: Heartbeat from crawler 2: Active
2025-04-28 23:48:26,940 - Master - INFO - Status update from 1: Heartbeat from crawler 1: Active
2025-04-28 23:48:27,917 - Master - INFO - Assigned URL  to crawler 2.
2025-04-28 23:48:28,350 - Master - INFO - Status update from 3: Heartbeat from crawler 3: Active
2025-04-28 23:48:28,779 - Master - ERROR - Error from 2: Error crawling : Invalid URL '': No scheme supplied. Perhaps you meant https://?
2025-04-28 23:48:30,078 - Master - INFO - Status update from 2: Heartbeat from crawler 2: Active
2025-04-28 23:48:31,363 - Master - INFO - Status update from 1: Heartbeat from crawler 1: Active
2025-04-28 23:48:31,793 - Master - INFO - Status update from 3: Heartbeat from crawler 3: Active
2025-04-28 23:48:32,224 - Master - WARNING - Task timeout for crawler 1 on URL: 
2025-04-28 23:48:32,224 - Master - ERROR - Error sending message to SQS: Parameter validation failed:
Invalid type for parameter MessageAttributes.type, value: retry, type: <class 'str'>, valid types: <class 'dict'>
Invalid type for parameter MessageAttributes.failed_node, value: 1, type: <class 'str'>, valid types: <class 'dict'>
2025-04-28 23:48:34,092 - Master - INFO - Status update from 1: Heartbeat from crawler 1: Active
2025-04-28 23:48:35,335 - Master - INFO - Status update from 3: Heartbeat from crawler 3: Active
2025-04-28 23:48:35,959 - Master - INFO - Status update from 1: Heartbeat from crawler 1: Active
2025-04-28 23:48:36,581 - Master - INFO - Status update from 2: Heartbeat from crawler 2: Active
2025-04-28 23:48:38,492 - Master - INFO - Status update from 2: Heartbeat from crawler 2: Active
2025-04-28 23:48:39,138 - Master - INFO - Status update from 1: Heartbeat from crawler 1: Active
2025-04-28 23:48:39,772 - Master - INFO - Status update from 3: Heartbeat from crawler 3: Active
2025-04-28 23:48:41,645 - Master - INFO - Status update from 1: Heartbeat from crawler 1: Active
2025-04-28 23:48:43,031 - Master - INFO - Status update from 2: Heartbeat from crawler 2: Active
2025-04-28 23:48:44,315 - Master - INFO - Status update from 3: Heartbeat from crawler 3: Active
2025-04-28 23:48:46,222 - Master - INFO - Status update from 1: Heartbeat from crawler 1: Active
2025-04-28 23:48:46,838 - Master - INFO - Status update from 3: Heartbeat from crawler 3: Active
2025-04-28 23:48:47,449 - Master - INFO - Status update from 2: Heartbeat from crawler 2: Active
2025-04-28 23:48:48,064 - Master - INFO - Status update from 1: Heartbeat from crawler 1: Active
2025-04-28 23:48:49,290 - Master - INFO - Status update from 3: Heartbeat from crawler 3: Active
2025-04-28 23:48:49,911 - Master - INFO - Status update from 2: Heartbeat from crawler 2: Active
2025-04-28 23:48:52,366 - Master - INFO - Status update from 1: Heartbeat from crawler 1: Active
2025-04-28 23:48:52,980 - Master - INFO - Status update from 3: Heartbeat from crawler 3: Active
2025-04-28 23:48:54,218 - Master - INFO - Status update from 2: Heartbeat from crawler 2: Active
2025-04-28 23:48:56,663 - Master - INFO - Status update from 1: Heartbeat from crawler 1: Active
2025-04-28 23:48:57,278 - Master - INFO - Status update from 3: Heartbeat from crawler 3: Active
2025-04-28 23:48:58,504 - Master - WARNING - Task timeout for crawler 2 on URL: 
2025-04-28 23:48:58,504 - Master - ERROR - Error sending message to SQS: Parameter validation failed:
Invalid type for parameter MessageAttributes.type, value: retry, type: <class 'str'>, valid types: <class 'dict'>
Invalid type for parameter MessageAttributes.failed_node, value: 2, type: <class 'str'>, valid types: <class 'dict'>
2025-04-28 23:48:58,506 - Master - INFO - Status update from 2: Heartbeat from crawler 2: Active
2025-04-28 23:48:59,331 - Master - INFO - Sending shutdown signals to crawler nodes...
2025-04-28 23:48:59,331 - Master - INFO - Shutdown signal sent to crawler 1
2025-04-28 23:48:59,331 - Master - INFO - Shutdown signal sent to crawler 2
2025-04-28 23:48:59,332 - Master - INFO - Shutdown signal sent to crawler 3
2025-04-28 23:48:59,332 - Master - INFO - Sending shutdown signal to indexer node...
2025-04-28 23:48:59,385 - Master - INFO - Master node shutting down. Total URLs processed: 0
2025-04-28 23:48:59,385 - Master - INFO - Crawled: 0, Indexed: 0, Failed: 5
2025-04-28 23:54:02,646 - Master - INFO - Master node started with rank 0 of 5
2025-04-28 23:54:02,646 - Master - INFO - Active Crawler Nodes: [1, 2, 3]
2025-04-28 23:54:02,646 - Master - INFO - Indexer Node: 4
2025-04-28 23:54:02,755 - Master - INFO - Found credentials in shared credentials file: ~/.aws/credentials
2025-04-28 23:54:04,146 - Master - INFO - CloudQueue initialized with SQS queues: crawler-url-queue, crawler-status-queue
2025-04-28 23:54:04,146 - Master - INFO - Task queue initialized in cloud mode
2025-04-28 23:54:04,147 - Master - ERROR - Error sending message to SQS: Parameter validation failed:
Missing required parameter in MessageAttributes.MessageAttributes: "DataType"
Unknown parameter in MessageAttributes.MessageAttributes: "type", must be one of: StringValue, BinaryValue, StringListValues, BinaryListValues, DataType
2025-04-28 23:54:04,148 - Master - ERROR - Error sending message to SQS: Parameter validation failed:
Missing required parameter in MessageAttributes.MessageAttributes: "DataType"
Unknown parameter in MessageAttributes.MessageAttributes: "type", must be one of: StringValue, BinaryValue, StringListValues, BinaryListValues, DataType
2025-04-28 23:54:04,149 - Master - ERROR - Error sending message to SQS: Parameter validation failed:
Missing required parameter in MessageAttributes.MessageAttributes: "DataType"
Unknown parameter in MessageAttributes.MessageAttributes: "type", must be one of: StringValue, BinaryValue, StringListValues, BinaryListValues, DataType
2025-04-28 23:54:04,150 - Master - ERROR - Error sending message to SQS: Parameter validation failed:
Missing required parameter in MessageAttributes.MessageAttributes: "DataType"
Unknown parameter in MessageAttributes.MessageAttributes: "type", must be one of: StringValue, BinaryValue, StringListValues, BinaryListValues, DataType
2025-04-28 23:54:04,151 - Master - ERROR - Error sending message to SQS: Parameter validation failed:
Missing required parameter in MessageAttributes.MessageAttributes: "DataType"
Unknown parameter in MessageAttributes.MessageAttributes: "type", must be one of: StringValue, BinaryValue, StringListValues, BinaryListValues, DataType
2025-04-28 23:54:04,151 - Master - INFO - Added 5 seed URLs to the task queue
2025-04-28 23:54:04,297 - Master - INFO - Sending shutdown signals to crawler nodes...
2025-04-28 23:54:04,298 - Master - INFO - Shutdown signal sent to crawler 1
2025-04-28 23:54:04,298 - Master - INFO - Shutdown signal sent to crawler 2
2025-04-28 23:54:04,299 - Master - INFO - Shutdown signal sent to crawler 3
2025-04-28 23:54:04,299 - Master - INFO - Sending shutdown signal to indexer node...
2025-04-28 23:54:04,300 - Master - INFO - Master node shutting down. Total URLs processed: 0
2025-04-28 23:54:04,301 - Master - INFO - Crawled: 0, Indexed: 0, Failed: 0
2025-04-28 23:54:35,215 - Master - INFO - Master node started with rank 0 of 5
2025-04-28 23:54:35,215 - Master - INFO - Active Crawler Nodes: [1, 2, 3]
2025-04-28 23:54:35,215 - Master - INFO - Indexer Node: 4
2025-04-28 23:54:35,339 - Master - INFO - Found credentials in shared credentials file: ~/.aws/credentials
2025-04-28 23:54:36,816 - Master - INFO - CloudQueue initialized with SQS queues: crawler-url-queue, crawler-status-queue
2025-04-28 23:54:36,817 - Master - INFO - Task queue initialized in cloud mode
2025-04-28 23:54:36,817 - Master - ERROR - Error sending message to SQS: Parameter validation failed:
Missing required parameter in MessageAttributes.MessageAttributes: "DataType"
Unknown parameter in MessageAttributes.MessageAttributes: "type", must be one of: StringValue, BinaryValue, StringListValues, BinaryListValues, DataType
2025-04-28 23:54:36,819 - Master - ERROR - Error sending message to SQS: Parameter validation failed:
Missing required parameter in MessageAttributes.MessageAttributes: "DataType"
Unknown parameter in MessageAttributes.MessageAttributes: "type", must be one of: StringValue, BinaryValue, StringListValues, BinaryListValues, DataType
2025-04-28 23:54:36,819 - Master - ERROR - Error sending message to SQS: Parameter validation failed:
Missing required parameter in MessageAttributes.MessageAttributes: "DataType"
Unknown parameter in MessageAttributes.MessageAttributes: "type", must be one of: StringValue, BinaryValue, StringListValues, BinaryListValues, DataType
2025-04-28 23:54:36,821 - Master - ERROR - Error sending message to SQS: Parameter validation failed:
Missing required parameter in MessageAttributes.MessageAttributes: "DataType"
Unknown parameter in MessageAttributes.MessageAttributes: "type", must be one of: StringValue, BinaryValue, StringListValues, BinaryListValues, DataType
2025-04-28 23:54:36,822 - Master - ERROR - Error sending message to SQS: Parameter validation failed:
Missing required parameter in MessageAttributes.MessageAttributes: "DataType"
Unknown parameter in MessageAttributes.MessageAttributes: "type", must be one of: StringValue, BinaryValue, StringListValues, BinaryListValues, DataType
2025-04-28 23:54:36,822 - Master - INFO - Added 5 seed URLs to the task queue
2025-04-28 23:54:36,967 - Master - INFO - Sending shutdown signals to crawler nodes...
2025-04-28 23:54:36,968 - Master - INFO - Shutdown signal sent to crawler 1
2025-04-28 23:54:36,969 - Master - INFO - Shutdown signal sent to crawler 2
2025-04-28 23:54:36,969 - Master - INFO - Shutdown signal sent to crawler 3
2025-04-28 23:54:36,970 - Master - INFO - Sending shutdown signal to indexer node...
2025-04-28 23:54:36,971 - Master - INFO - Master node shutting down. Total URLs processed: 0
2025-04-28 23:54:36,971 - Master - INFO - Crawled: 0, Indexed: 0, Failed: 0
2025-04-28 23:55:19,904 - Master - INFO - Master node started with rank 0 of 5
2025-04-28 23:55:19,905 - Master - INFO - Active Crawler Nodes: [1, 2, 3]
2025-04-28 23:55:19,906 - Master - INFO - Indexer Node: 4
2025-04-28 23:55:20,003 - Master - INFO - Found credentials in shared credentials file: ~/.aws/credentials
2025-04-28 23:55:21,339 - Master - INFO - CloudQueue initialized with SQS queues: crawler-url-queue, crawler-status-queue
2025-04-28 23:55:21,339 - Master - INFO - Task queue initialized in cloud mode
2025-04-28 23:55:21,341 - Master - ERROR - Error sending message to SQS: Parameter validation failed:
Missing required parameter in MessageAttributes.MessageAttributes: "DataType"
Unknown parameter in MessageAttributes.MessageAttributes: "type", must be one of: StringValue, BinaryValue, StringListValues, BinaryListValues, DataType
2025-04-28 23:55:21,342 - Master - ERROR - Error sending message to SQS: Parameter validation failed:
Missing required parameter in MessageAttributes.MessageAttributes: "DataType"
Unknown parameter in MessageAttributes.MessageAttributes: "type", must be one of: StringValue, BinaryValue, StringListValues, BinaryListValues, DataType
2025-04-28 23:55:21,343 - Master - ERROR - Error sending message to SQS: Parameter validation failed:
Missing required parameter in MessageAttributes.MessageAttributes: "DataType"
Unknown parameter in MessageAttributes.MessageAttributes: "type", must be one of: StringValue, BinaryValue, StringListValues, BinaryListValues, DataType
2025-04-28 23:55:21,343 - Master - ERROR - Error sending message to SQS: Parameter validation failed:
Missing required parameter in MessageAttributes.MessageAttributes: "DataType"
Unknown parameter in MessageAttributes.MessageAttributes: "type", must be one of: StringValue, BinaryValue, StringListValues, BinaryListValues, DataType
2025-04-28 23:55:21,344 - Master - ERROR - Error sending message to SQS: Parameter validation failed:
Missing required parameter in MessageAttributes.MessageAttributes: "DataType"
Unknown parameter in MessageAttributes.MessageAttributes: "type", must be one of: StringValue, BinaryValue, StringListValues, BinaryListValues, DataType
2025-04-28 23:55:21,345 - Master - INFO - Added 5 seed URLs to the task queue
2025-04-28 23:55:21,489 - Master - INFO - Sending shutdown signals to crawler nodes...
2025-04-28 23:55:21,490 - Master - INFO - Shutdown signal sent to crawler 1
2025-04-28 23:55:21,490 - Master - INFO - Shutdown signal sent to crawler 2
2025-04-28 23:55:21,492 - Master - INFO - Shutdown signal sent to crawler 3
2025-04-28 23:55:21,492 - Master - INFO - Sending shutdown signal to indexer node...
2025-04-28 23:55:21,494 - Master - INFO - Master node shutting down. Total URLs processed: 0
2025-04-28 23:55:21,494 - Master - INFO - Crawled: 0, Indexed: 0, Failed: 0
2025-04-28 23:56:30,942 - Master - INFO - Master node started with rank 0 of 5
2025-04-28 23:56:30,942 - Master - INFO - Active Crawler Nodes: [1, 2, 3]
2025-04-28 23:56:30,942 - Master - INFO - Indexer Node: 4
2025-04-28 23:56:31,062 - Master - INFO - Found credentials in shared credentials file: ~/.aws/credentials
2025-04-28 23:56:32,340 - Master - INFO - CloudQueue initialized with SQS queues: crawler-url-queue, crawler-status-queue
2025-04-28 23:56:32,340 - Master - INFO - Task queue initialized in cloud mode
2025-04-28 23:56:32,341 - Master - ERROR - Error sending message to SQS: Parameter validation failed:
Missing required parameter in MessageAttributes.MessageAttributes: "DataType"
Unknown parameter in MessageAttributes.MessageAttributes: "type", must be one of: StringValue, BinaryValue, StringListValues, BinaryListValues, DataType
2025-04-28 23:56:32,342 - Master - ERROR - Error sending message to SQS: Parameter validation failed:
Missing required parameter in MessageAttributes.MessageAttributes: "DataType"
Unknown parameter in MessageAttributes.MessageAttributes: "type", must be one of: StringValue, BinaryValue, StringListValues, BinaryListValues, DataType
2025-04-28 23:56:32,343 - Master - ERROR - Error sending message to SQS: Parameter validation failed:
Missing required parameter in MessageAttributes.MessageAttributes: "DataType"
Unknown parameter in MessageAttributes.MessageAttributes: "type", must be one of: StringValue, BinaryValue, StringListValues, BinaryListValues, DataType
2025-04-28 23:56:32,344 - Master - ERROR - Error sending message to SQS: Parameter validation failed:
Missing required parameter in MessageAttributes.MessageAttributes: "DataType"
Unknown parameter in MessageAttributes.MessageAttributes: "type", must be one of: StringValue, BinaryValue, StringListValues, BinaryListValues, DataType
2025-04-28 23:56:32,348 - Master - ERROR - Error sending message to SQS: Parameter validation failed:
Missing required parameter in MessageAttributes.MessageAttributes: "DataType"
Unknown parameter in MessageAttributes.MessageAttributes: "type", must be one of: StringValue, BinaryValue, StringListValues, BinaryListValues, DataType
2025-04-28 23:56:32,349 - Master - INFO - Added 5 seed URLs to the task queue
2025-04-28 23:56:32,494 - Master - INFO - Sending shutdown signals to crawler nodes...
2025-04-28 23:56:32,496 - Master - INFO - Shutdown signal sent to crawler 1
2025-04-28 23:56:32,497 - Master - INFO - Shutdown signal sent to crawler 2
2025-04-28 23:56:32,497 - Master - INFO - Shutdown signal sent to crawler 3
2025-04-28 23:56:32,497 - Master - INFO - Sending shutdown signal to indexer node...
2025-04-28 23:56:32,499 - Master - INFO - Master node shutting down. Total URLs processed: 0
2025-04-28 23:56:32,499 - Master - INFO - Crawled: 0, Indexed: 0, Failed: 0
2025-04-28 23:59:00,126 - Master - INFO - Master node started with rank 0 of 5
2025-04-28 23:59:00,127 - Master - INFO - Active Crawler Nodes: [1, 2, 3]
2025-04-28 23:59:00,128 - Master - INFO - Indexer Node: 4
2025-04-28 23:59:00,339 - Master - INFO - Found credentials in shared credentials file: ~/.aws/credentials
2025-04-28 23:59:01,802 - Master - INFO - CloudQueue initialized with SQS queues: crawler-url-queue, crawler-status-queue
2025-04-28 23:59:01,802 - Master - INFO - Task queue initialized in cloud mode
2025-04-28 23:59:02,564 - Master - INFO - Added 5 seed URLs to the task queue
2025-04-28 23:59:02,706 - Master - INFO - Sending shutdown signals to crawler nodes...
2025-04-28 23:59:02,707 - Master - INFO - Shutdown signal sent to crawler 1
2025-04-28 23:59:02,707 - Master - INFO - Shutdown signal sent to crawler 2
2025-04-28 23:59:02,707 - Master - INFO - Shutdown signal sent to crawler 3
2025-04-28 23:59:02,707 - Master - INFO - Sending shutdown signal to indexer node...
2025-04-28 23:59:02,709 - Master - INFO - Master node shutting down. Total URLs processed: 0
2025-04-28 23:59:02,709 - Master - INFO - Crawled: 0, Indexed: 0, Failed: 0
2025-04-28 23:59:36,908 - Master - INFO - Master node started with rank 0 of 5
2025-04-28 23:59:36,908 - Master - INFO - Active Crawler Nodes: [1, 2, 3]
2025-04-28 23:59:36,908 - Master - INFO - Indexer Node: 4
2025-04-28 23:59:37,010 - Master - INFO - Found credentials in shared credentials file: ~/.aws/credentials
2025-04-28 23:59:38,407 - Master - INFO - CloudQueue initialized with SQS queues: crawler-url-queue, crawler-status-queue
2025-04-28 23:59:38,408 - Master - INFO - Task queue initialized in cloud mode
2025-04-28 23:59:39,133 - Master - INFO - Added 5 seed URLs to the task queue
2025-04-28 23:59:39,561 - Master - INFO - Assigned URL  to crawler 1.
2025-04-28 23:59:39,846 - Master - INFO - Assigned URL  to crawler 2.
2025-04-28 23:59:40,141 - Master - INFO - Assigned URL  to crawler 3.
2025-04-28 23:59:40,383 - Master - INFO - Status update from 3: Heartbeat from crawler 3: Active
2025-04-28 23:59:40,622 - Master - INFO - Status update from 2: Heartbeat from crawler 2: Active
2025-04-28 23:59:40,864 - Master - INFO - Status update from 1: Heartbeat from crawler 1: Active
2025-04-28 23:59:41,108 - Master - ERROR - Error from 1: Error crawling : Invalid URL '': No scheme supplied. Perhaps you meant https://?
2025-04-28 23:59:41,349 - Master - ERROR - Error from 2: Error crawling : Invalid URL '': No scheme supplied. Perhaps you meant https://?
2025-04-28 23:59:41,591 - Master - INFO - Status update from 1: Heartbeat from crawler 1: Active
2025-04-28 23:59:41,833 - Master - INFO - Status update from 2: Heartbeat from crawler 2: Active
2025-04-28 23:59:42,074 - Master - ERROR - Error from 3: Error crawling : Invalid URL '': No scheme supplied. Perhaps you meant https://?
2025-04-28 23:59:42,315 - Master - INFO - Status update from 3: Heartbeat from crawler 3: Active
2025-04-28 23:59:42,794 - Master - INFO - Status update from 3: Heartbeat from crawler 3: Active
2025-04-28 23:59:43,531 - Master - INFO - Status update from 2: Heartbeat from crawler 2: Active
2025-04-28 23:59:45,452 - Master - INFO - Status update from 1: Heartbeat from crawler 1: Active
2025-04-28 23:59:46,899 - Master - INFO - Status update from 3: Heartbeat from crawler 3: Active
2025-04-28 23:59:47,379 - Master - INFO - Status update from 2: Heartbeat from crawler 2: Active
2025-04-28 23:59:47,860 - Master - INFO - Status update from 1: Heartbeat from crawler 1: Active
2025-04-28 23:59:50,262 - Master - INFO - Status update from 3: Heartbeat from crawler 3: Active
2025-04-28 23:59:51,710 - Master - INFO - Status update from 1: Heartbeat from crawler 1: Active
2025-04-28 23:59:52,191 - Master - INFO - Status update from 2: Heartbeat from crawler 2: Active
2025-04-28 23:59:54,412 - Master - INFO - Status update from 1: Heartbeat from crawler 1: Active
2025-04-28 23:59:54,664 - Master - INFO - Status update from 3: Heartbeat from crawler 3: Active
2025-04-28 23:59:57,165 - Master - INFO - Status update from 1: Heartbeat from crawler 1: Active
2025-04-28 23:59:57,407 - Master - INFO - Status update from 2: Heartbeat from crawler 2: Active
2025-04-28 23:59:58,613 - Master - INFO - Status update from 3: Heartbeat from crawler 3: Active
2025-04-29 00:00:00,544 - Master - INFO - Status update from 3: Heartbeat from crawler 3: Active
2025-04-29 00:00:01,027 - Master - INFO - Status update from 1: Heartbeat from crawler 1: Active
2025-04-29 00:00:01,269 - Master - INFO - Status update from 2: Heartbeat from crawler 2: Active
2025-04-29 00:00:03,686 - Master - INFO - Status update from 2: Heartbeat from crawler 2: Active
2025-04-29 00:00:04,170 - Master - INFO - Status update from 1: Heartbeat from crawler 1: Active
2025-04-29 00:00:05,138 - Master - INFO - Status update from 3: Heartbeat from crawler 3: Active
2025-04-29 00:00:07,552 - Master - INFO - Status update from 1: Heartbeat from crawler 1: Active
2025-04-29 00:00:07,795 - Master - INFO - Status update from 3: Heartbeat from crawler 3: Active
2025-04-29 00:00:08,517 - Master - INFO - Status update from 2: Heartbeat from crawler 2: Active
2025-04-29 00:00:09,488 - Master - INFO - Status update from 3: Heartbeat from crawler 3: Active
2025-04-29 00:00:09,730 - Master - WARNING - Task timeout for crawler 1 on URL: 
2025-04-29 00:00:09,873 - Master - ERROR - Error sending message to SQS: An error occurred (MissingParameter) when calling the SendMessage operation: The request must contain the parameter MessageBody.
2025-04-29 00:00:28,549 - Master - INFO - Master node started with rank 0 of 5
2025-04-29 00:00:28,549 - Master - INFO - Active Crawler Nodes: [1, 2, 3]
2025-04-29 00:00:28,549 - Master - INFO - Indexer Node: 4
2025-04-29 00:00:28,777 - Master - INFO - Found credentials in shared credentials file: ~/.aws/credentials
2025-04-29 00:00:30,188 - Master - INFO - CloudQueue initialized with SQS queues: crawler-url-queue, crawler-status-queue
2025-04-29 00:00:30,188 - Master - INFO - Task queue initialized in cloud mode
2025-04-29 00:00:30,908 - Master - INFO - Added 5 seed URLs to the task queue
2025-04-29 00:00:31,334 - Master - INFO - Assigned URL  to crawler 1.
2025-04-29 00:00:31,615 - Master - INFO - Assigned URL  to crawler 2.
2025-04-29 00:00:31,900 - Master - INFO - Assigned URL  to crawler 3.
2025-04-29 00:00:32,142 - Master - INFO - Status update from 1: Heartbeat from crawler 1: Active
2025-04-29 00:00:32,382 - Master - INFO - Status update from 1: Heartbeat from crawler 1: Active
2025-04-29 00:00:32,622 - Master - INFO - Status update from 2: Heartbeat from crawler 2: Active
2025-04-29 00:00:32,861 - Master - INFO - Status update from 2: Heartbeat from crawler 2: Active
2025-04-29 00:00:33,101 - Master - INFO - Status update from 3: Heartbeat from crawler 3: Active
2025-04-29 00:00:33,343 - Master - INFO - Status update from 3: Heartbeat from crawler 3: Active
2025-04-29 00:00:33,582 - Master - ERROR - Error from 1: Error crawling : Invalid URL '': No scheme supplied. Perhaps you meant https://?
2025-04-29 00:00:33,824 - Master - ERROR - Error from 2: Error crawling : Invalid URL '': No scheme supplied. Perhaps you meant https://?
2025-04-29 00:00:34,065 - Master - ERROR - Error from 3: Error crawling : Invalid URL '': No scheme supplied. Perhaps you meant https://?
2025-04-29 00:00:34,305 - Master - INFO - Status update from 3: Heartbeat from crawler 3: Active
2025-04-29 00:00:34,544 - Master - INFO - Status update from 2: Heartbeat from crawler 2: Active
2025-04-29 00:00:34,785 - Master - INFO - Status update from 1: Heartbeat from crawler 1: Active
2025-04-29 00:00:37,273 - Master - INFO - Status update from 2: Heartbeat from crawler 2: Active
2025-04-29 00:00:38,234 - Master - INFO - Status update from 3: Heartbeat from crawler 3: Active
2025-04-29 00:00:38,716 - Master - INFO - Status update from 1: Heartbeat from crawler 1: Active
2025-04-29 00:00:40,160 - Master - INFO - Status update from 3: Heartbeat from crawler 3: Active
2025-04-29 00:00:40,399 - Master - INFO - Status update from 2: Heartbeat from crawler 2: Active
2025-04-29 00:00:43,551 - Master - INFO - Status update from 1: Heartbeat from crawler 1: Active
2025-04-29 00:00:43,794 - Master - INFO - Status update from 3: Heartbeat from crawler 3: Active
2025-04-29 00:00:44,036 - Master - INFO - Status update from 2: Heartbeat from crawler 2: Active
2025-04-29 00:00:46,943 - Master - INFO - Status update from 2: Heartbeat from crawler 2: Active
2025-04-29 00:00:47,665 - Master - INFO - Status update from 1: Heartbeat from crawler 1: Active
2025-04-29 00:00:48,864 - Master - INFO - Status update from 3: Heartbeat from crawler 3: Active
2025-04-29 00:00:49,833 - Master - INFO - Status update from 2: Heartbeat from crawler 2: Active
2025-04-29 00:00:52,241 - Master - INFO - Status update from 1: Heartbeat from crawler 1: Active
2025-04-29 00:00:52,721 - Master - INFO - Status update from 3: Heartbeat from crawler 3: Active
2025-04-29 00:00:53,205 - Master - INFO - Status update from 2: Heartbeat from crawler 2: Active
2025-04-29 00:00:55,153 - Master - INFO - Status update from 1: Heartbeat from crawler 1: Active
2025-04-29 00:00:56,114 - Master - INFO - Status update from 2: Heartbeat from crawler 2: Active
2025-04-29 00:00:56,839 - Master - INFO - Status update from 3: Heartbeat from crawler 3: Active
2025-04-29 00:00:59,006 - Master - INFO - Status update from 3: Heartbeat from crawler 3: Active
2025-04-29 00:00:59,248 - Master - INFO - Status update from 1: Heartbeat from crawler 1: Active
2025-04-29 00:01:00,935 - Master - INFO - Status update from 2: Heartbeat from crawler 2: Active
2025-04-29 00:01:01,418 - Master - WARNING - Task timeout for crawler 1 on URL: 
2025-04-29 00:01:01,558 - Master - ERROR - Error sending message to SQS: An error occurred (MissingParameter) when calling the SendMessage operation: The request must contain the parameter MessageBody.
2025-04-29 00:01:01,860 - Master - INFO - Assigned URL  to crawler 1.
2025-04-29 00:01:02,103 - Master - WARNING - Task timeout for crawler 2 on URL: 
2025-04-29 00:01:02,241 - Master - ERROR - Error sending message to SQS: An error occurred (MissingParameter) when calling the SendMessage operation: The request must contain the parameter MessageBody.
2025-04-29 00:01:02,244 - Master - WARNING - Task timeout for crawler 3 on URL: 
2025-04-29 00:01:02,384 - Master - ERROR - Error sending message to SQS: An error occurred (MissingParameter) when calling the SendMessage operation: The request must contain the parameter MessageBody.
2025-04-29 00:01:02,385 - Master - ERROR - Error from 1: Error crawling : Invalid URL '': No scheme supplied. Perhaps you meant https://?
2025-04-29 00:01:02,672 - Master - INFO - Assigned URL  to crawler 2.
2025-04-29 00:01:02,955 - Master - INFO - Assigned URL  to crawler 3.
2025-04-29 00:01:03,198 - Master - ERROR - Error from 3: Error crawling : Invalid URL '': No scheme supplied. Perhaps you meant https://?
2025-04-29 00:01:03,439 - Master - ERROR - Error from 2: Error crawling : Invalid URL '': No scheme supplied. Perhaps you meant https://?
2025-04-29 00:01:03,681 - Master - INFO - Status update from 1: Heartbeat from crawler 1: Active
2025-04-29 00:01:03,921 - Master - INFO - Status update from 3: Heartbeat from crawler 3: Active
2025-04-29 00:01:05,121 - Master - INFO - Status update from 2: Heartbeat from crawler 2: Active
2025-04-29 00:01:06,806 - Master - INFO - Status update from 1: Heartbeat from crawler 1: Active
2025-04-29 00:01:07,952 - Master - INFO - Status update from 2: Heartbeat from crawler 2: Active
2025-04-29 00:01:08,193 - Master - INFO - Status update from 3: Heartbeat from crawler 3: Active
2025-04-29 00:01:10,845 - Master - INFO - Status update from 1: Heartbeat from crawler 1: Active
2025-04-29 00:01:12,085 - Master - INFO - Status update from 2: Heartbeat from crawler 2: Active
2025-04-29 00:01:12,326 - Master - INFO - Status update from 3: Heartbeat from crawler 3: Active
2025-04-29 00:01:14,011 - Master - INFO - Status update from 1: Heartbeat from crawler 1: Active
2025-04-29 00:01:16,432 - Master - INFO - Status update from 2: Heartbeat from crawler 2: Active
2025-04-29 00:01:16,673 - Master - INFO - Status update from 1: Heartbeat from crawler 1: Active
2025-04-29 00:01:16,916 - Master - INFO - Status update from 3: Heartbeat from crawler 3: Active
2025-04-29 00:01:19,176 - Master - INFO - Status update from 1: Heartbeat from crawler 1: Active
2025-04-29 00:01:20,626 - Master - INFO - Status update from 2: Heartbeat from crawler 2: Active
2025-04-29 00:01:21,589 - Master - INFO - Status update from 3: Heartbeat from crawler 3: Active
2025-04-29 00:01:23,520 - Master - INFO - Status update from 2: Heartbeat from crawler 2: Active
2025-04-29 00:01:24,000 - Master - INFO - Status update from 1: Heartbeat from crawler 1: Active
2025-04-29 00:01:26,168 - Master - INFO - Status update from 3: Heartbeat from crawler 3: Active
2025-04-29 00:01:26,408 - Master - INFO - Status update from 1: Heartbeat from crawler 1: Active
2025-04-29 00:01:28,549 - Master - INFO - Status update from 3: Heartbeat from crawler 3: Active
2025-04-29 00:01:28,791 - Master - INFO - Status update from 2: Heartbeat from crawler 2: Active
2025-04-29 00:01:30,957 - Master - INFO - Status update from 1: Heartbeat from crawler 1: Active
2025-04-29 00:01:31,437 - Master - INFO - Status update from 3: Heartbeat from crawler 3: Active
2025-04-29 00:01:31,678 - Master - INFO - Status update from 2: Heartbeat from crawler 2: Active
2025-04-29 00:01:31,918 - Master - WARNING - Task timeout for crawler 1 on URL: 
2025-04-29 00:01:32,057 - Master - ERROR - Error sending message to SQS: An error occurred (MissingParameter) when calling the SendMessage operation: The request must contain the parameter MessageBody.
2025-04-29 00:01:32,343 - Master - INFO - Assigned URL  to crawler 1.
2025-04-29 00:01:32,584 - Master - ERROR - Error from 1: Error crawling : Invalid URL '': No scheme supplied. Perhaps you meant https://?
2025-04-29 00:01:32,826 - Master - WARNING - Task timeout for crawler 2 on URL: 
2025-04-29 00:01:32,965 - Master - ERROR - Error sending message to SQS: An error occurred (MissingParameter) when calling the SendMessage operation: The request must contain the parameter MessageBody.
2025-04-29 00:01:33,258 - Master - INFO - Assigned URL  to crawler 2.
2025-04-29 00:01:33,500 - Master - WARNING - Task timeout for crawler 3 on URL: 
2025-04-29 00:01:33,638 - Master - ERROR - Error sending message to SQS: An error occurred (MissingParameter) when calling the SendMessage operation: The request must contain the parameter MessageBody.
2025-04-29 00:01:33,641 - Master - ERROR - Error from 2: Error crawling : Invalid URL '': No scheme supplied. Perhaps you meant https://?
2025-04-29 00:01:33,930 - Master - INFO - Assigned URL  to crawler 3.
2025-04-29 00:01:34,173 - Master - ERROR - Error from 3: Error crawling : Invalid URL '': No scheme supplied. Perhaps you meant https://?
2025-04-29 00:01:34,412 - Master - INFO - Status update from 3: Heartbeat from crawler 3: Active
2025-04-29 00:01:34,896 - Master - INFO - Status update from 1: Heartbeat from crawler 1: Active
2025-04-29 00:01:36,340 - Master - INFO - Status update from 2: Heartbeat from crawler 2: Active
2025-04-29 00:01:36,824 - Master - INFO - Status update from 3: Heartbeat from crawler 3: Active
2025-04-29 00:01:37,782 - Master - INFO - Status update from 1: Heartbeat from crawler 1: Active
2025-04-29 00:01:40,192 - Master - INFO - Status update from 2: Heartbeat from crawler 2: Active
2025-04-29 00:01:41,151 - Master - INFO - Status update from 3: Heartbeat from crawler 3: Active
2025-04-29 00:01:42,121 - Master - INFO - Status update from 1: Heartbeat from crawler 1: Active
2025-04-29 00:01:44,039 - Master - INFO - Status update from 1: Heartbeat from crawler 1: Active
2025-04-29 00:01:44,280 - Master - INFO - Status update from 3: Heartbeat from crawler 3: Active
2025-04-29 00:01:45,240 - Master - INFO - Status update from 2: Heartbeat from crawler 2: Active
2025-04-29 00:01:47,597 - Master - INFO - Status update from 3: Heartbeat from crawler 3: Active
2025-04-29 00:01:47,837 - Master - INFO - Status update from 1: Heartbeat from crawler 1: Active
2025-04-29 00:01:49,273 - Master - INFO - Status update from 2: Heartbeat from crawler 2: Active
2025-04-29 00:01:49,990 - Master - INFO - Status update from 3: Heartbeat from crawler 3: Active
2025-04-29 00:01:51,433 - Master - INFO - Status update from 1: Heartbeat from crawler 1: Active
2025-04-29 00:01:53,354 - Master - INFO - Status update from 2: Heartbeat from crawler 2: Active
2025-04-29 00:01:53,593 - Master - INFO - Status update from 1: Heartbeat from crawler 1: Active
2025-04-29 00:01:54,551 - Master - INFO - Status update from 3: Heartbeat from crawler 3: Active
2025-04-29 00:01:56,013 - Master - INFO - Status update from 2: Heartbeat from crawler 2: Active
2025-04-29 00:01:58,167 - Master - INFO - Status update from 1: Heartbeat from crawler 1: Active
2025-04-29 00:01:59,129 - Master - INFO - Status update from 2: Heartbeat from crawler 2: Active
2025-04-29 00:01:59,369 - Master - INFO - Status update from 3: Heartbeat from crawler 3: Active
2025-04-29 00:02:00,808 - Master - INFO - Status update from 1: Heartbeat from crawler 1: Active
2025-04-29 00:02:01,528 - Master - INFO - Status update from 3: Heartbeat from crawler 3: Active
2025-04-29 00:02:02,494 - Master - WARNING - Task timeout for crawler 1 on URL: 
2025-04-29 00:02:02,633 - Master - ERROR - Error sending message to SQS: An error occurred (MissingParameter) when calling the SendMessage operation: The request must contain the parameter MessageBody.
2025-04-29 00:02:02,918 - Master - INFO - Assigned URL  to crawler 1.
2025-04-29 00:02:03,162 - Master - INFO - Status update from 2: Heartbeat from crawler 2: Active
2025-04-29 00:02:03,400 - Master - WARNING - Task timeout for crawler 2 on URL: 
2025-04-29 00:02:03,539 - Master - ERROR - Error sending message to SQS: An error occurred (MissingParameter) when calling the SendMessage operation: The request must contain the parameter MessageBody.
2025-04-29 00:02:03,541 - Master - ERROR - Error from 1: Error crawling : Invalid URL '': No scheme supplied. Perhaps you meant https://?
2025-04-29 00:02:03,819 - Master - INFO - Assigned URL  to crawler 2.
2025-04-29 00:02:04,062 - Master - WARNING - Task timeout for crawler 3 on URL: 
2025-04-29 00:02:04,207 - Master - ERROR - Error sending message to SQS: An error occurred (MissingParameter) when calling the SendMessage operation: The request must contain the parameter MessageBody.
2025-04-29 00:02:04,209 - Master - INFO - Status update from 3: Heartbeat from crawler 3: Active
2025-04-29 00:02:04,493 - Master - INFO - Assigned URL  to crawler 3.
2025-04-29 00:02:04,735 - Master - ERROR - Error from 3: Error crawling : Invalid URL '': No scheme supplied. Perhaps you meant https://?
2025-04-29 00:02:04,978 - Master - ERROR - Error from 2: Error crawling : Invalid URL '': No scheme supplied. Perhaps you meant https://?
2025-04-29 00:02:05,219 - Master - INFO - Status update from 1: Heartbeat from crawler 1: Active
2025-04-29 00:02:05,460 - Master - INFO - Status update from 2: Heartbeat from crawler 2: Active
2025-04-29 00:02:06,897 - Master - INFO - Status update from 1: Heartbeat from crawler 1: Active
2025-04-29 00:02:08,568 - Master - INFO - Status update from 3: Heartbeat from crawler 3: Active
2025-04-29 00:02:09,526 - Master - INFO - Status update from 2: Heartbeat from crawler 2: Active
2025-04-29 00:02:10,498 - Master - INFO - Status update from 1: Heartbeat from crawler 1: Active
2025-04-29 00:02:12,417 - Master - INFO - Status update from 3: Heartbeat from crawler 3: Active
2025-04-29 00:02:14,331 - Master - INFO - Status update from 2: Heartbeat from crawler 2: Active
2025-04-29 00:02:15,048 - Master - INFO - Status update from 1: Heartbeat from crawler 1: Active
2025-04-29 00:02:16,006 - Master - INFO - Status update from 3: Heartbeat from crawler 3: Active
2025-04-29 00:02:16,483 - Master - INFO - Status update from 2: Heartbeat from crawler 2: Active
2025-04-29 00:02:17,921 - Master - INFO - Status update from 1: Heartbeat from crawler 1: Active
2025-04-29 00:02:20,793 - Master - INFO - Status update from 3: Heartbeat from crawler 3: Active
2025-04-29 00:02:21,032 - Master - INFO - Status update from 2: Heartbeat from crawler 2: Active
2025-04-29 00:02:22,229 - Master - INFO - Status update from 1: Heartbeat from crawler 1: Active
2025-04-29 00:02:23,438 - Master - INFO - Status update from 2: Heartbeat from crawler 2: Active
2025-04-29 00:02:24,155 - Master - INFO - Status update from 3: Heartbeat from crawler 3: Active
2025-04-29 00:02:25,360 - Master - INFO - Status update from 2: Heartbeat from crawler 2: Active
2025-04-29 00:02:26,652 - Master - INFO - Status update from 1: Heartbeat from crawler 1: Active
2025-04-29 00:02:28,861 - Master - INFO - Status update from 3: Heartbeat from crawler 3: Active
2025-04-29 00:02:29,342 - Master - INFO - Status update from 2: Heartbeat from crawler 2: Active
2025-04-29 00:02:30,302 - Master - INFO - Status update from 1: Heartbeat from crawler 1: Active
2025-04-29 00:02:32,952 - Master - WARNING - Task timeout for crawler 1 on URL: 
2025-04-29 00:02:33,091 - Master - ERROR - Error sending message to SQS: An error occurred (MissingParameter) when calling the SendMessage operation: The request must contain the parameter MessageBody.
2025-04-29 00:02:33,093 - Master - INFO - Status update from 3: Heartbeat from crawler 3: Active
2025-04-29 00:02:33,955 - Master - WARNING - Task timeout for crawler 2 on URL: 
2025-04-29 00:02:34,093 - Master - ERROR - Error sending message to SQS: An error occurred (MissingParameter) when calling the SendMessage operation: The request must contain the parameter MessageBody.
2025-04-29 00:02:34,713 - Master - WARNING - Task timeout for crawler 3 on URL: 
2025-04-29 00:02:34,854 - Master - ERROR - Error sending message to SQS: An error occurred (MissingParameter) when calling the SendMessage operation: The request must contain the parameter MessageBody.
2025-04-29 00:02:34,856 - Master - INFO - Status update from 2: Heartbeat from crawler 2: Active
2025-04-29 00:02:35,661 - Master - INFO - Sending shutdown signals to crawler nodes...
2025-04-29 00:02:35,661 - Master - INFO - Shutdown signal sent to crawler 1
2025-04-29 00:02:35,661 - Master - INFO - Shutdown signal sent to crawler 2
2025-04-29 00:02:35,661 - Master - INFO - Shutdown signal sent to crawler 3
2025-04-29 00:02:35,661 - Master - INFO - Sending shutdown signal to indexer node...
2025-04-29 00:02:35,663 - Master - INFO - Master node shutting down. Total URLs processed: 0
2025-04-29 00:02:35,663 - Master - INFO - Crawled: 0, Indexed: 0, Failed: 12
2025-04-29 00:02:48,007 - Master - INFO - Master node started with rank 0 of 5
2025-04-29 00:02:48,007 - Master - INFO - Active Crawler Nodes: [1, 2, 3]
2025-04-29 00:02:48,007 - Master - INFO - Indexer Node: 4
2025-04-29 00:02:48,130 - Master - INFO - Found credentials in shared credentials file: ~/.aws/credentials
2025-04-29 00:02:49,437 - Master - INFO - CloudQueue initialized with SQS queues: crawler-url-queue, crawler-status-queue
2025-04-29 00:02:49,437 - Master - INFO - Task queue initialized in cloud mode
2025-04-29 00:02:50,205 - Master - INFO - Added 5 seed URLs to the task queue
2025-04-29 00:02:50,345 - Master - INFO - Sending shutdown signals to crawler nodes...
2025-04-29 00:02:50,346 - Master - INFO - Shutdown signal sent to crawler 1
2025-04-29 00:02:50,346 - Master - INFO - Shutdown signal sent to crawler 2
2025-04-29 00:02:50,347 - Master - INFO - Shutdown signal sent to crawler 3
2025-04-29 00:02:50,347 - Master - INFO - Sending shutdown signal to indexer node...
2025-04-29 00:02:50,349 - Master - INFO - Master node shutting down. Total URLs processed: 0
2025-04-29 00:02:50,349 - Master - INFO - Crawled: 0, Indexed: 0, Failed: 0
2025-04-29 00:03:41,221 - Master - INFO - Master node started with rank 0 of 5
2025-04-29 00:03:41,221 - Master - INFO - Active Crawler Nodes: [1, 2, 3]
2025-04-29 00:03:41,222 - Master - INFO - Indexer Node: 4
2025-04-29 00:03:41,304 - Master - INFO - Found credentials in shared credentials file: ~/.aws/credentials
2025-04-29 00:03:42,666 - Master - INFO - CloudQueue initialized with SQS queues: crawler-url-queue, crawler-status-queue
2025-04-29 00:03:42,666 - Master - INFO - Task queue initialized in cloud mode
2025-04-29 00:03:43,426 - Master - INFO - Added 5 seed URLs to the task queue
2025-04-29 00:03:43,725 - Master - WARNING - Received invalid URL from queue: ''. Skipping.
2025-04-29 00:03:44,010 - Master - WARNING - Received invalid URL from queue: ''. Skipping.
2025-04-29 00:03:44,297 - Master - WARNING - Received invalid URL from queue: ''. Skipping.
2025-04-29 00:03:44,678 - Master - INFO - Status update from 2: Heartbeat from crawler 2: Active
2025-04-29 00:03:44,819 - Master - WARNING - Received invalid URL from queue: ''. Skipping.
2025-04-29 00:03:45,123 - Master - WARNING - Received invalid URL from queue: ''. Skipping.
2025-04-29 00:03:45,407 - Master - WARNING - Received invalid URL from queue: ''. Skipping.
2025-04-29 00:03:45,802 - Master - INFO - Status update from 2: Heartbeat from crawler 2: Active
2025-04-29 00:03:45,958 - Master - WARNING - Received invalid URL from queue: ''. Skipping.
2025-04-29 00:03:46,240 - Master - WARNING - Received invalid URL from queue: ''. Skipping.
2025-04-29 00:03:46,529 - Master - WARNING - Received invalid URL from queue: ''. Skipping.
2025-04-29 00:03:47,080 - Master - WARNING - Received invalid URL from queue: ''. Skipping.
2025-04-29 00:03:47,835 - Master - INFO - Status update from 1: Heartbeat from crawler 1: Active
2025-04-29 00:03:48,647 - Master - INFO - Status update from 1: Heartbeat from crawler 1: Active
2025-04-29 00:03:49,454 - Master - INFO - Status update from 1: Heartbeat from crawler 1: Active
2025-04-29 00:03:50,351 - Master - INFO - Status update from 2: Heartbeat from crawler 2: Active
2025-04-29 00:03:51,964 - Master - INFO - Status update from 3: Heartbeat from crawler 3: Active
2025-04-29 00:03:52,766 - Master - INFO - Sending shutdown signals to crawler nodes...
2025-04-29 00:03:52,766 - Master - INFO - Shutdown signal sent to crawler 1
2025-04-29 00:03:52,766 - Master - INFO - Shutdown signal sent to crawler 2
2025-04-29 00:03:52,767 - Master - INFO - Shutdown signal sent to crawler 3
2025-04-29 00:03:52,767 - Master - INFO - Sending shutdown signal to indexer node...
2025-04-29 00:03:52,769 - Master - INFO - Master node shutting down. Total URLs processed: 0
2025-04-29 00:03:52,769 - Master - INFO - Crawled: 0, Indexed: 0, Failed: 0
2025-04-29 00:36:07,351 - Master - INFO - Master node started with rank 0 of 5
2025-04-29 00:36:07,352 - Master - INFO - Active Crawler Nodes: [1, 2, 3]
2025-04-29 00:36:07,352 - Master - INFO - Indexer Node: 4
2025-04-29 00:36:07,625 - Master - INFO - Found credentials in shared credentials file: ~/.aws/credentials
2025-04-29 00:36:09,069 - Master - INFO - CloudQueue initialized with SQS queues: crawler-url-queue, crawler-status-queue
2025-04-29 00:36:09,069 - Master - INFO - Task queue initialized in cloud mode
2025-04-29 00:36:09,819 - Master - INFO - Added 5 seed URLs to the task queue
2025-04-29 00:36:10,117 - Master - WARNING - Received invalid URL from queue: ''. Skipping.
2025-04-29 00:36:10,404 - Master - WARNING - Received invalid URL from queue: ''. Skipping.
2025-04-29 00:36:10,691 - Master - WARNING - Received invalid URL from queue: ''. Skipping.
2025-04-29 00:36:11,077 - Master - INFO - Status update from 2: Heartbeat from crawler 2: Active
2025-04-29 00:36:11,221 - Master - WARNING - Received invalid URL from queue: ''. Skipping.
2025-04-29 00:36:11,504 - Master - WARNING - Received invalid URL from queue: ''. Skipping.
2025-04-29 00:36:11,815 - Master - WARNING - Received invalid URL from queue: ''. Skipping.
2025-04-29 00:36:12,199 - Master - INFO - Status update from 2: Heartbeat from crawler 2: Active
2025-04-29 00:36:12,339 - Master - WARNING - Received invalid URL from queue: ''. Skipping.
2025-04-29 00:36:12,625 - Master - WARNING - Received invalid URL from queue: ''. Skipping.
2025-04-29 00:36:12,910 - Master - WARNING - Received invalid URL from queue: ''. Skipping.
2025-04-29 00:36:13,440 - Master - WARNING - Received invalid URL from queue: ''. Skipping.
2025-04-29 00:36:13,735 - Master - WARNING - Received invalid URL from queue: ''. Skipping.
2025-04-29 00:36:14,031 - Master - WARNING - Received invalid URL from queue: ''. Skipping.
2025-04-29 00:36:14,418 - Master - INFO - Status update from 3: Heartbeat from crawler 3: Active
2025-04-29 00:36:14,561 - Master - WARNING - Received invalid URL from queue: ''. Skipping.
2025-04-29 00:36:14,843 - Master - WARNING - Received invalid URL from queue: ''. Skipping.
2025-04-29 00:36:15,125 - Master - WARNING - Received invalid URL from queue: ''. Skipping.
2025-04-29 00:36:15,513 - Master - INFO - Status update from 3: Heartbeat from crawler 3: Active
2025-04-29 00:36:15,651 - Master - WARNING - Received invalid URL from queue: ''. Skipping.
2025-04-29 00:36:15,941 - Master - WARNING - Received invalid URL from queue: ''. Skipping.
2025-04-29 00:36:16,225 - Master - WARNING - Received invalid URL from queue: ''. Skipping.
2025-04-29 00:36:16,610 - Master - INFO - Status update from 3: Heartbeat from crawler 3: Active
2025-04-29 00:36:16,753 - Master - WARNING - Received invalid URL from queue: ''. Skipping.
2025-04-29 00:36:17,041 - Master - WARNING - Received invalid URL from queue: ''. Skipping.
2025-04-29 00:36:17,326 - Master - WARNING - Received invalid URL from queue: ''. Skipping.
2025-04-29 00:36:17,761 - Master - INFO - Status update from 2: Heartbeat from crawler 2: Active
2025-04-29 00:36:17,904 - Master - WARNING - Received invalid URL from queue: ''. Skipping.
2025-04-29 00:36:18,189 - Master - WARNING - Received invalid URL from queue: ''. Skipping.
2025-04-29 00:36:18,519 - Master - WARNING - Received invalid URL from queue: ''. Skipping.
2025-04-29 00:36:18,917 - Master - INFO - Status update from 2: Heartbeat from crawler 2: Active
2025-04-29 00:36:19,061 - Master - WARNING - Received invalid URL from queue: ''. Skipping.
2025-04-29 00:36:20,631 - Master - INFO - Sending shutdown signals to crawler nodes...
2025-04-29 00:36:20,632 - Master - INFO - Shutdown signal sent to crawler 1
2025-04-29 00:36:20,632 - Master - INFO - Shutdown signal sent to crawler 2
2025-04-29 00:36:20,632 - Master - INFO - Shutdown signal sent to crawler 3
2025-04-29 00:36:20,632 - Master - INFO - Sending shutdown signal to indexer node...
2025-04-29 00:36:20,634 - Master - INFO - Master node shutting down. Total URLs processed: 0
2025-04-29 00:36:20,634 - Master - INFO - Crawled: 0, Indexed: 0, Failed: 0
