2025-04-18 00:07:24,871 - CloudStorage - INFO - Loaded AWS configuration from aws_config.json
2025-04-18 00:07:26,443 - CloudStorage - INFO - Bucket web-crawler-data-storage does not exist. Creating...
2025-04-18 00:07:26,613 - CloudStorage - ERROR - Failed to create bucket: An error occurred (AccessDenied) when calling the CreateBucket operation: User: arn:aws:iam::405823273955:user/crawler-app is not authorized to perform: s3:CreateBucket on resource: "arn:aws:s3:::web-crawler-data-storage" because no identity-based policy allows the s3:CreateBucket action
2025-04-18 00:07:26,613 - CloudStorage - ERROR - Failed to initialize S3 client: An error occurred (AccessDenied) when calling the CreateBucket operation: User: arn:aws:iam::405823273955:user/crawler-app is not authorized to perform: s3:CreateBucket on resource: "arn:aws:s3:::web-crawler-data-storage" because no identity-based policy allows the s3:CreateBucket action
2025-04-18 00:07:31,600 - CloudStorage - WARNING - S3 client not initialized. Falling back to local storage.
2025-04-18 00:07:31,603 - CloudStorage - INFO - Successfully stored raw_html for https://www.python.org locally at crawled_data\raw_html\c137682bbb0946674f25d1d4bd9e07a0.html
2025-04-18 00:07:31,603 - CloudStorage - WARNING - S3 client not initialized. Falling back to local storage.
2025-04-18 00:07:31,605 - CloudStorage - INFO - Successfully stored processed_text for https://www.python.org locally at crawled_data\processed_text\c137682bbb0946674f25d1d4bd9e07a0.txt
2025-04-18 00:07:33,127 - CloudStorage - WARNING - S3 client not initialized. Falling back to local storage.
2025-04-18 00:07:33,135 - CloudStorage - INFO - Successfully stored raw_html for https://www.reddit.com locally at crawled_data\raw_html\30dd8fd5626b7e36783516a6e238baf2.html
2025-04-18 00:07:33,136 - CloudStorage - WARNING - S3 client not initialized. Falling back to local storage.
2025-04-18 00:07:33,139 - CloudStorage - INFO - Successfully stored processed_text for https://www.reddit.com locally at crawled_data\processed_text\30dd8fd5626b7e36783516a6e238baf2.txt
2025-04-18 00:07:33,493 - CloudStorage - WARNING - S3 client not initialized. Falling back to local storage.
2025-04-18 00:07:33,496 - CloudStorage - INFO - Successfully stored raw_html for https://www.wikipedia.org locally at crawled_data\raw_html\8d1d8a3956ab5668e1da4e3e7f856f08.html
2025-04-18 00:07:33,496 - CloudStorage - WARNING - S3 client not initialized. Falling back to local storage.
2025-04-18 00:07:33,498 - CloudStorage - INFO - Successfully stored processed_text for https://www.wikipedia.org locally at crawled_data\processed_text\8d1d8a3956ab5668e1da4e3e7f856f08.txt
2025-04-18 00:07:33,900 - CloudStorage - WARNING - S3 client not initialized. Falling back to local storage.
2025-04-18 00:07:33,902 - CloudStorage - INFO - Successfully stored raw_html for https://www.github.com locally at crawled_data\raw_html\1895ab41ad3a81f6fd0a194bbc337a22.html
2025-04-18 00:07:33,902 - CloudStorage - WARNING - S3 client not initialized. Falling back to local storage.
2025-04-18 00:07:33,902 - CloudStorage - INFO - Successfully stored processed_text for https://www.github.com locally at crawled_data\processed_text\1895ab41ad3a81f6fd0a194bbc337a22.txt
2025-04-18 00:07:34,315 - CloudStorage - WARNING - S3 client not initialized. Falling back to local storage.
2025-04-18 00:07:34,316 - CloudStorage - INFO - Successfully stored raw_html for https://docs.python.org locally at crawled_data\raw_html\ab87040aecf47a23a07dc06153094d21.html
2025-04-18 00:07:34,317 - CloudStorage - WARNING - S3 client not initialized. Falling back to local storage.
2025-04-18 00:07:34,321 - CloudStorage - INFO - Successfully stored processed_text for https://docs.python.org locally at crawled_data\processed_text\ab87040aecf47a23a07dc06153094d21.txt
2025-04-18 00:07:35,500 - CloudStorage - WARNING - S3 client not initialized. Falling back to local storage.
2025-04-18 00:07:35,502 - CloudStorage - INFO - Successfully stored raw_html for https://pypi.org/ locally at crawled_data\raw_html\419defafa8b1d9a6418edbb446e9db79.html
2025-04-18 00:07:35,502 - CloudStorage - WARNING - S3 client not initialized. Falling back to local storage.
2025-04-18 00:07:35,502 - CloudStorage - INFO - Successfully stored processed_text for https://pypi.org/ locally at crawled_data\processed_text\419defafa8b1d9a6418edbb446e9db79.txt
2025-04-18 00:07:36,805 - CloudStorage - WARNING - S3 client not initialized. Falling back to local storage.
2025-04-18 00:07:36,806 - CloudStorage - INFO - Successfully stored raw_html for https://www.python.org/psf/ locally at crawled_data\raw_html\491903eb8c7de2458019af2a1cd6a86c.html
2025-04-18 00:07:36,808 - CloudStorage - WARNING - S3 client not initialized. Falling back to local storage.
2025-04-18 00:07:36,811 - CloudStorage - INFO - Successfully stored processed_text for https://www.python.org/psf/ locally at crawled_data\processed_text\491903eb8c7de2458019af2a1cd6a86c.txt
2025-04-18 00:07:37,684 - CloudStorage - WARNING - S3 client not initialized. Falling back to local storage.
2025-04-18 00:07:37,692 - CloudStorage - INFO - Successfully stored raw_html for https://www.stackoverflow.com locally at crawled_data\raw_html\2415620324baad2a5308e2c497763b12.html
2025-04-18 00:07:37,693 - CloudStorage - WARNING - S3 client not initialized. Falling back to local storage.
2025-04-18 00:07:37,699 - CloudStorage - INFO - Successfully stored processed_text for https://www.stackoverflow.com locally at crawled_data\processed_text\2415620324baad2a5308e2c497763b12.txt
2025-04-18 00:07:38,245 - CloudStorage - WARNING - S3 client not initialized. Falling back to local storage.
2025-04-18 00:07:38,248 - CloudStorage - INFO - Successfully stored raw_html for https://psfmember.org/civicrm/contribute/transact?reset=1&id=2 locally at crawled_data\raw_html\618bfe50d3538b5c56fc1f83e629ea52.html
2025-04-18 00:07:38,249 - CloudStorage - WARNING - S3 client not initialized. Falling back to local storage.
2025-04-18 00:07:38,251 - CloudStorage - INFO - Successfully stored processed_text for https://psfmember.org/civicrm/contribute/transact?reset=1&id=2 locally at crawled_data\processed_text\618bfe50d3538b5c56fc1f83e629ea52.txt
2025-04-18 00:07:38,530 - CloudStorage - WARNING - S3 client not initialized. Falling back to local storage.
2025-04-18 00:07:38,532 - CloudStorage - INFO - Successfully stored raw_html for https://www.linkedin.com/company/python-software-foundation/ locally at crawled_data\raw_html\d90ed6113df7505dad451d6f07e252ac.html
2025-04-18 00:07:38,534 - CloudStorage - WARNING - S3 client not initialized. Falling back to local storage.
2025-04-18 00:07:38,538 - CloudStorage - INFO - Successfully stored processed_text for https://www.linkedin.com/company/python-software-foundation/ locally at crawled_data\processed_text\d90ed6113df7505dad451d6f07e252ac.txt
2025-04-18 00:07:39,873 - CloudStorage - WARNING - S3 client not initialized. Falling back to local storage.
2025-04-18 00:07:39,874 - CloudStorage - INFO - Successfully stored raw_html for https://en.wikipedia.org/wiki/List_of_Wikipedia_mobile_applications locally at crawled_data\raw_html\c3575c8005f0a1c5e66772e422fa23c8.html
2025-04-18 00:07:39,875 - CloudStorage - WARNING - S3 client not initialized. Falling back to local storage.
2025-04-18 00:07:39,877 - CloudStorage - INFO - Successfully stored processed_text for https://en.wikipedia.org/wiki/List_of_Wikipedia_mobile_applications locally at crawled_data\processed_text\c3575c8005f0a1c5e66772e422fa23c8.txt
2025-04-18 00:07:41,396 - CloudStorage - WARNING - S3 client not initialized. Falling back to local storage.
2025-04-18 00:07:41,404 - CloudStorage - INFO - Successfully stored raw_html for https://play.google.com/store/apps/details?id=org.wikipedia&referrer=utm_source%3Dportal%26utm_medium%3Dbutton%26anid%3Dadmob locally at crawled_data\raw_html\999ec284cceaef3b439da23caa40004f.html
2025-04-18 00:07:41,407 - CloudStorage - WARNING - S3 client not initialized. Falling back to local storage.
2025-04-18 00:07:41,409 - CloudStorage - INFO - Successfully stored processed_text for https://play.google.com/store/apps/details?id=org.wikipedia&referrer=utm_source%3Dportal%26utm_medium%3Dbutton%26anid%3Dadmob locally at crawled_data\processed_text\999ec284cceaef3b439da23caa40004f.txt
2025-04-18 00:07:42,840 - CloudStorage - WARNING - S3 client not initialized. Falling back to local storage.
2025-04-18 00:07:42,848 - CloudStorage - INFO - Successfully stored raw_html for https://meta.wikimedia.org/wiki/Special:MyLanguage/List_of_Wikipedias locally at crawled_data\raw_html\e89764c6976518e91ebe50251fa3fe33.html
2025-04-18 00:07:42,849 - CloudStorage - WARNING - S3 client not initialized. Falling back to local storage.
2025-04-18 00:07:42,855 - CloudStorage - INFO - Successfully stored processed_text for https://meta.wikimedia.org/wiki/Special:MyLanguage/List_of_Wikipedias locally at crawled_data\processed_text\e89764c6976518e91ebe50251fa3fe33.txt
2025-04-18 00:07:43,470 - CloudStorage - WARNING - S3 client not initialized. Falling back to local storage.
2025-04-18 00:07:43,472 - CloudStorage - INFO - Successfully stored raw_html for https://donate.wikimedia.org/?wmf_medium=portal&wmf_campaign=portalFooter&wmf_source=portalFooter locally at crawled_data\raw_html\e80926e2c85c2736bd72ce8f1fda94c6.html
2025-04-18 00:07:43,472 - CloudStorage - WARNING - S3 client not initialized. Falling back to local storage.
2025-04-18 00:07:43,474 - CloudStorage - INFO - Successfully stored processed_text for https://donate.wikimedia.org/?wmf_medium=portal&wmf_campaign=portalFooter&wmf_source=portalFooter locally at crawled_data\processed_text\e80926e2c85c2736bd72ce8f1fda94c6.txt
2025-04-18 00:07:43,880 - CloudStorage - WARNING - S3 client not initialized. Falling back to local storage.
2025-04-18 00:07:43,884 - CloudStorage - INFO - Successfully stored raw_html for https://github.com/security/advanced-security locally at crawled_data\raw_html\1fe3a393f05c47bb0a664cde7f830a83.html
2025-04-18 00:07:43,885 - CloudStorage - WARNING - S3 client not initialized. Falling back to local storage.
2025-04-18 00:07:43,887 - CloudStorage - INFO - Successfully stored processed_text for https://github.com/security/advanced-security locally at crawled_data\processed_text\1fe3a393f05c47bb0a664cde7f830a83.txt
2025-04-18 00:07:44,406 - CloudStorage - WARNING - S3 client not initialized. Falling back to local storage.
2025-04-18 00:07:44,412 - CloudStorage - INFO - Successfully stored raw_html for https://github.com/features/copilot locally at crawled_data\raw_html\dba769c840ccac35bd2dae4b74d18025.html
2025-04-18 00:07:44,413 - CloudStorage - WARNING - S3 client not initialized. Falling back to local storage.
2025-04-18 00:07:44,419 - CloudStorage - INFO - Successfully stored processed_text for https://github.com/features/copilot locally at crawled_data\processed_text\dba769c840ccac35bd2dae4b74d18025.txt
2025-04-18 00:07:45,593 - CloudStorage - WARNING - S3 client not initialized. Falling back to local storage.
2025-04-18 00:07:45,596 - CloudStorage - INFO - Successfully stored raw_html for https://itunes.apple.com/app/apple-store/id324715238?pt=208305&ct=portal&mt=8 locally at crawled_data\raw_html\4ab61f2e1910f4ba05089d1f2e2e5e61.html
2025-04-18 00:07:45,596 - CloudStorage - WARNING - S3 client not initialized. Falling back to local storage.
2025-04-18 00:07:45,597 - CloudStorage - INFO - Successfully stored processed_text for https://itunes.apple.com/app/apple-store/id324715238?pt=208305&ct=portal&mt=8 locally at crawled_data\processed_text\4ab61f2e1910f4ba05089d1f2e2e5e61.txt
2025-04-18 00:07:45,944 - CloudStorage - WARNING - S3 client not initialized. Falling back to local storage.
2025-04-18 00:07:45,947 - CloudStorage - INFO - Successfully stored raw_html for https://github.com/features/actions locally at crawled_data\raw_html\d7af0858294d18fa9f4dc16984f9a98d.html
2025-04-18 00:07:45,947 - CloudStorage - WARNING - S3 client not initialized. Falling back to local storage.
2025-04-18 00:07:45,950 - CloudStorage - INFO - Successfully stored processed_text for https://github.com/features/actions locally at crawled_data\processed_text\d7af0858294d18fa9f4dc16984f9a98d.txt
2025-04-18 00:07:46,337 - CloudStorage - WARNING - S3 client not initialized. Falling back to local storage.
2025-04-18 00:07:46,341 - CloudStorage - INFO - Successfully stored raw_html for https://github.com/features/codespaces locally at crawled_data\raw_html\9b0feeb833799d4ed2b4e16427b7032e.html
2025-04-18 00:07:46,341 - CloudStorage - WARNING - S3 client not initialized. Falling back to local storage.
2025-04-18 00:07:46,346 - CloudStorage - INFO - Successfully stored processed_text for https://github.com/features/codespaces locally at crawled_data\processed_text\9b0feeb833799d4ed2b4e16427b7032e.txt
2025-04-18 00:07:46,964 - CloudStorage - WARNING - S3 client not initialized. Falling back to local storage.
2025-04-18 00:07:46,967 - CloudStorage - INFO - Successfully stored raw_html for https://github.com/features/issues locally at crawled_data\raw_html\e2829aebb11ffc941af2d189e2298796.html
2025-04-18 00:07:46,968 - CloudStorage - WARNING - S3 client not initialized. Falling back to local storage.
2025-04-18 00:07:46,970 - CloudStorage - INFO - Successfully stored processed_text for https://github.com/features/issues locally at crawled_data\processed_text\e2829aebb11ffc941af2d189e2298796.txt
2025-04-18 00:18:19,728 - CloudStorage - INFO - Loaded AWS configuration from aws_config.json
2025-04-18 00:18:20,928 - CloudStorage - INFO - Bucket web-crawler-data-storage does not exist. Creating...
2025-04-18 00:18:21,245 - CloudStorage - INFO - Successfully created bucket web-crawler-data-storage
2025-04-18 00:18:21,245 - CloudStorage - INFO - Successfully connected to AWS S3 in region us-east-1
2025-04-18 00:18:26,974 - CloudStorage - ERROR - Failed to store raw HTML for https://www.python.org: An error occurred (AccessDenied) when calling the PutObject operation: User: arn:aws:iam::405823273955:user/crawler-app is not authorized to perform: s3:PutObject on resource: "arn:aws:s3:::web-crawler-data-storage/raw_html/2025/04/18/c137682bbb0946674f25d1d4bd9e07a0.html" because no identity-based policy allows the s3:PutObject action
2025-04-18 00:18:26,977 - CloudStorage - INFO - Successfully stored raw_html for https://www.python.org locally at crawled_data\raw_html\c137682bbb0946674f25d1d4bd9e07a0.html
2025-04-18 00:18:28,707 - CloudStorage - ERROR - Failed to store processed text for https://www.python.org: An error occurred (AccessDenied) when calling the PutObject operation: User: arn:aws:iam::405823273955:user/crawler-app is not authorized to perform: s3:PutObject on resource: "arn:aws:s3:::web-crawler-data-storage/processed_text/2025/04/18/c137682bbb0946674f25d1d4bd9e07a0.txt" because no identity-based policy allows the s3:PutObject action
2025-04-18 00:18:28,710 - CloudStorage - INFO - Successfully stored processed_text for https://www.python.org locally at crawled_data\processed_text\c137682bbb0946674f25d1d4bd9e07a0.txt
2025-04-18 00:18:31,523 - CloudStorage - ERROR - Failed to store raw HTML for https://www.reddit.com: An error occurred (AccessDenied) when calling the PutObject operation: User: arn:aws:iam::405823273955:user/crawler-app is not authorized to perform: s3:PutObject on resource: "arn:aws:s3:::web-crawler-data-storage/raw_html/2025/04/18/30dd8fd5626b7e36783516a6e238baf2.html" because no identity-based policy allows the s3:PutObject action
2025-04-18 00:18:31,529 - CloudStorage - INFO - Successfully stored raw_html for https://www.reddit.com locally at crawled_data\raw_html\30dd8fd5626b7e36783516a6e238baf2.html
2025-04-18 00:18:33,210 - CloudStorage - ERROR - Failed to store processed text for https://www.reddit.com: An error occurred (AccessDenied) when calling the PutObject operation: User: arn:aws:iam::405823273955:user/crawler-app is not authorized to perform: s3:PutObject on resource: "arn:aws:s3:::web-crawler-data-storage/processed_text/2025/04/18/30dd8fd5626b7e36783516a6e238baf2.txt" because no identity-based policy allows the s3:PutObject action
2025-04-18 00:18:33,212 - CloudStorage - INFO - Successfully stored processed_text for https://www.reddit.com locally at crawled_data\processed_text\30dd8fd5626b7e36783516a6e238baf2.txt
2025-04-18 00:18:35,076 - CloudStorage - ERROR - Failed to store raw HTML for https://www.wikipedia.org: An error occurred (AccessDenied) when calling the PutObject operation: User: arn:aws:iam::405823273955:user/crawler-app is not authorized to perform: s3:PutObject on resource: "arn:aws:s3:::web-crawler-data-storage/raw_html/2025/04/18/8d1d8a3956ab5668e1da4e3e7f856f08.html" because no identity-based policy allows the s3:PutObject action
2025-04-18 00:18:35,078 - CloudStorage - INFO - Successfully stored raw_html for https://www.wikipedia.org locally at crawled_data\raw_html\8d1d8a3956ab5668e1da4e3e7f856f08.html
2025-04-18 00:18:36,182 - CloudStorage - ERROR - Failed to store processed text for https://www.wikipedia.org: An error occurred (AccessDenied) when calling the PutObject operation: User: arn:aws:iam::405823273955:user/crawler-app is not authorized to perform: s3:PutObject on resource: "arn:aws:s3:::web-crawler-data-storage/processed_text/2025/04/18/8d1d8a3956ab5668e1da4e3e7f856f08.txt" because no identity-based policy allows the s3:PutObject action
2025-04-18 00:18:36,184 - CloudStorage - INFO - Successfully stored processed_text for https://www.wikipedia.org locally at crawled_data\processed_text\8d1d8a3956ab5668e1da4e3e7f856f08.txt
2025-04-18 00:18:37,688 - CloudStorage - ERROR - Failed to store raw HTML for https://www.github.com: An error occurred (AccessDenied) when calling the PutObject operation: User: arn:aws:iam::405823273955:user/crawler-app is not authorized to perform: s3:PutObject on resource: "arn:aws:s3:::web-crawler-data-storage/raw_html/2025/04/18/1895ab41ad3a81f6fd0a194bbc337a22.html" because no identity-based policy allows the s3:PutObject action
2025-04-18 00:18:37,692 - CloudStorage - INFO - Successfully stored raw_html for https://www.github.com locally at crawled_data\raw_html\1895ab41ad3a81f6fd0a194bbc337a22.html
2025-04-18 00:18:38,645 - CloudStorage - ERROR - Failed to store processed text for https://www.github.com: An error occurred (AccessDenied) when calling the PutObject operation: User: arn:aws:iam::405823273955:user/crawler-app is not authorized to perform: s3:PutObject on resource: "arn:aws:s3:::web-crawler-data-storage/processed_text/2025/04/18/1895ab41ad3a81f6fd0a194bbc337a22.txt" because no identity-based policy allows the s3:PutObject action
2025-04-18 00:18:38,647 - CloudStorage - INFO - Successfully stored processed_text for https://www.github.com locally at crawled_data\processed_text\1895ab41ad3a81f6fd0a194bbc337a22.txt
2025-04-18 00:18:39,907 - CloudStorage - ERROR - Failed to store raw HTML for https://docs.python.org: An error occurred (AccessDenied) when calling the PutObject operation: User: arn:aws:iam::405823273955:user/crawler-app is not authorized to perform: s3:PutObject on resource: "arn:aws:s3:::web-crawler-data-storage/raw_html/2025/04/18/ab87040aecf47a23a07dc06153094d21.html" because no identity-based policy allows the s3:PutObject action
2025-04-18 00:18:39,908 - CloudStorage - INFO - Successfully stored raw_html for https://docs.python.org locally at crawled_data\raw_html\ab87040aecf47a23a07dc06153094d21.html
2025-04-18 00:18:40,846 - CloudStorage - ERROR - Failed to store processed text for https://docs.python.org: An error occurred (AccessDenied) when calling the PutObject operation: User: arn:aws:iam::405823273955:user/crawler-app is not authorized to perform: s3:PutObject on resource: "arn:aws:s3:::web-crawler-data-storage/processed_text/2025/04/18/ab87040aecf47a23a07dc06153094d21.txt" because no identity-based policy allows the s3:PutObject action
2025-04-18 00:18:40,848 - CloudStorage - INFO - Successfully stored processed_text for https://docs.python.org locally at crawled_data\processed_text\ab87040aecf47a23a07dc06153094d21.txt
2025-04-18 00:18:42,335 - CloudStorage - ERROR - Failed to store raw HTML for https://www.python.org/psf/: An error occurred (AccessDenied) when calling the PutObject operation: User: arn:aws:iam::405823273955:user/crawler-app is not authorized to perform: s3:PutObject on resource: "arn:aws:s3:::web-crawler-data-storage/raw_html/2025/04/18/491903eb8c7de2458019af2a1cd6a86c.html" because no identity-based policy allows the s3:PutObject action
2025-04-18 00:18:42,337 - CloudStorage - INFO - Successfully stored raw_html for https://www.python.org/psf/ locally at crawled_data\raw_html\491903eb8c7de2458019af2a1cd6a86c.html
2025-04-18 00:18:44,634 - CloudStorage - ERROR - Failed to store processed text for https://www.python.org/psf/: An error occurred (AccessDenied) when calling the PutObject operation: User: arn:aws:iam::405823273955:user/crawler-app is not authorized to perform: s3:PutObject on resource: "arn:aws:s3:::web-crawler-data-storage/processed_text/2025/04/18/491903eb8c7de2458019af2a1cd6a86c.txt" because no identity-based policy allows the s3:PutObject action
2025-04-18 00:18:44,636 - CloudStorage - INFO - Successfully stored processed_text for https://www.python.org/psf/ locally at crawled_data\processed_text\491903eb8c7de2458019af2a1cd6a86c.txt
2025-04-18 00:23:32,496 - CloudStorage - INFO - Loaded AWS configuration from aws_config.json
2025-04-18 00:23:34,306 - CloudStorage - INFO - Bucket web-crawler-data-storage already exists
2025-04-18 00:23:34,307 - CloudStorage - INFO - Successfully connected to AWS S3 in region us-east-1
2025-04-18 00:23:44,098 - CloudStorage - INFO - Successfully stored raw HTML for https://www.python.org at s3://web-crawler-data-storage/raw_html/2025/04/18/c137682bbb0946674f25d1d4bd9e07a0.html
2025-04-18 00:23:44,421 - CloudStorage - INFO - Successfully stored processed text for https://www.python.org at s3://web-crawler-data-storage/processed_text/2025/04/18/c137682bbb0946674f25d1d4bd9e07a0.txt
2025-04-18 00:23:44,780 - CloudStorage - INFO - Successfully stored metadata for https://www.python.org at s3://web-crawler-data-storage/metadata/2025/04/18/c137682bbb0946674f25d1d4bd9e07a0.json
2025-04-18 00:23:48,288 - CloudStorage - INFO - Successfully stored raw HTML for https://www.reddit.com at s3://web-crawler-data-storage/raw_html/2025/04/18/30dd8fd5626b7e36783516a6e238baf2.html
2025-04-18 00:23:48,653 - CloudStorage - INFO - Successfully stored processed text for https://www.reddit.com at s3://web-crawler-data-storage/processed_text/2025/04/18/30dd8fd5626b7e36783516a6e238baf2.txt
2025-04-18 00:23:49,002 - CloudStorage - INFO - Successfully stored metadata for https://www.reddit.com at s3://web-crawler-data-storage/metadata/2025/04/18/30dd8fd5626b7e36783516a6e238baf2.json
2025-04-18 00:23:50,011 - CloudStorage - INFO - Successfully stored raw HTML for https://www.wikipedia.org at s3://web-crawler-data-storage/raw_html/2025/04/18/8d1d8a3956ab5668e1da4e3e7f856f08.html
2025-04-18 00:23:50,380 - CloudStorage - INFO - Successfully stored processed text for https://www.wikipedia.org at s3://web-crawler-data-storage/processed_text/2025/04/18/8d1d8a3956ab5668e1da4e3e7f856f08.txt
2025-04-18 00:23:50,708 - CloudStorage - INFO - Successfully stored metadata for https://www.wikipedia.org at s3://web-crawler-data-storage/metadata/2025/04/18/8d1d8a3956ab5668e1da4e3e7f856f08.json
2025-04-18 00:23:53,115 - CloudStorage - INFO - Successfully stored raw HTML for https://www.github.com at s3://web-crawler-data-storage/raw_html/2025/04/18/1895ab41ad3a81f6fd0a194bbc337a22.html
2025-04-18 00:23:53,599 - CloudStorage - INFO - Successfully stored processed text for https://www.github.com at s3://web-crawler-data-storage/processed_text/2025/04/18/1895ab41ad3a81f6fd0a194bbc337a22.txt
2025-04-18 00:23:55,098 - CloudStorage - INFO - Successfully stored metadata for https://www.github.com at s3://web-crawler-data-storage/metadata/2025/04/18/1895ab41ad3a81f6fd0a194bbc337a22.json
2025-04-18 00:23:56,514 - CloudStorage - INFO - Successfully stored raw HTML for https://docs.python.org at s3://web-crawler-data-storage/raw_html/2025/04/18/ab87040aecf47a23a07dc06153094d21.html
2025-04-18 00:23:58,398 - CloudStorage - INFO - Successfully stored processed text for https://docs.python.org at s3://web-crawler-data-storage/processed_text/2025/04/18/ab87040aecf47a23a07dc06153094d21.txt
2025-04-18 00:23:59,572 - CloudStorage - INFO - Successfully stored metadata for https://docs.python.org at s3://web-crawler-data-storage/metadata/2025/04/18/ab87040aecf47a23a07dc06153094d21.json
2025-04-18 00:24:02,873 - CloudStorage - INFO - Successfully stored raw HTML for https://www.python.org/psf/ at s3://web-crawler-data-storage/raw_html/2025/04/18/491903eb8c7de2458019af2a1cd6a86c.html
2025-04-18 00:24:05,392 - CloudStorage - INFO - Successfully stored processed text for https://www.python.org/psf/ at s3://web-crawler-data-storage/processed_text/2025/04/18/491903eb8c7de2458019af2a1cd6a86c.txt
2025-04-18 00:24:06,100 - CloudStorage - INFO - Successfully stored metadata for https://www.python.org/psf/ at s3://web-crawler-data-storage/metadata/2025/04/18/491903eb8c7de2458019af2a1cd6a86c.json
2025-04-18 00:38:05,767 - CloudStorage - INFO - Loaded AWS configuration from aws_config.json
2025-04-18 00:38:06,891 - CloudStorage - INFO - Bucket web-crawler-data-storage already exists
2025-04-18 00:38:06,892 - CloudStorage - INFO - Successfully connected to AWS S3 in region us-east-1
2025-04-18 00:38:11,467 - CloudStorage - INFO - Successfully stored raw HTML for https://www.wikipedia.org at s3://web-crawler-data-storage/raw_html/2025/04/18/8d1d8a3956ab5668e1da4e3e7f856f08.html
2025-04-18 00:38:11,772 - CloudStorage - INFO - Successfully stored processed text for https://www.wikipedia.org at s3://web-crawler-data-storage/processed_text/2025/04/18/8d1d8a3956ab5668e1da4e3e7f856f08.txt
2025-04-18 00:38:12,080 - CloudStorage - INFO - Successfully stored metadata for https://www.wikipedia.org at s3://web-crawler-data-storage/metadata/2025/04/18/8d1d8a3956ab5668e1da4e3e7f856f08.json
2025-04-18 00:38:15,225 - CloudStorage - INFO - Successfully stored raw HTML for https://www.reddit.com at s3://web-crawler-data-storage/raw_html/2025/04/18/30dd8fd5626b7e36783516a6e238baf2.html
2025-04-18 00:38:15,550 - CloudStorage - INFO - Successfully stored processed text for https://www.reddit.com at s3://web-crawler-data-storage/processed_text/2025/04/18/30dd8fd5626b7e36783516a6e238baf2.txt
2025-04-18 00:38:15,876 - CloudStorage - INFO - Successfully stored metadata for https://www.reddit.com at s3://web-crawler-data-storage/metadata/2025/04/18/30dd8fd5626b7e36783516a6e238baf2.json
2025-04-18 00:38:16,633 - CloudStorage - INFO - Successfully stored raw HTML for https://www.python.org at s3://web-crawler-data-storage/raw_html/2025/04/18/c137682bbb0946674f25d1d4bd9e07a0.html
2025-04-18 00:38:16,950 - CloudStorage - INFO - Successfully stored processed text for https://www.python.org at s3://web-crawler-data-storage/processed_text/2025/04/18/c137682bbb0946674f25d1d4bd9e07a0.txt
2025-04-18 00:38:17,261 - CloudStorage - INFO - Successfully stored metadata for https://www.python.org at s3://web-crawler-data-storage/metadata/2025/04/18/c137682bbb0946674f25d1d4bd9e07a0.json
2025-04-18 00:38:19,326 - CloudStorage - INFO - Successfully stored raw HTML for https://www.github.com at s3://web-crawler-data-storage/raw_html/2025/04/18/1895ab41ad3a81f6fd0a194bbc337a22.html
2025-04-18 00:38:19,663 - CloudStorage - INFO - Successfully stored processed text for https://www.github.com at s3://web-crawler-data-storage/processed_text/2025/04/18/1895ab41ad3a81f6fd0a194bbc337a22.txt
2025-04-18 00:38:19,977 - CloudStorage - INFO - Successfully stored metadata for https://www.github.com at s3://web-crawler-data-storage/metadata/2025/04/18/1895ab41ad3a81f6fd0a194bbc337a22.json
2025-04-18 00:38:21,592 - CloudStorage - INFO - Successfully stored raw HTML for https://donate.wikimedia.org/?wmf_medium=portal&wmf_campaign=portalFooter&wmf_source=portalFooter at s3://web-crawler-data-storage/raw_html/2025/04/18/e80926e2c85c2736bd72ce8f1fda94c6.html
2025-04-18 00:38:21,904 - CloudStorage - INFO - Successfully stored processed text for https://donate.wikimedia.org/?wmf_medium=portal&wmf_campaign=portalFooter&wmf_source=portalFooter at s3://web-crawler-data-storage/processed_text/2025/04/18/e80926e2c85c2736bd72ce8f1fda94c6.txt
2025-04-18 00:38:22,204 - CloudStorage - INFO - Successfully stored metadata for https://donate.wikimedia.org/?wmf_medium=portal&wmf_campaign=portalFooter&wmf_source=portalFooter at s3://web-crawler-data-storage/metadata/2025/04/18/e80926e2c85c2736bd72ce8f1fda94c6.json
2025-04-18 00:38:27,555 - CloudStorage - INFO - Successfully stored raw HTML for https://meta.wikimedia.org/wiki/Special:MyLanguage/List_of_Wikipedias at s3://web-crawler-data-storage/raw_html/2025/04/18/e89764c6976518e91ebe50251fa3fe33.html
2025-04-18 00:38:27,976 - CloudStorage - INFO - Successfully stored processed text for https://meta.wikimedia.org/wiki/Special:MyLanguage/List_of_Wikipedias at s3://web-crawler-data-storage/processed_text/2025/04/18/e89764c6976518e91ebe50251fa3fe33.txt
2025-04-18 00:38:28,424 - CloudStorage - INFO - Successfully stored metadata for https://meta.wikimedia.org/wiki/Special:MyLanguage/List_of_Wikipedias at s3://web-crawler-data-storage/metadata/2025/04/18/e89764c6976518e91ebe50251fa3fe33.json
2025-04-18 00:38:29,740 - CloudStorage - INFO - Successfully stored raw HTML for https://en.wikipedia.org/wiki/List_of_Wikipedia_mobile_applications at s3://web-crawler-data-storage/raw_html/2025/04/18/c3575c8005f0a1c5e66772e422fa23c8.html
2025-04-18 00:38:30,051 - CloudStorage - INFO - Successfully stored processed text for https://en.wikipedia.org/wiki/List_of_Wikipedia_mobile_applications at s3://web-crawler-data-storage/processed_text/2025/04/18/c3575c8005f0a1c5e66772e422fa23c8.txt
2025-04-18 00:38:30,367 - CloudStorage - INFO - Successfully stored metadata for https://en.wikipedia.org/wiki/List_of_Wikipedia_mobile_applications at s3://web-crawler-data-storage/metadata/2025/04/18/c3575c8005f0a1c5e66772e422fa23c8.json
2025-04-18 00:38:34,902 - CloudStorage - INFO - Successfully stored raw HTML for https://itunes.apple.com/app/apple-store/id324715238?pt=208305&ct=portal&mt=8 at s3://web-crawler-data-storage/raw_html/2025/04/18/4ab61f2e1910f4ba05089d1f2e2e5e61.html
2025-04-18 00:38:35,228 - CloudStorage - INFO - Successfully stored processed text for https://itunes.apple.com/app/apple-store/id324715238?pt=208305&ct=portal&mt=8 at s3://web-crawler-data-storage/processed_text/2025/04/18/4ab61f2e1910f4ba05089d1f2e2e5e61.txt
2025-04-18 00:38:35,555 - CloudStorage - INFO - Successfully stored metadata for https://itunes.apple.com/app/apple-store/id324715238?pt=208305&ct=portal&mt=8 at s3://web-crawler-data-storage/metadata/2025/04/18/4ab61f2e1910f4ba05089d1f2e2e5e61.json
2025-04-18 00:38:37,541 - CloudStorage - INFO - Successfully stored raw HTML for https://www.stackoverflow.com at s3://web-crawler-data-storage/raw_html/2025/04/18/2415620324baad2a5308e2c497763b12.html
2025-04-18 00:38:37,902 - CloudStorage - INFO - Successfully stored processed text for https://www.stackoverflow.com at s3://web-crawler-data-storage/processed_text/2025/04/18/2415620324baad2a5308e2c497763b12.txt
2025-04-18 00:38:38,260 - CloudStorage - INFO - Successfully stored metadata for https://www.stackoverflow.com at s3://web-crawler-data-storage/metadata/2025/04/18/2415620324baad2a5308e2c497763b12.json
2025-04-18 00:38:44,723 - CloudStorage - INFO - Successfully stored raw HTML for https://play.google.com/store/apps/details?id=org.wikipedia&referrer=utm_source%3Dportal%26utm_medium%3Dbutton%26anid%3Dadmob at s3://web-crawler-data-storage/raw_html/2025/04/18/999ec284cceaef3b439da23caa40004f.html
2025-04-18 00:38:45,076 - CloudStorage - INFO - Successfully stored processed text for https://play.google.com/store/apps/details?id=org.wikipedia&referrer=utm_source%3Dportal%26utm_medium%3Dbutton%26anid%3Dadmob at s3://web-crawler-data-storage/processed_text/2025/04/18/999ec284cceaef3b439da23caa40004f.txt
2025-04-18 00:38:45,445 - CloudStorage - INFO - Successfully stored metadata for https://play.google.com/store/apps/details?id=org.wikipedia&referrer=utm_source%3Dportal%26utm_medium%3Dbutton%26anid%3Dadmob at s3://web-crawler-data-storage/metadata/2025/04/18/999ec284cceaef3b439da23caa40004f.json
2025-04-18 00:38:46,178 - CloudStorage - INFO - Successfully stored raw HTML for https://www.python.org/psf/ at s3://web-crawler-data-storage/raw_html/2025/04/18/491903eb8c7de2458019af2a1cd6a86c.html
2025-04-18 00:38:46,535 - CloudStorage - INFO - Successfully stored processed text for https://www.python.org/psf/ at s3://web-crawler-data-storage/processed_text/2025/04/18/491903eb8c7de2458019af2a1cd6a86c.txt
2025-04-18 00:38:46,837 - CloudStorage - INFO - Successfully stored metadata for https://www.python.org/psf/ at s3://web-crawler-data-storage/metadata/2025/04/18/491903eb8c7de2458019af2a1cd6a86c.json
2025-04-18 00:38:47,832 - CloudStorage - INFO - Successfully stored raw HTML for https://psfmember.org/civicrm/contribute/transact?reset=1&id=2 at s3://web-crawler-data-storage/raw_html/2025/04/18/618bfe50d3538b5c56fc1f83e629ea52.html
2025-04-18 00:38:48,144 - CloudStorage - INFO - Successfully stored processed text for https://psfmember.org/civicrm/contribute/transact?reset=1&id=2 at s3://web-crawler-data-storage/processed_text/2025/04/18/618bfe50d3538b5c56fc1f83e629ea52.txt
2025-04-18 00:38:48,457 - CloudStorage - INFO - Successfully stored metadata for https://psfmember.org/civicrm/contribute/transact?reset=1&id=2 at s3://web-crawler-data-storage/metadata/2025/04/18/618bfe50d3538b5c56fc1f83e629ea52.json
2025-04-18 00:38:49,036 - CloudStorage - INFO - Successfully stored raw HTML for https://docs.python.org at s3://web-crawler-data-storage/raw_html/2025/04/18/ab87040aecf47a23a07dc06153094d21.html
2025-04-18 00:38:49,337 - CloudStorage - INFO - Successfully stored processed text for https://docs.python.org at s3://web-crawler-data-storage/processed_text/2025/04/18/ab87040aecf47a23a07dc06153094d21.txt
2025-04-18 00:38:49,640 - CloudStorage - INFO - Successfully stored metadata for https://docs.python.org at s3://web-crawler-data-storage/metadata/2025/04/18/ab87040aecf47a23a07dc06153094d21.json
2025-04-18 00:38:50,109 - CloudStorage - INFO - Successfully stored raw HTML for https://www.linkedin.com/company/python-software-foundation/ at s3://web-crawler-data-storage/raw_html/2025/04/18/d90ed6113df7505dad451d6f07e252ac.html
2025-04-18 00:38:50,406 - CloudStorage - INFO - Successfully stored processed text for https://www.linkedin.com/company/python-software-foundation/ at s3://web-crawler-data-storage/processed_text/2025/04/18/d90ed6113df7505dad451d6f07e252ac.txt
2025-04-18 00:38:50,723 - CloudStorage - INFO - Successfully stored metadata for https://www.linkedin.com/company/python-software-foundation/ at s3://web-crawler-data-storage/metadata/2025/04/18/d90ed6113df7505dad451d6f07e252ac.json
2025-04-18 00:38:53,195 - CloudStorage - INFO - Successfully stored raw HTML for https://github.com/features/actions at s3://web-crawler-data-storage/raw_html/2025/04/18/d7af0858294d18fa9f4dc16984f9a98d.html
2025-04-18 00:38:53,508 - CloudStorage - INFO - Successfully stored processed text for https://github.com/features/actions at s3://web-crawler-data-storage/processed_text/2025/04/18/d7af0858294d18fa9f4dc16984f9a98d.txt
2025-04-18 00:38:53,815 - CloudStorage - INFO - Successfully stored metadata for https://github.com/features/actions at s3://web-crawler-data-storage/metadata/2025/04/18/d7af0858294d18fa9f4dc16984f9a98d.json
2025-04-18 00:38:54,398 - CloudStorage - INFO - Successfully stored raw HTML for https://pypi.org/ at s3://web-crawler-data-storage/raw_html/2025/04/18/419defafa8b1d9a6418edbb446e9db79.html
2025-04-18 00:38:54,693 - CloudStorage - INFO - Successfully stored processed text for https://pypi.org/ at s3://web-crawler-data-storage/processed_text/2025/04/18/419defafa8b1d9a6418edbb446e9db79.txt
2025-04-18 00:38:54,998 - CloudStorage - INFO - Successfully stored metadata for https://pypi.org/ at s3://web-crawler-data-storage/metadata/2025/04/18/419defafa8b1d9a6418edbb446e9db79.json
2025-04-18 00:38:58,215 - CloudStorage - INFO - Successfully stored raw HTML for https://github.com/features/copilot at s3://web-crawler-data-storage/raw_html/2025/04/18/dba769c840ccac35bd2dae4b74d18025.html
2025-04-18 00:38:59,191 - CloudStorage - INFO - Successfully stored processed text for https://github.com/features/copilot at s3://web-crawler-data-storage/processed_text/2025/04/18/dba769c840ccac35bd2dae4b74d18025.txt
2025-04-18 00:39:00,180 - CloudStorage - INFO - Successfully stored metadata for https://github.com/features/copilot at s3://web-crawler-data-storage/metadata/2025/04/18/dba769c840ccac35bd2dae4b74d18025.json
2025-04-18 00:39:02,622 - CloudStorage - INFO - Successfully stored raw HTML for https://github.com/security/advanced-security at s3://web-crawler-data-storage/raw_html/2025/04/18/1fe3a393f05c47bb0a664cde7f830a83.html
2025-04-18 00:39:02,946 - CloudStorage - INFO - Successfully stored processed text for https://github.com/security/advanced-security at s3://web-crawler-data-storage/processed_text/2025/04/18/1fe3a393f05c47bb0a664cde7f830a83.txt
2025-04-18 00:39:03,842 - CloudStorage - INFO - Successfully stored metadata for https://github.com/security/advanced-security at s3://web-crawler-data-storage/metadata/2025/04/18/1fe3a393f05c47bb0a664cde7f830a83.json
2025-04-18 00:39:07,651 - CloudStorage - INFO - Successfully stored raw HTML for https://github.com/features/codespaces at s3://web-crawler-data-storage/raw_html/2025/04/18/9b0feeb833799d4ed2b4e16427b7032e.html
2025-04-18 00:39:07,960 - CloudStorage - INFO - Successfully stored processed text for https://github.com/features/codespaces at s3://web-crawler-data-storage/processed_text/2025/04/18/9b0feeb833799d4ed2b4e16427b7032e.txt
2025-04-18 00:39:08,278 - CloudStorage - INFO - Successfully stored metadata for https://github.com/features/codespaces at s3://web-crawler-data-storage/metadata/2025/04/18/9b0feeb833799d4ed2b4e16427b7032e.json
2025-04-18 00:39:10,846 - CloudStorage - INFO - Successfully stored raw HTML for https://www.reddit.com/login/ at s3://web-crawler-data-storage/raw_html/2025/04/18/686b8a13c276555c1986636287e1b566.html
2025-04-18 00:39:11,137 - CloudStorage - INFO - Successfully stored processed text for https://www.reddit.com/login/ at s3://web-crawler-data-storage/processed_text/2025/04/18/686b8a13c276555c1986636287e1b566.txt
2025-04-18 00:39:11,437 - CloudStorage - INFO - Successfully stored metadata for https://www.reddit.com/login/ at s3://web-crawler-data-storage/metadata/2025/04/18/686b8a13c276555c1986636287e1b566.json
2025-04-18 00:44:09,335 - CloudStorage - INFO - Loaded AWS configuration from aws_config.json
2025-04-18 00:44:10,311 - CloudStorage - INFO - Bucket web-crawler-data-storage already exists
2025-04-18 00:44:10,311 - CloudStorage - INFO - Successfully connected to AWS S3 in region us-east-1
2025-04-18 00:44:14,540 - CloudStorage - INFO - Successfully stored raw HTML for https://www.wikipedia.org at s3://web-crawler-data-storage/raw_html/2025/04/18/8d1d8a3956ab5668e1da4e3e7f856f08.html
2025-04-18 00:44:14,865 - CloudStorage - INFO - Successfully stored processed text for https://www.wikipedia.org at s3://web-crawler-data-storage/processed_text/2025/04/18/8d1d8a3956ab5668e1da4e3e7f856f08.txt
2025-04-18 00:44:15,167 - CloudStorage - INFO - Successfully stored metadata for https://www.wikipedia.org at s3://web-crawler-data-storage/metadata/2025/04/18/8d1d8a3956ab5668e1da4e3e7f856f08.json
2025-04-18 00:44:18,131 - CloudStorage - INFO - Successfully stored raw HTML for https://www.reddit.com at s3://web-crawler-data-storage/raw_html/2025/04/18/30dd8fd5626b7e36783516a6e238baf2.html
2025-04-18 00:44:18,438 - CloudStorage - INFO - Successfully stored processed text for https://www.reddit.com at s3://web-crawler-data-storage/processed_text/2025/04/18/30dd8fd5626b7e36783516a6e238baf2.txt
2025-04-18 00:44:18,747 - CloudStorage - INFO - Successfully stored metadata for https://www.reddit.com at s3://web-crawler-data-storage/metadata/2025/04/18/30dd8fd5626b7e36783516a6e238baf2.json
2025-04-18 00:44:19,468 - CloudStorage - INFO - Successfully stored raw HTML for https://www.python.org at s3://web-crawler-data-storage/raw_html/2025/04/18/c137682bbb0946674f25d1d4bd9e07a0.html
2025-04-18 00:44:19,773 - CloudStorage - INFO - Successfully stored processed text for https://www.python.org at s3://web-crawler-data-storage/processed_text/2025/04/18/c137682bbb0946674f25d1d4bd9e07a0.txt
2025-04-18 00:44:20,076 - CloudStorage - INFO - Successfully stored metadata for https://www.python.org at s3://web-crawler-data-storage/metadata/2025/04/18/c137682bbb0946674f25d1d4bd9e07a0.json
2025-04-18 00:44:21,607 - CloudStorage - INFO - Successfully stored raw HTML for https://www.github.com at s3://web-crawler-data-storage/raw_html/2025/04/18/1895ab41ad3a81f6fd0a194bbc337a22.html
2025-04-18 00:44:21,925 - CloudStorage - INFO - Successfully stored processed text for https://www.github.com at s3://web-crawler-data-storage/processed_text/2025/04/18/1895ab41ad3a81f6fd0a194bbc337a22.txt
2025-04-18 00:44:22,678 - CloudStorage - INFO - Successfully stored metadata for https://www.github.com at s3://web-crawler-data-storage/metadata/2025/04/18/1895ab41ad3a81f6fd0a194bbc337a22.json
2025-04-18 00:44:25,140 - CloudStorage - INFO - Successfully stored raw HTML for https://www.stackoverflow.com at s3://web-crawler-data-storage/raw_html/2025/04/18/2415620324baad2a5308e2c497763b12.html
2025-04-18 00:44:25,510 - CloudStorage - INFO - Successfully stored processed text for https://www.stackoverflow.com at s3://web-crawler-data-storage/processed_text/2025/04/18/2415620324baad2a5308e2c497763b12.txt
2025-04-18 00:44:25,892 - CloudStorage - INFO - Successfully stored metadata for https://www.stackoverflow.com at s3://web-crawler-data-storage/metadata/2025/04/18/2415620324baad2a5308e2c497763b12.json
2025-04-18 00:44:26,759 - CloudStorage - INFO - Successfully stored raw HTML for https://donate.wikimedia.org/?wmf_medium=portal&wmf_campaign=portalFooter&wmf_source=portalFooter at s3://web-crawler-data-storage/raw_html/2025/04/18/e80926e2c85c2736bd72ce8f1fda94c6.html
2025-04-18 00:44:27,047 - CloudStorage - INFO - Successfully stored processed text for https://donate.wikimedia.org/?wmf_medium=portal&wmf_campaign=portalFooter&wmf_source=portalFooter at s3://web-crawler-data-storage/processed_text/2025/04/18/e80926e2c85c2736bd72ce8f1fda94c6.txt
2025-04-18 00:44:27,341 - CloudStorage - INFO - Successfully stored metadata for https://donate.wikimedia.org/?wmf_medium=portal&wmf_campaign=portalFooter&wmf_source=portalFooter at s3://web-crawler-data-storage/metadata/2025/04/18/e80926e2c85c2736bd72ce8f1fda94c6.json
2025-04-18 00:44:28,415 - CloudStorage - INFO - Successfully stored raw HTML for https://en.wikipedia.org/wiki/List_of_Wikipedia_mobile_applications at s3://web-crawler-data-storage/raw_html/2025/04/18/c3575c8005f0a1c5e66772e422fa23c8.html
2025-04-18 00:44:28,739 - CloudStorage - INFO - Successfully stored processed text for https://en.wikipedia.org/wiki/List_of_Wikipedia_mobile_applications at s3://web-crawler-data-storage/processed_text/2025/04/18/c3575c8005f0a1c5e66772e422fa23c8.txt
2025-04-18 00:44:29,052 - CloudStorage - INFO - Successfully stored metadata for https://en.wikipedia.org/wiki/List_of_Wikipedia_mobile_applications at s3://web-crawler-data-storage/metadata/2025/04/18/c3575c8005f0a1c5e66772e422fa23c8.json
2025-04-18 00:44:38,482 - CloudStorage - INFO - Successfully stored raw HTML for https://play.google.com/store/apps/details?id=org.wikipedia&referrer=utm_source%3Dportal%26utm_medium%3Dbutton%26anid%3Dadmob at s3://web-crawler-data-storage/raw_html/2025/04/18/999ec284cceaef3b439da23caa40004f.html
2025-04-18 00:44:38,831 - CloudStorage - INFO - Successfully stored processed text for https://play.google.com/store/apps/details?id=org.wikipedia&referrer=utm_source%3Dportal%26utm_medium%3Dbutton%26anid%3Dadmob at s3://web-crawler-data-storage/processed_text/2025/04/18/999ec284cceaef3b439da23caa40004f.txt
2025-04-18 00:44:39,172 - CloudStorage - INFO - Successfully stored metadata for https://play.google.com/store/apps/details?id=org.wikipedia&referrer=utm_source%3Dportal%26utm_medium%3Dbutton%26anid%3Dadmob at s3://web-crawler-data-storage/metadata/2025/04/18/999ec284cceaef3b439da23caa40004f.json
2025-04-18 00:44:48,180 - CloudStorage - INFO - Successfully stored raw HTML for https://meta.wikimedia.org/wiki/Special:MyLanguage/List_of_Wikipedias at s3://web-crawler-data-storage/raw_html/2025/04/18/e89764c6976518e91ebe50251fa3fe33.html
2025-04-18 00:44:49,451 - CloudStorage - INFO - Successfully stored processed text for https://meta.wikimedia.org/wiki/Special:MyLanguage/List_of_Wikipedias at s3://web-crawler-data-storage/processed_text/2025/04/18/e89764c6976518e91ebe50251fa3fe33.txt
2025-04-18 00:44:49,925 - CloudStorage - INFO - Successfully stored metadata for https://meta.wikimedia.org/wiki/Special:MyLanguage/List_of_Wikipedias at s3://web-crawler-data-storage/metadata/2025/04/18/e89764c6976518e91ebe50251fa3fe33.json
2025-04-18 00:44:51,322 - CloudStorage - INFO - Successfully stored raw HTML for https://www.python.org/psf/ at s3://web-crawler-data-storage/raw_html/2025/04/18/491903eb8c7de2458019af2a1cd6a86c.html
2025-04-18 00:44:51,650 - CloudStorage - INFO - Successfully stored processed text for https://www.python.org/psf/ at s3://web-crawler-data-storage/processed_text/2025/04/18/491903eb8c7de2458019af2a1cd6a86c.txt
2025-04-18 00:44:51,952 - CloudStorage - INFO - Successfully stored metadata for https://www.python.org/psf/ at s3://web-crawler-data-storage/metadata/2025/04/18/491903eb8c7de2458019af2a1cd6a86c.json
2025-04-18 00:44:53,070 - CloudStorage - INFO - Successfully stored raw HTML for https://psfmember.org/civicrm/contribute/transact?reset=1&id=2 at s3://web-crawler-data-storage/raw_html/2025/04/18/618bfe50d3538b5c56fc1f83e629ea52.html
2025-04-18 00:44:53,388 - CloudStorage - INFO - Successfully stored processed text for https://psfmember.org/civicrm/contribute/transact?reset=1&id=2 at s3://web-crawler-data-storage/processed_text/2025/04/18/618bfe50d3538b5c56fc1f83e629ea52.txt
2025-04-18 00:44:53,698 - CloudStorage - INFO - Successfully stored metadata for https://psfmember.org/civicrm/contribute/transact?reset=1&id=2 at s3://web-crawler-data-storage/metadata/2025/04/18/618bfe50d3538b5c56fc1f83e629ea52.json
2025-04-18 00:44:54,366 - CloudStorage - INFO - Successfully stored raw HTML for https://pypi.org/ at s3://web-crawler-data-storage/raw_html/2025/04/18/419defafa8b1d9a6418edbb446e9db79.html
2025-04-18 00:44:54,680 - CloudStorage - INFO - Successfully stored processed text for https://pypi.org/ at s3://web-crawler-data-storage/processed_text/2025/04/18/419defafa8b1d9a6418edbb446e9db79.txt
2025-04-18 00:44:54,980 - CloudStorage - INFO - Successfully stored metadata for https://pypi.org/ at s3://web-crawler-data-storage/metadata/2025/04/18/419defafa8b1d9a6418edbb446e9db79.json
2025-04-18 00:44:58,198 - CloudStorage - INFO - Successfully stored raw HTML for https://itunes.apple.com/app/apple-store/id324715238?pt=208305&ct=portal&mt=8 at s3://web-crawler-data-storage/raw_html/2025/04/18/4ab61f2e1910f4ba05089d1f2e2e5e61.html
2025-04-18 00:44:58,521 - CloudStorage - INFO - Successfully stored processed text for https://itunes.apple.com/app/apple-store/id324715238?pt=208305&ct=portal&mt=8 at s3://web-crawler-data-storage/processed_text/2025/04/18/4ab61f2e1910f4ba05089d1f2e2e5e61.txt
2025-04-18 00:44:58,841 - CloudStorage - INFO - Successfully stored metadata for https://itunes.apple.com/app/apple-store/id324715238?pt=208305&ct=portal&mt=8 at s3://web-crawler-data-storage/metadata/2025/04/18/4ab61f2e1910f4ba05089d1f2e2e5e61.json
2025-04-18 00:45:01,439 - CloudStorage - INFO - Successfully stored raw HTML for https://github.com/features/copilot at s3://web-crawler-data-storage/raw_html/2025/04/18/dba769c840ccac35bd2dae4b74d18025.html
2025-04-18 00:45:02,637 - CloudStorage - INFO - Successfully stored processed text for https://github.com/features/copilot at s3://web-crawler-data-storage/processed_text/2025/04/18/dba769c840ccac35bd2dae4b74d18025.txt
2025-04-18 00:45:03,161 - CloudStorage - INFO - Successfully stored metadata for https://github.com/features/copilot at s3://web-crawler-data-storage/metadata/2025/04/18/dba769c840ccac35bd2dae4b74d18025.json
2025-04-18 00:45:04,462 - CloudStorage - INFO - Successfully stored raw HTML for https://docs.python.org at s3://web-crawler-data-storage/raw_html/2025/04/18/ab87040aecf47a23a07dc06153094d21.html
2025-04-18 00:45:04,765 - CloudStorage - INFO - Successfully stored processed text for https://docs.python.org at s3://web-crawler-data-storage/processed_text/2025/04/18/ab87040aecf47a23a07dc06153094d21.txt
2025-04-18 00:45:05,096 - CloudStorage - INFO - Successfully stored metadata for https://docs.python.org at s3://web-crawler-data-storage/metadata/2025/04/18/ab87040aecf47a23a07dc06153094d21.json
2025-04-18 00:45:06,688 - CloudStorage - INFO - Successfully stored raw HTML for https://github.com/features/actions at s3://web-crawler-data-storage/raw_html/2025/04/18/d7af0858294d18fa9f4dc16984f9a98d.html
2025-04-18 00:45:07,201 - CloudStorage - INFO - Successfully stored processed text for https://github.com/features/actions at s3://web-crawler-data-storage/processed_text/2025/04/18/d7af0858294d18fa9f4dc16984f9a98d.txt
2025-04-18 00:45:07,514 - CloudStorage - INFO - Successfully stored metadata for https://github.com/features/actions at s3://web-crawler-data-storage/metadata/2025/04/18/d7af0858294d18fa9f4dc16984f9a98d.json
2025-04-18 00:45:07,984 - CloudStorage - INFO - Successfully stored raw HTML for https://www.linkedin.com/company/python-software-foundation/ at s3://web-crawler-data-storage/raw_html/2025/04/18/d90ed6113df7505dad451d6f07e252ac.html
2025-04-18 00:45:08,270 - CloudStorage - INFO - Successfully stored processed text for https://www.linkedin.com/company/python-software-foundation/ at s3://web-crawler-data-storage/processed_text/2025/04/18/d90ed6113df7505dad451d6f07e252ac.txt
2025-04-18 00:45:08,566 - CloudStorage - INFO - Successfully stored metadata for https://www.linkedin.com/company/python-software-foundation/ at s3://web-crawler-data-storage/metadata/2025/04/18/d90ed6113df7505dad451d6f07e252ac.json
2025-04-18 00:45:10,665 - CloudStorage - INFO - Successfully stored raw HTML for https://github.com/features/codespaces at s3://web-crawler-data-storage/raw_html/2025/04/18/9b0feeb833799d4ed2b4e16427b7032e.html
2025-04-18 00:45:10,982 - CloudStorage - INFO - Successfully stored processed text for https://github.com/features/codespaces at s3://web-crawler-data-storage/processed_text/2025/04/18/9b0feeb833799d4ed2b4e16427b7032e.txt
2025-04-18 00:45:11,887 - CloudStorage - INFO - Successfully stored metadata for https://github.com/features/codespaces at s3://web-crawler-data-storage/metadata/2025/04/18/9b0feeb833799d4ed2b4e16427b7032e.json
2025-04-18 00:45:13,559 - CloudStorage - INFO - Successfully stored raw HTML for https://www.reddit.com/login/ at s3://web-crawler-data-storage/raw_html/2025/04/18/686b8a13c276555c1986636287e1b566.html
2025-04-18 00:45:13,857 - CloudStorage - INFO - Successfully stored processed text for https://www.reddit.com/login/ at s3://web-crawler-data-storage/processed_text/2025/04/18/686b8a13c276555c1986636287e1b566.txt
2025-04-18 00:45:14,155 - CloudStorage - INFO - Successfully stored metadata for https://www.reddit.com/login/ at s3://web-crawler-data-storage/metadata/2025/04/18/686b8a13c276555c1986636287e1b566.json
2025-04-18 00:45:17,147 - CloudStorage - INFO - Successfully stored raw HTML for https://github.com/security/advanced-security at s3://web-crawler-data-storage/raw_html/2025/04/18/1fe3a393f05c47bb0a664cde7f830a83.html
2025-04-18 00:45:17,574 - CloudStorage - INFO - Successfully stored processed text for https://github.com/security/advanced-security at s3://web-crawler-data-storage/processed_text/2025/04/18/1fe3a393f05c47bb0a664cde7f830a83.txt
2025-04-18 00:45:18,593 - CloudStorage - INFO - Successfully stored metadata for https://github.com/security/advanced-security at s3://web-crawler-data-storage/metadata/2025/04/18/1fe3a393f05c47bb0a664cde7f830a83.json
2025-04-18 23:08:46,083 - CloudStorage - INFO - Loaded AWS configuration from aws_config.json
2025-04-18 23:08:47,276 - CloudStorage - INFO - Bucket web-crawler-data-storage already exists
2025-04-18 23:08:47,277 - CloudStorage - INFO - Successfully connected to AWS S3 in region us-east-1
2025-04-18 23:08:50,741 - CloudStorage - INFO - Successfully stored raw HTML for https://www.wikipedia.org at s3://web-crawler-data-storage/raw_html/2025/04/18/8d1d8a3956ab5668e1da4e3e7f856f08.html
2025-04-18 23:08:51,042 - CloudStorage - INFO - Successfully stored processed text for https://www.wikipedia.org at s3://web-crawler-data-storage/processed_text/2025/04/18/8d1d8a3956ab5668e1da4e3e7f856f08.txt
2025-04-18 23:08:51,371 - CloudStorage - INFO - Successfully stored metadata for https://www.wikipedia.org at s3://web-crawler-data-storage/metadata/2025/04/18/8d1d8a3956ab5668e1da4e3e7f856f08.json
2025-04-18 23:08:54,053 - CloudStorage - INFO - Successfully stored raw HTML for https://www.reddit.com at s3://web-crawler-data-storage/raw_html/2025/04/18/30dd8fd5626b7e36783516a6e238baf2.html
2025-04-18 23:08:54,354 - CloudStorage - INFO - Successfully stored processed text for https://www.reddit.com at s3://web-crawler-data-storage/processed_text/2025/04/18/30dd8fd5626b7e36783516a6e238baf2.txt
2025-04-18 23:08:54,658 - CloudStorage - INFO - Successfully stored metadata for https://www.reddit.com at s3://web-crawler-data-storage/metadata/2025/04/18/30dd8fd5626b7e36783516a6e238baf2.json
2025-04-18 23:08:55,393 - CloudStorage - INFO - Successfully stored raw HTML for https://www.python.org at s3://web-crawler-data-storage/raw_html/2025/04/18/c137682bbb0946674f25d1d4bd9e07a0.html
2025-04-18 23:08:55,699 - CloudStorage - INFO - Successfully stored processed text for https://www.python.org at s3://web-crawler-data-storage/processed_text/2025/04/18/c137682bbb0946674f25d1d4bd9e07a0.txt
2025-04-18 23:08:56,011 - CloudStorage - INFO - Successfully stored metadata for https://www.python.org at s3://web-crawler-data-storage/metadata/2025/04/18/c137682bbb0946674f25d1d4bd9e07a0.json
2025-04-18 23:08:57,411 - CloudStorage - INFO - Successfully stored raw HTML for https://www.github.com at s3://web-crawler-data-storage/raw_html/2025/04/18/1895ab41ad3a81f6fd0a194bbc337a22.html
2025-04-18 23:08:57,729 - CloudStorage - INFO - Successfully stored processed text for https://www.github.com at s3://web-crawler-data-storage/processed_text/2025/04/18/1895ab41ad3a81f6fd0a194bbc337a22.txt
2025-04-18 23:08:58,043 - CloudStorage - INFO - Successfully stored metadata for https://www.github.com at s3://web-crawler-data-storage/metadata/2025/04/18/1895ab41ad3a81f6fd0a194bbc337a22.json
2025-04-18 23:09:00,340 - CloudStorage - INFO - Successfully stored raw HTML for https://www.stackoverflow.com at s3://web-crawler-data-storage/raw_html/2025/04/18/2415620324baad2a5308e2c497763b12.html
2025-04-18 23:09:00,695 - CloudStorage - INFO - Successfully stored processed text for https://www.stackoverflow.com at s3://web-crawler-data-storage/processed_text/2025/04/18/2415620324baad2a5308e2c497763b12.txt
2025-04-18 23:09:01,051 - CloudStorage - INFO - Successfully stored metadata for https://www.stackoverflow.com at s3://web-crawler-data-storage/metadata/2025/04/18/2415620324baad2a5308e2c497763b12.json
2025-04-18 23:09:01,849 - CloudStorage - INFO - Successfully stored raw HTML for https://donate.wikimedia.org/?wmf_medium=portal&wmf_campaign=portalFooter&wmf_source=portalFooter at s3://web-crawler-data-storage/raw_html/2025/04/18/e80926e2c85c2736bd72ce8f1fda94c6.html
2025-04-18 23:09:02,150 - CloudStorage - INFO - Successfully stored processed text for https://donate.wikimedia.org/?wmf_medium=portal&wmf_campaign=portalFooter&wmf_source=portalFooter at s3://web-crawler-data-storage/processed_text/2025/04/18/e80926e2c85c2736bd72ce8f1fda94c6.txt
2025-04-18 23:09:02,459 - CloudStorage - INFO - Successfully stored metadata for https://donate.wikimedia.org/?wmf_medium=portal&wmf_campaign=portalFooter&wmf_source=portalFooter at s3://web-crawler-data-storage/metadata/2025/04/18/e80926e2c85c2736bd72ce8f1fda94c6.json
2025-04-18 23:09:05,135 - CloudStorage - INFO - Successfully stored raw HTML for https://meta.wikimedia.org/wiki/Special:MyLanguage/List_of_Wikipedias at s3://web-crawler-data-storage/raw_html/2025/04/18/e89764c6976518e91ebe50251fa3fe33.html
2025-04-18 23:09:05,654 - CloudStorage - INFO - Successfully stored processed text for https://meta.wikimedia.org/wiki/Special:MyLanguage/List_of_Wikipedias at s3://web-crawler-data-storage/processed_text/2025/04/18/e89764c6976518e91ebe50251fa3fe33.txt
2025-04-18 23:09:06,093 - CloudStorage - INFO - Successfully stored metadata for https://meta.wikimedia.org/wiki/Special:MyLanguage/List_of_Wikipedias at s3://web-crawler-data-storage/metadata/2025/04/18/e89764c6976518e91ebe50251fa3fe33.json
2025-04-18 23:09:07,357 - CloudStorage - INFO - Successfully stored raw HTML for https://en.wikipedia.org/wiki/List_of_Wikipedia_mobile_applications at s3://web-crawler-data-storage/raw_html/2025/04/18/c3575c8005f0a1c5e66772e422fa23c8.html
2025-04-18 23:09:07,747 - CloudStorage - INFO - Successfully stored processed text for https://en.wikipedia.org/wiki/List_of_Wikipedia_mobile_applications at s3://web-crawler-data-storage/processed_text/2025/04/18/c3575c8005f0a1c5e66772e422fa23c8.txt
2025-04-18 23:09:08,054 - CloudStorage - INFO - Successfully stored metadata for https://en.wikipedia.org/wiki/List_of_Wikipedia_mobile_applications at s3://web-crawler-data-storage/metadata/2025/04/18/c3575c8005f0a1c5e66772e422fa23c8.json
2025-04-18 23:09:12,568 - CloudStorage - INFO - Successfully stored raw HTML for https://play.google.com/store/apps/details?id=org.wikipedia&referrer=utm_source%3Dportal%26utm_medium%3Dbutton%26anid%3Dadmob at s3://web-crawler-data-storage/raw_html/2025/04/18/999ec284cceaef3b439da23caa40004f.html
2025-04-18 23:09:13,033 - CloudStorage - INFO - Successfully stored processed text for https://play.google.com/store/apps/details?id=org.wikipedia&referrer=utm_source%3Dportal%26utm_medium%3Dbutton%26anid%3Dadmob at s3://web-crawler-data-storage/processed_text/2025/04/18/999ec284cceaef3b439da23caa40004f.txt
2025-04-18 23:09:13,394 - CloudStorage - INFO - Successfully stored metadata for https://play.google.com/store/apps/details?id=org.wikipedia&referrer=utm_source%3Dportal%26utm_medium%3Dbutton%26anid%3Dadmob at s3://web-crawler-data-storage/metadata/2025/04/18/999ec284cceaef3b439da23caa40004f.json
2025-04-18 23:09:14,885 - CloudStorage - INFO - Successfully stored raw HTML for https://www.python.org/psf/ at s3://web-crawler-data-storage/raw_html/2025/04/18/491903eb8c7de2458019af2a1cd6a86c.html
2025-04-18 23:09:16,735 - CloudStorage - INFO - Successfully stored processed text for https://www.python.org/psf/ at s3://web-crawler-data-storage/processed_text/2025/04/18/491903eb8c7de2458019af2a1cd6a86c.txt
2025-04-18 23:09:18,300 - CloudStorage - INFO - Successfully stored metadata for https://www.python.org/psf/ at s3://web-crawler-data-storage/metadata/2025/04/18/491903eb8c7de2458019af2a1cd6a86c.json
2025-04-18 23:09:20,218 - CloudStorage - INFO - Successfully stored raw HTML for https://pypi.org/ at s3://web-crawler-data-storage/raw_html/2025/04/18/419defafa8b1d9a6418edbb446e9db79.html
2025-04-18 23:09:20,650 - CloudStorage - INFO - Successfully stored processed text for https://pypi.org/ at s3://web-crawler-data-storage/processed_text/2025/04/18/419defafa8b1d9a6418edbb446e9db79.txt
2025-04-18 23:09:20,959 - CloudStorage - INFO - Successfully stored metadata for https://pypi.org/ at s3://web-crawler-data-storage/metadata/2025/04/18/419defafa8b1d9a6418edbb446e9db79.json
2025-04-18 23:09:22,038 - CloudStorage - INFO - Successfully stored raw HTML for https://psfmember.org/civicrm/contribute/transact?reset=1&id=2 at s3://web-crawler-data-storage/raw_html/2025/04/18/618bfe50d3538b5c56fc1f83e629ea52.html
2025-04-18 23:09:22,368 - CloudStorage - INFO - Successfully stored processed text for https://psfmember.org/civicrm/contribute/transact?reset=1&id=2 at s3://web-crawler-data-storage/processed_text/2025/04/18/618bfe50d3538b5c56fc1f83e629ea52.txt
2025-04-18 23:09:22,680 - CloudStorage - INFO - Successfully stored metadata for https://psfmember.org/civicrm/contribute/transact?reset=1&id=2 at s3://web-crawler-data-storage/metadata/2025/04/18/618bfe50d3538b5c56fc1f83e629ea52.json
2025-04-18 23:09:23,279 - CloudStorage - INFO - Successfully stored raw HTML for https://docs.python.org at s3://web-crawler-data-storage/raw_html/2025/04/18/ab87040aecf47a23a07dc06153094d21.html
2025-04-18 23:09:23,604 - CloudStorage - INFO - Successfully stored processed text for https://docs.python.org at s3://web-crawler-data-storage/processed_text/2025/04/18/ab87040aecf47a23a07dc06153094d21.txt
2025-04-18 23:09:23,913 - CloudStorage - INFO - Successfully stored metadata for https://docs.python.org at s3://web-crawler-data-storage/metadata/2025/04/18/ab87040aecf47a23a07dc06153094d21.json
2025-04-18 23:09:25,411 - CloudStorage - INFO - Successfully stored raw HTML for https://github.com/security/advanced-security at s3://web-crawler-data-storage/raw_html/2025/04/18/1fe3a393f05c47bb0a664cde7f830a83.html
2025-04-18 23:09:25,732 - CloudStorage - INFO - Successfully stored processed text for https://github.com/security/advanced-security at s3://web-crawler-data-storage/processed_text/2025/04/18/1fe3a393f05c47bb0a664cde7f830a83.txt
2025-04-18 23:09:26,045 - CloudStorage - INFO - Successfully stored metadata for https://github.com/security/advanced-security at s3://web-crawler-data-storage/metadata/2025/04/18/1fe3a393f05c47bb0a664cde7f830a83.json
2025-04-18 23:09:29,450 - CloudStorage - INFO - Successfully stored raw HTML for https://itunes.apple.com/app/apple-store/id324715238?pt=208305&ct=portal&mt=8 at s3://web-crawler-data-storage/raw_html/2025/04/18/4ab61f2e1910f4ba05089d1f2e2e5e61.html
2025-04-18 23:09:29,798 - CloudStorage - INFO - Successfully stored processed text for https://itunes.apple.com/app/apple-store/id324715238?pt=208305&ct=portal&mt=8 at s3://web-crawler-data-storage/processed_text/2025/04/18/4ab61f2e1910f4ba05089d1f2e2e5e61.txt
2025-04-18 23:09:30,216 - CloudStorage - INFO - Successfully stored metadata for https://itunes.apple.com/app/apple-store/id324715238?pt=208305&ct=portal&mt=8 at s3://web-crawler-data-storage/metadata/2025/04/18/4ab61f2e1910f4ba05089d1f2e2e5e61.json
2025-04-18 23:09:31,882 - CloudStorage - INFO - Successfully stored raw HTML for https://github.com/features/codespaces at s3://web-crawler-data-storage/raw_html/2025/04/18/9b0feeb833799d4ed2b4e16427b7032e.html
2025-04-18 23:09:32,200 - CloudStorage - INFO - Successfully stored processed text for https://github.com/features/codespaces at s3://web-crawler-data-storage/processed_text/2025/04/18/9b0feeb833799d4ed2b4e16427b7032e.txt
2025-04-18 23:09:32,511 - CloudStorage - INFO - Successfully stored metadata for https://github.com/features/codespaces at s3://web-crawler-data-storage/metadata/2025/04/18/9b0feeb833799d4ed2b4e16427b7032e.json
2025-04-18 23:09:35,201 - CloudStorage - INFO - Successfully stored raw HTML for https://github.com/features/copilot at s3://web-crawler-data-storage/raw_html/2025/04/18/dba769c840ccac35bd2dae4b74d18025.html
2025-04-18 23:09:35,682 - CloudStorage - INFO - Successfully stored processed text for https://github.com/features/copilot at s3://web-crawler-data-storage/processed_text/2025/04/18/dba769c840ccac35bd2dae4b74d18025.txt
2025-04-18 23:09:36,155 - CloudStorage - INFO - Successfully stored metadata for https://github.com/features/copilot at s3://web-crawler-data-storage/metadata/2025/04/18/dba769c840ccac35bd2dae4b74d18025.json
2025-04-18 23:09:37,840 - CloudStorage - INFO - Successfully stored raw HTML for https://github.com/features/issues at s3://web-crawler-data-storage/raw_html/2025/04/18/e2829aebb11ffc941af2d189e2298796.html
2025-04-18 23:09:38,169 - CloudStorage - INFO - Successfully stored processed text for https://github.com/features/issues at s3://web-crawler-data-storage/processed_text/2025/04/18/e2829aebb11ffc941af2d189e2298796.txt
2025-04-18 23:09:38,485 - CloudStorage - INFO - Successfully stored metadata for https://github.com/features/issues at s3://web-crawler-data-storage/metadata/2025/04/18/e2829aebb11ffc941af2d189e2298796.json
2025-04-18 23:09:38,961 - CloudStorage - INFO - Successfully stored raw HTML for https://www.linkedin.com/company/python-software-foundation/ at s3://web-crawler-data-storage/raw_html/2025/04/18/d90ed6113df7505dad451d6f07e252ac.html
2025-04-18 23:09:39,255 - CloudStorage - INFO - Successfully stored processed text for https://www.linkedin.com/company/python-software-foundation/ at s3://web-crawler-data-storage/processed_text/2025/04/18/d90ed6113df7505dad451d6f07e252ac.txt
2025-04-18 23:09:39,565 - CloudStorage - INFO - Successfully stored metadata for https://www.linkedin.com/company/python-software-foundation/ at s3://web-crawler-data-storage/metadata/2025/04/18/d90ed6113df7505dad451d6f07e252ac.json
2025-04-18 23:09:41,451 - CloudStorage - INFO - Successfully stored raw HTML for https://github.com/features/actions at s3://web-crawler-data-storage/raw_html/2025/04/18/d7af0858294d18fa9f4dc16984f9a98d.html
2025-04-18 23:09:41,758 - CloudStorage - INFO - Successfully stored processed text for https://github.com/features/actions at s3://web-crawler-data-storage/processed_text/2025/04/18/d7af0858294d18fa9f4dc16984f9a98d.txt
2025-04-18 23:09:42,065 - CloudStorage - INFO - Successfully stored metadata for https://github.com/features/actions at s3://web-crawler-data-storage/metadata/2025/04/18/d7af0858294d18fa9f4dc16984f9a98d.json
2025-04-18 23:09:43,645 - CloudStorage - INFO - Successfully stored raw HTML for https://www.reddit.com/login/ at s3://web-crawler-data-storage/raw_html/2025/04/18/686b8a13c276555c1986636287e1b566.html
2025-04-18 23:09:43,958 - CloudStorage - INFO - Successfully stored processed text for https://www.reddit.com/login/ at s3://web-crawler-data-storage/processed_text/2025/04/18/686b8a13c276555c1986636287e1b566.txt
2025-04-18 23:09:44,250 - CloudStorage - INFO - Successfully stored metadata for https://www.reddit.com/login/ at s3://web-crawler-data-storage/metadata/2025/04/18/686b8a13c276555c1986636287e1b566.json
2025-04-18 23:21:45,026 - CloudStorage - INFO - Loaded AWS configuration from aws_config.json
2025-04-18 23:21:45,950 - CloudStorage - INFO - Bucket web-crawler-data-storage already exists
2025-04-18 23:21:45,951 - CloudStorage - INFO - Successfully connected to AWS S3 in region us-east-1
2025-04-18 23:21:49,390 - CloudStorage - INFO - Successfully stored raw HTML for https://www.wikipedia.org at s3://web-crawler-data-storage/raw_html/2025/04/18/8d1d8a3956ab5668e1da4e3e7f856f08.html
2025-04-18 23:21:49,703 - CloudStorage - INFO - Successfully stored processed text for https://www.wikipedia.org at s3://web-crawler-data-storage/processed_text/2025/04/18/8d1d8a3956ab5668e1da4e3e7f856f08.txt
2025-04-18 23:21:50,017 - CloudStorage - INFO - Successfully stored metadata for https://www.wikipedia.org at s3://web-crawler-data-storage/metadata/2025/04/18/8d1d8a3956ab5668e1da4e3e7f856f08.json
2025-04-18 23:21:53,023 - CloudStorage - INFO - Successfully stored raw HTML for https://www.reddit.com at s3://web-crawler-data-storage/raw_html/2025/04/18/30dd8fd5626b7e36783516a6e238baf2.html
2025-04-18 23:21:53,344 - CloudStorage - INFO - Successfully stored processed text for https://www.reddit.com at s3://web-crawler-data-storage/processed_text/2025/04/18/30dd8fd5626b7e36783516a6e238baf2.txt
2025-04-18 23:21:53,660 - CloudStorage - INFO - Successfully stored metadata for https://www.reddit.com at s3://web-crawler-data-storage/metadata/2025/04/18/30dd8fd5626b7e36783516a6e238baf2.json
2025-04-18 23:21:54,438 - CloudStorage - INFO - Successfully stored raw HTML for https://www.python.org at s3://web-crawler-data-storage/raw_html/2025/04/18/c137682bbb0946674f25d1d4bd9e07a0.html
2025-04-18 23:21:54,759 - CloudStorage - INFO - Successfully stored processed text for https://www.python.org at s3://web-crawler-data-storage/processed_text/2025/04/18/c137682bbb0946674f25d1d4bd9e07a0.txt
2025-04-18 23:21:55,066 - CloudStorage - INFO - Successfully stored metadata for https://www.python.org at s3://web-crawler-data-storage/metadata/2025/04/18/c137682bbb0946674f25d1d4bd9e07a0.json
2025-04-18 23:21:57,423 - CloudStorage - INFO - Successfully stored raw HTML for https://www.github.com at s3://web-crawler-data-storage/raw_html/2025/04/18/1895ab41ad3a81f6fd0a194bbc337a22.html
2025-04-18 23:21:57,758 - CloudStorage - INFO - Successfully stored processed text for https://www.github.com at s3://web-crawler-data-storage/processed_text/2025/04/18/1895ab41ad3a81f6fd0a194bbc337a22.txt
2025-04-18 23:21:58,107 - CloudStorage - INFO - Successfully stored metadata for https://www.github.com at s3://web-crawler-data-storage/metadata/2025/04/18/1895ab41ad3a81f6fd0a194bbc337a22.json
2025-04-18 23:22:00,257 - CloudStorage - INFO - Successfully stored raw HTML for https://www.stackoverflow.com at s3://web-crawler-data-storage/raw_html/2025/04/18/2415620324baad2a5308e2c497763b12.html
2025-04-18 23:22:00,629 - CloudStorage - INFO - Successfully stored processed text for https://www.stackoverflow.com at s3://web-crawler-data-storage/processed_text/2025/04/18/2415620324baad2a5308e2c497763b12.txt
2025-04-18 23:22:00,999 - CloudStorage - INFO - Successfully stored metadata for https://www.stackoverflow.com at s3://web-crawler-data-storage/metadata/2025/04/18/2415620324baad2a5308e2c497763b12.json
2025-04-18 23:22:01,902 - CloudStorage - INFO - Successfully stored raw HTML for https://donate.wikimedia.org/?wmf_medium=portal&wmf_campaign=portalFooter&wmf_source=portalFooter at s3://web-crawler-data-storage/raw_html/2025/04/18/e80926e2c85c2736bd72ce8f1fda94c6.html
2025-04-18 23:22:02,223 - CloudStorage - INFO - Successfully stored processed text for https://donate.wikimedia.org/?wmf_medium=portal&wmf_campaign=portalFooter&wmf_source=portalFooter at s3://web-crawler-data-storage/processed_text/2025/04/18/e80926e2c85c2736bd72ce8f1fda94c6.txt
2025-04-18 23:22:02,544 - CloudStorage - INFO - Successfully stored metadata for https://donate.wikimedia.org/?wmf_medium=portal&wmf_campaign=portalFooter&wmf_source=portalFooter at s3://web-crawler-data-storage/metadata/2025/04/18/e80926e2c85c2736bd72ce8f1fda94c6.json
2025-04-18 23:22:05,572 - CloudStorage - INFO - Successfully stored raw HTML for https://meta.wikimedia.org/wiki/Special:MyLanguage/List_of_Wikipedias at s3://web-crawler-data-storage/raw_html/2025/04/18/e89764c6976518e91ebe50251fa3fe33.html
2025-04-18 23:22:06,011 - CloudStorage - INFO - Successfully stored processed text for https://meta.wikimedia.org/wiki/Special:MyLanguage/List_of_Wikipedias at s3://web-crawler-data-storage/processed_text/2025/04/18/e89764c6976518e91ebe50251fa3fe33.txt
2025-04-18 23:22:06,452 - CloudStorage - INFO - Successfully stored metadata for https://meta.wikimedia.org/wiki/Special:MyLanguage/List_of_Wikipedias at s3://web-crawler-data-storage/metadata/2025/04/18/e89764c6976518e91ebe50251fa3fe33.json
2025-04-18 23:22:07,697 - CloudStorage - INFO - Successfully stored raw HTML for https://en.wikipedia.org/wiki/List_of_Wikipedia_mobile_applications at s3://web-crawler-data-storage/raw_html/2025/04/18/c3575c8005f0a1c5e66772e422fa23c8.html
2025-04-18 23:22:08,011 - CloudStorage - INFO - Successfully stored processed text for https://en.wikipedia.org/wiki/List_of_Wikipedia_mobile_applications at s3://web-crawler-data-storage/processed_text/2025/04/18/c3575c8005f0a1c5e66772e422fa23c8.txt
2025-04-18 23:22:08,321 - CloudStorage - INFO - Successfully stored metadata for https://en.wikipedia.org/wiki/List_of_Wikipedia_mobile_applications at s3://web-crawler-data-storage/metadata/2025/04/18/c3575c8005f0a1c5e66772e422fa23c8.json
2025-04-18 23:22:12,829 - CloudStorage - INFO - Successfully stored raw HTML for https://play.google.com/store/apps/details?id=org.wikipedia&referrer=utm_source%3Dportal%26utm_medium%3Dbutton%26anid%3Dadmob at s3://web-crawler-data-storage/raw_html/2025/04/18/999ec284cceaef3b439da23caa40004f.html
2025-04-18 23:22:13,151 - CloudStorage - INFO - Successfully stored processed text for https://play.google.com/store/apps/details?id=org.wikipedia&referrer=utm_source%3Dportal%26utm_medium%3Dbutton%26anid%3Dadmob at s3://web-crawler-data-storage/processed_text/2025/04/18/999ec284cceaef3b439da23caa40004f.txt
2025-04-18 23:22:13,501 - CloudStorage - INFO - Successfully stored metadata for https://play.google.com/store/apps/details?id=org.wikipedia&referrer=utm_source%3Dportal%26utm_medium%3Dbutton%26anid%3Dadmob at s3://web-crawler-data-storage/metadata/2025/04/18/999ec284cceaef3b439da23caa40004f.json
2025-04-18 23:22:14,192 - CloudStorage - INFO - Successfully stored raw HTML for https://www.python.org/psf/ at s3://web-crawler-data-storage/raw_html/2025/04/18/491903eb8c7de2458019af2a1cd6a86c.html
2025-04-18 23:22:14,496 - CloudStorage - INFO - Successfully stored processed text for https://www.python.org/psf/ at s3://web-crawler-data-storage/processed_text/2025/04/18/491903eb8c7de2458019af2a1cd6a86c.txt
2025-04-18 23:22:14,809 - CloudStorage - INFO - Successfully stored metadata for https://www.python.org/psf/ at s3://web-crawler-data-storage/metadata/2025/04/18/491903eb8c7de2458019af2a1cd6a86c.json
2025-04-18 23:22:15,358 - CloudStorage - INFO - Successfully stored raw HTML for https://pypi.org/ at s3://web-crawler-data-storage/raw_html/2025/04/18/419defafa8b1d9a6418edbb446e9db79.html
2025-04-18 23:22:15,745 - CloudStorage - INFO - Successfully stored processed text for https://pypi.org/ at s3://web-crawler-data-storage/processed_text/2025/04/18/419defafa8b1d9a6418edbb446e9db79.txt
2025-04-18 23:22:16,052 - CloudStorage - INFO - Successfully stored metadata for https://pypi.org/ at s3://web-crawler-data-storage/metadata/2025/04/18/419defafa8b1d9a6418edbb446e9db79.json
2025-04-18 23:22:17,052 - CloudStorage - INFO - Successfully stored raw HTML for https://psfmember.org/civicrm/contribute/transact?reset=1&id=2 at s3://web-crawler-data-storage/raw_html/2025/04/18/618bfe50d3538b5c56fc1f83e629ea52.html
2025-04-18 23:22:17,378 - CloudStorage - INFO - Successfully stored processed text for https://psfmember.org/civicrm/contribute/transact?reset=1&id=2 at s3://web-crawler-data-storage/processed_text/2025/04/18/618bfe50d3538b5c56fc1f83e629ea52.txt
2025-04-18 23:22:17,703 - CloudStorage - INFO - Successfully stored metadata for https://psfmember.org/civicrm/contribute/transact?reset=1&id=2 at s3://web-crawler-data-storage/metadata/2025/04/18/618bfe50d3538b5c56fc1f83e629ea52.json
2025-04-18 23:22:18,292 - CloudStorage - INFO - Successfully stored raw HTML for https://docs.python.org at s3://web-crawler-data-storage/raw_html/2025/04/18/ab87040aecf47a23a07dc06153094d21.html
2025-04-18 23:22:18,598 - CloudStorage - INFO - Successfully stored processed text for https://docs.python.org at s3://web-crawler-data-storage/processed_text/2025/04/18/ab87040aecf47a23a07dc06153094d21.txt
2025-04-18 23:22:18,905 - CloudStorage - INFO - Successfully stored metadata for https://docs.python.org at s3://web-crawler-data-storage/metadata/2025/04/18/ab87040aecf47a23a07dc06153094d21.json
2025-04-18 23:25:08,886 - CloudStorage - INFO - Loaded AWS configuration from aws_config.json
2025-04-18 23:25:09,788 - CloudStorage - INFO - Bucket web-crawler-data-storage already exists
2025-04-18 23:25:09,789 - CloudStorage - INFO - Successfully connected to AWS S3 in region us-east-1
2025-04-18 23:25:13,077 - CloudStorage - INFO - Successfully stored raw HTML for https://www.wikipedia.org at s3://web-crawler-data-storage/raw_html/2025/04/18/8d1d8a3956ab5668e1da4e3e7f856f08.html
2025-04-18 23:25:13,377 - CloudStorage - INFO - Successfully stored processed text for https://www.wikipedia.org at s3://web-crawler-data-storage/processed_text/2025/04/18/8d1d8a3956ab5668e1da4e3e7f856f08.txt
2025-04-18 23:25:13,736 - CloudStorage - INFO - Successfully stored metadata for https://www.wikipedia.org at s3://web-crawler-data-storage/metadata/2025/04/18/8d1d8a3956ab5668e1da4e3e7f856f08.json
2025-04-18 23:25:16,865 - CloudStorage - INFO - Successfully stored raw HTML for https://www.reddit.com at s3://web-crawler-data-storage/raw_html/2025/04/18/30dd8fd5626b7e36783516a6e238baf2.html
2025-04-18 23:25:17,227 - CloudStorage - INFO - Successfully stored processed text for https://www.reddit.com at s3://web-crawler-data-storage/processed_text/2025/04/18/30dd8fd5626b7e36783516a6e238baf2.txt
2025-04-18 23:25:17,566 - CloudStorage - INFO - Successfully stored metadata for https://www.reddit.com at s3://web-crawler-data-storage/metadata/2025/04/18/30dd8fd5626b7e36783516a6e238baf2.json
2025-04-18 23:25:18,223 - CloudStorage - INFO - Successfully stored raw HTML for https://www.python.org at s3://web-crawler-data-storage/raw_html/2025/04/18/c137682bbb0946674f25d1d4bd9e07a0.html
2025-04-18 23:25:18,523 - CloudStorage - INFO - Successfully stored processed text for https://www.python.org at s3://web-crawler-data-storage/processed_text/2025/04/18/c137682bbb0946674f25d1d4bd9e07a0.txt
2025-04-18 23:25:18,830 - CloudStorage - INFO - Successfully stored metadata for https://www.python.org at s3://web-crawler-data-storage/metadata/2025/04/18/c137682bbb0946674f25d1d4bd9e07a0.json
2025-04-18 23:25:20,250 - CloudStorage - INFO - Successfully stored raw HTML for https://www.github.com at s3://web-crawler-data-storage/raw_html/2025/04/18/1895ab41ad3a81f6fd0a194bbc337a22.html
2025-04-18 23:25:20,582 - CloudStorage - INFO - Successfully stored processed text for https://www.github.com at s3://web-crawler-data-storage/processed_text/2025/04/18/1895ab41ad3a81f6fd0a194bbc337a22.txt
2025-04-18 23:25:20,910 - CloudStorage - INFO - Successfully stored metadata for https://www.github.com at s3://web-crawler-data-storage/metadata/2025/04/18/1895ab41ad3a81f6fd0a194bbc337a22.json
2025-04-18 23:25:21,640 - CloudStorage - INFO - Successfully stored raw HTML for https://donate.wikimedia.org/?wmf_medium=portal&wmf_campaign=portalFooter&wmf_source=portalFooter at s3://web-crawler-data-storage/raw_html/2025/04/18/e80926e2c85c2736bd72ce8f1fda94c6.html
2025-04-18 23:25:22,020 - CloudStorage - INFO - Successfully stored processed text for https://donate.wikimedia.org/?wmf_medium=portal&wmf_campaign=portalFooter&wmf_source=portalFooter at s3://web-crawler-data-storage/processed_text/2025/04/18/e80926e2c85c2736bd72ce8f1fda94c6.txt
2025-04-18 23:25:22,338 - CloudStorage - INFO - Successfully stored metadata for https://donate.wikimedia.org/?wmf_medium=portal&wmf_campaign=portalFooter&wmf_source=portalFooter at s3://web-crawler-data-storage/metadata/2025/04/18/e80926e2c85c2736bd72ce8f1fda94c6.json
2025-04-18 23:25:25,741 - CloudStorage - INFO - Successfully stored raw HTML for https://meta.wikimedia.org/wiki/Special:MyLanguage/List_of_Wikipedias at s3://web-crawler-data-storage/raw_html/2025/04/18/e89764c6976518e91ebe50251fa3fe33.html
2025-04-18 23:25:26,213 - CloudStorage - INFO - Successfully stored processed text for https://meta.wikimedia.org/wiki/Special:MyLanguage/List_of_Wikipedias at s3://web-crawler-data-storage/processed_text/2025/04/18/e89764c6976518e91ebe50251fa3fe33.txt
2025-04-18 23:25:26,641 - CloudStorage - INFO - Successfully stored metadata for https://meta.wikimedia.org/wiki/Special:MyLanguage/List_of_Wikipedias at s3://web-crawler-data-storage/metadata/2025/04/18/e89764c6976518e91ebe50251fa3fe33.json
2025-04-18 23:25:29,168 - CloudStorage - INFO - Successfully stored raw HTML for https://en.wikipedia.org/wiki/List_of_Wikipedia_mobile_applications at s3://web-crawler-data-storage/raw_html/2025/04/18/c3575c8005f0a1c5e66772e422fa23c8.html
2025-04-18 23:25:29,465 - CloudStorage - INFO - Successfully stored processed text for https://en.wikipedia.org/wiki/List_of_Wikipedia_mobile_applications at s3://web-crawler-data-storage/processed_text/2025/04/18/c3575c8005f0a1c5e66772e422fa23c8.txt
2025-04-18 23:25:29,777 - CloudStorage - INFO - Successfully stored metadata for https://en.wikipedia.org/wiki/List_of_Wikipedia_mobile_applications at s3://web-crawler-data-storage/metadata/2025/04/18/c3575c8005f0a1c5e66772e422fa23c8.json
2025-04-18 23:25:32,433 - CloudStorage - INFO - Successfully stored raw HTML for https://itunes.apple.com/app/apple-store/id324715238?pt=208305&ct=portal&mt=8 at s3://web-crawler-data-storage/raw_html/2025/04/18/4ab61f2e1910f4ba05089d1f2e2e5e61.html
2025-04-18 23:25:32,759 - CloudStorage - INFO - Successfully stored processed text for https://itunes.apple.com/app/apple-store/id324715238?pt=208305&ct=portal&mt=8 at s3://web-crawler-data-storage/processed_text/2025/04/18/4ab61f2e1910f4ba05089d1f2e2e5e61.txt
2025-04-18 23:25:33,084 - CloudStorage - INFO - Successfully stored metadata for https://itunes.apple.com/app/apple-store/id324715238?pt=208305&ct=portal&mt=8 at s3://web-crawler-data-storage/metadata/2025/04/18/4ab61f2e1910f4ba05089d1f2e2e5e61.json
2025-04-18 23:25:34,807 - CloudStorage - INFO - Successfully stored raw HTML for https://www.stackoverflow.com at s3://web-crawler-data-storage/raw_html/2025/04/18/2415620324baad2a5308e2c497763b12.html
2025-04-18 23:25:35,167 - CloudStorage - INFO - Successfully stored processed text for https://www.stackoverflow.com at s3://web-crawler-data-storage/processed_text/2025/04/18/2415620324baad2a5308e2c497763b12.txt
2025-04-18 23:25:35,524 - CloudStorage - INFO - Successfully stored metadata for https://www.stackoverflow.com at s3://web-crawler-data-storage/metadata/2025/04/18/2415620324baad2a5308e2c497763b12.json
2025-04-18 23:25:39,518 - CloudStorage - INFO - Successfully stored raw HTML for https://play.google.com/store/apps/details?id=org.wikipedia&referrer=utm_source%3Dportal%26utm_medium%3Dbutton%26anid%3Dadmob at s3://web-crawler-data-storage/raw_html/2025/04/18/999ec284cceaef3b439da23caa40004f.html
2025-04-18 23:25:39,854 - CloudStorage - INFO - Successfully stored processed text for https://play.google.com/store/apps/details?id=org.wikipedia&referrer=utm_source%3Dportal%26utm_medium%3Dbutton%26anid%3Dadmob at s3://web-crawler-data-storage/processed_text/2025/04/18/999ec284cceaef3b439da23caa40004f.txt
2025-04-18 23:25:40,178 - CloudStorage - INFO - Successfully stored metadata for https://play.google.com/store/apps/details?id=org.wikipedia&referrer=utm_source%3Dportal%26utm_medium%3Dbutton%26anid%3Dadmob at s3://web-crawler-data-storage/metadata/2025/04/18/999ec284cceaef3b439da23caa40004f.json
2025-04-18 23:25:41,490 - CloudStorage - INFO - Successfully stored raw HTML for https://www.python.org/psf/ at s3://web-crawler-data-storage/raw_html/2025/04/18/491903eb8c7de2458019af2a1cd6a86c.html
2025-04-18 23:25:41,787 - CloudStorage - INFO - Successfully stored processed text for https://www.python.org/psf/ at s3://web-crawler-data-storage/processed_text/2025/04/18/491903eb8c7de2458019af2a1cd6a86c.txt
2025-04-18 23:25:42,136 - CloudStorage - INFO - Successfully stored metadata for https://www.python.org/psf/ at s3://web-crawler-data-storage/metadata/2025/04/18/491903eb8c7de2458019af2a1cd6a86c.json
2025-04-18 23:25:43,491 - CloudStorage - INFO - Successfully stored raw HTML for https://psfmember.org/civicrm/contribute/transact?reset=1&id=2 at s3://web-crawler-data-storage/raw_html/2025/04/18/618bfe50d3538b5c56fc1f83e629ea52.html
2025-04-18 23:25:43,808 - CloudStorage - INFO - Successfully stored processed text for https://psfmember.org/civicrm/contribute/transact?reset=1&id=2 at s3://web-crawler-data-storage/processed_text/2025/04/18/618bfe50d3538b5c56fc1f83e629ea52.txt
2025-04-18 23:25:44,125 - CloudStorage - INFO - Successfully stored metadata for https://psfmember.org/civicrm/contribute/transact?reset=1&id=2 at s3://web-crawler-data-storage/metadata/2025/04/18/618bfe50d3538b5c56fc1f83e629ea52.json
2025-04-18 23:25:44,696 - CloudStorage - INFO - Successfully stored raw HTML for https://docs.python.org at s3://web-crawler-data-storage/raw_html/2025/04/18/ab87040aecf47a23a07dc06153094d21.html
2025-04-18 23:25:45,006 - CloudStorage - INFO - Successfully stored processed text for https://docs.python.org at s3://web-crawler-data-storage/processed_text/2025/04/18/ab87040aecf47a23a07dc06153094d21.txt
2025-04-18 23:25:45,352 - CloudStorage - INFO - Successfully stored metadata for https://docs.python.org at s3://web-crawler-data-storage/metadata/2025/04/18/ab87040aecf47a23a07dc06153094d21.json
2025-04-18 23:25:45,882 - CloudStorage - INFO - Successfully stored raw HTML for https://www.linkedin.com/company/python-software-foundation/ at s3://web-crawler-data-storage/raw_html/2025/04/18/d90ed6113df7505dad451d6f07e252ac.html
2025-04-18 23:25:46,186 - CloudStorage - INFO - Successfully stored processed text for https://www.linkedin.com/company/python-software-foundation/ at s3://web-crawler-data-storage/processed_text/2025/04/18/d90ed6113df7505dad451d6f07e252ac.txt
2025-04-18 23:25:46,519 - CloudStorage - INFO - Successfully stored metadata for https://www.linkedin.com/company/python-software-foundation/ at s3://web-crawler-data-storage/metadata/2025/04/18/d90ed6113df7505dad451d6f07e252ac.json
2025-04-18 23:25:47,904 - CloudStorage - INFO - Successfully stored raw HTML for https://github.com/features/actions at s3://web-crawler-data-storage/raw_html/2025/04/18/d7af0858294d18fa9f4dc16984f9a98d.html
2025-04-18 23:25:48,222 - CloudStorage - INFO - Successfully stored processed text for https://github.com/features/actions at s3://web-crawler-data-storage/processed_text/2025/04/18/d7af0858294d18fa9f4dc16984f9a98d.txt
2025-04-18 23:25:48,540 - CloudStorage - INFO - Successfully stored metadata for https://github.com/features/actions at s3://web-crawler-data-storage/metadata/2025/04/18/d7af0858294d18fa9f4dc16984f9a98d.json
2025-04-18 23:25:49,585 - CloudStorage - INFO - Successfully stored raw HTML for https://pypi.org/ at s3://web-crawler-data-storage/raw_html/2025/04/18/419defafa8b1d9a6418edbb446e9db79.html
2025-04-18 23:25:49,886 - CloudStorage - INFO - Successfully stored processed text for https://pypi.org/ at s3://web-crawler-data-storage/processed_text/2025/04/18/419defafa8b1d9a6418edbb446e9db79.txt
2025-04-18 23:25:50,185 - CloudStorage - INFO - Successfully stored metadata for https://pypi.org/ at s3://web-crawler-data-storage/metadata/2025/04/18/419defafa8b1d9a6418edbb446e9db79.json
2025-04-18 23:25:53,047 - CloudStorage - INFO - Successfully stored raw HTML for https://github.com/features/copilot at s3://web-crawler-data-storage/raw_html/2025/04/18/dba769c840ccac35bd2dae4b74d18025.html
2025-04-18 23:25:53,520 - CloudStorage - INFO - Successfully stored processed text for https://github.com/features/copilot at s3://web-crawler-data-storage/processed_text/2025/04/18/dba769c840ccac35bd2dae4b74d18025.txt
2025-04-18 23:25:53,985 - CloudStorage - INFO - Successfully stored metadata for https://github.com/features/copilot at s3://web-crawler-data-storage/metadata/2025/04/18/dba769c840ccac35bd2dae4b74d18025.json
2025-04-18 23:25:55,384 - CloudStorage - INFO - Successfully stored raw HTML for https://github.com/security/advanced-security at s3://web-crawler-data-storage/raw_html/2025/04/18/1fe3a393f05c47bb0a664cde7f830a83.html
2025-04-18 23:25:55,692 - CloudStorage - INFO - Successfully stored processed text for https://github.com/security/advanced-security at s3://web-crawler-data-storage/processed_text/2025/04/18/1fe3a393f05c47bb0a664cde7f830a83.txt
2025-04-18 23:25:56,009 - CloudStorage - INFO - Successfully stored metadata for https://github.com/security/advanced-security at s3://web-crawler-data-storage/metadata/2025/04/18/1fe3a393f05c47bb0a664cde7f830a83.json
2025-04-18 23:25:57,524 - CloudStorage - INFO - Successfully stored raw HTML for https://github.com/features/codespaces at s3://web-crawler-data-storage/raw_html/2025/04/18/9b0feeb833799d4ed2b4e16427b7032e.html
2025-04-18 23:25:57,840 - CloudStorage - INFO - Successfully stored processed text for https://github.com/features/codespaces at s3://web-crawler-data-storage/processed_text/2025/04/18/9b0feeb833799d4ed2b4e16427b7032e.txt
2025-04-18 23:25:58,168 - CloudStorage - INFO - Successfully stored metadata for https://github.com/features/codespaces at s3://web-crawler-data-storage/metadata/2025/04/18/9b0feeb833799d4ed2b4e16427b7032e.json
2025-04-18 23:25:59,819 - CloudStorage - INFO - Successfully stored raw HTML for https://www.reddit.com/login/ at s3://web-crawler-data-storage/raw_html/2025/04/18/686b8a13c276555c1986636287e1b566.html
2025-04-18 23:26:00,111 - CloudStorage - INFO - Successfully stored processed text for https://www.reddit.com/login/ at s3://web-crawler-data-storage/processed_text/2025/04/18/686b8a13c276555c1986636287e1b566.txt
2025-04-18 23:26:00,413 - CloudStorage - INFO - Successfully stored metadata for https://www.reddit.com/login/ at s3://web-crawler-data-storage/metadata/2025/04/18/686b8a13c276555c1986636287e1b566.json
2025-04-26 03:31:30,003 - CloudStorage - INFO - Loaded AWS configuration from aws_config.json
2025-04-26 03:31:30,973 - CloudStorage - INFO - Bucket web-crawler-data-storage already exists
2025-04-26 03:31:30,973 - CloudStorage - INFO - Successfully connected to AWS S3 in region us-east-1
2025-04-26 03:31:35,294 - CloudStorage - INFO - Successfully stored raw HTML for https://www.python.org at s3://web-crawler-data-storage/raw_html/2025/04/26/c137682bbb0946674f25d1d4bd9e07a0.html
2025-04-26 03:31:35,687 - CloudStorage - INFO - Successfully stored processed text for https://www.python.org at s3://web-crawler-data-storage/processed_text/2025/04/26/c137682bbb0946674f25d1d4bd9e07a0.txt
2025-04-26 03:31:36,608 - CloudStorage - INFO - Successfully stored metadata for https://www.python.org at s3://web-crawler-data-storage/metadata/2025/04/26/c137682bbb0946674f25d1d4bd9e07a0.json
2025-04-26 03:31:39,535 - CloudStorage - INFO - Successfully stored raw HTML for https://www.reddit.com at s3://web-crawler-data-storage/raw_html/2025/04/26/30dd8fd5626b7e36783516a6e238baf2.html
2025-04-26 03:31:39,884 - CloudStorage - INFO - Successfully stored processed text for https://www.reddit.com at s3://web-crawler-data-storage/processed_text/2025/04/26/30dd8fd5626b7e36783516a6e238baf2.txt
2025-04-26 03:31:40,186 - CloudStorage - INFO - Successfully stored metadata for https://www.reddit.com at s3://web-crawler-data-storage/metadata/2025/04/26/30dd8fd5626b7e36783516a6e238baf2.json
2025-04-26 03:31:41,035 - CloudStorage - INFO - Successfully stored raw HTML for https://www.wikipedia.org at s3://web-crawler-data-storage/raw_html/2025/04/26/8d1d8a3956ab5668e1da4e3e7f856f08.html
2025-04-26 03:31:41,377 - CloudStorage - INFO - Successfully stored processed text for https://www.wikipedia.org at s3://web-crawler-data-storage/processed_text/2025/04/26/8d1d8a3956ab5668e1da4e3e7f856f08.txt
2025-04-26 03:31:41,695 - CloudStorage - INFO - Successfully stored metadata for https://www.wikipedia.org at s3://web-crawler-data-storage/metadata/2025/04/26/8d1d8a3956ab5668e1da4e3e7f856f08.json
2025-04-26 03:31:43,250 - CloudStorage - INFO - Successfully stored raw HTML for https://www.github.com at s3://web-crawler-data-storage/raw_html/2025/04/26/1895ab41ad3a81f6fd0a194bbc337a22.html
2025-04-26 03:31:43,633 - CloudStorage - INFO - Successfully stored processed text for https://www.github.com at s3://web-crawler-data-storage/processed_text/2025/04/26/1895ab41ad3a81f6fd0a194bbc337a22.txt
2025-04-26 03:31:43,943 - CloudStorage - INFO - Successfully stored metadata for https://www.github.com at s3://web-crawler-data-storage/metadata/2025/04/26/1895ab41ad3a81f6fd0a194bbc337a22.json
2025-04-26 03:31:45,894 - CloudStorage - INFO - Successfully stored raw HTML for https://www.stackoverflow.com at s3://web-crawler-data-storage/raw_html/2025/04/26/2415620324baad2a5308e2c497763b12.html
2025-04-26 03:31:46,265 - CloudStorage - INFO - Successfully stored processed text for https://www.stackoverflow.com at s3://web-crawler-data-storage/processed_text/2025/04/26/2415620324baad2a5308e2c497763b12.txt
2025-04-26 03:31:46,703 - CloudStorage - INFO - Successfully stored metadata for https://www.stackoverflow.com at s3://web-crawler-data-storage/metadata/2025/04/26/2415620324baad2a5308e2c497763b12.json
2025-04-26 03:31:48,249 - CloudStorage - INFO - Successfully stored raw HTML for https://docs.python.org at s3://web-crawler-data-storage/raw_html/2025/04/26/ab87040aecf47a23a07dc06153094d21.html
2025-04-26 03:31:48,616 - CloudStorage - INFO - Successfully stored processed text for https://docs.python.org at s3://web-crawler-data-storage/processed_text/2025/04/26/ab87040aecf47a23a07dc06153094d21.txt
2025-04-26 03:31:49,000 - CloudStorage - INFO - Successfully stored metadata for https://docs.python.org at s3://web-crawler-data-storage/metadata/2025/04/26/ab87040aecf47a23a07dc06153094d21.json
2025-04-26 03:31:49,941 - CloudStorage - INFO - Successfully stored raw HTML for https://www.python.org/psf/ at s3://web-crawler-data-storage/raw_html/2025/04/26/491903eb8c7de2458019af2a1cd6a86c.html
2025-04-26 03:31:50,245 - CloudStorage - INFO - Successfully stored processed text for https://www.python.org/psf/ at s3://web-crawler-data-storage/processed_text/2025/04/26/491903eb8c7de2458019af2a1cd6a86c.txt
2025-04-26 03:31:50,570 - CloudStorage - INFO - Successfully stored metadata for https://www.python.org/psf/ at s3://web-crawler-data-storage/metadata/2025/04/26/491903eb8c7de2458019af2a1cd6a86c.json
2025-04-26 03:31:51,314 - CloudStorage - INFO - Successfully stored raw HTML for https://pypi.org/ at s3://web-crawler-data-storage/raw_html/2025/04/26/419defafa8b1d9a6418edbb446e9db79.html
2025-04-26 03:31:51,756 - CloudStorage - INFO - Successfully stored processed text for https://pypi.org/ at s3://web-crawler-data-storage/processed_text/2025/04/26/419defafa8b1d9a6418edbb446e9db79.txt
2025-04-26 03:31:52,140 - CloudStorage - INFO - Successfully stored metadata for https://pypi.org/ at s3://web-crawler-data-storage/metadata/2025/04/26/419defafa8b1d9a6418edbb446e9db79.json
2025-04-26 03:31:55,162 - CloudStorage - INFO - Successfully stored raw HTML for https://meta.wikimedia.org/wiki/Special:MyLanguage/List_of_Wikipedias at s3://web-crawler-data-storage/raw_html/2025/04/26/e89764c6976518e91ebe50251fa3fe33.html
2025-04-26 03:31:55,706 - CloudStorage - INFO - Successfully stored processed text for https://meta.wikimedia.org/wiki/Special:MyLanguage/List_of_Wikipedias at s3://web-crawler-data-storage/processed_text/2025/04/26/e89764c6976518e91ebe50251fa3fe33.txt
2025-04-26 03:31:56,119 - CloudStorage - INFO - Successfully stored metadata for https://meta.wikimedia.org/wiki/Special:MyLanguage/List_of_Wikipedias at s3://web-crawler-data-storage/metadata/2025/04/26/e89764c6976518e91ebe50251fa3fe33.json
2025-04-26 03:31:57,304 - CloudStorage - INFO - Successfully stored raw HTML for https://psfmember.org/civicrm/contribute/transact?reset=1&id=2 at s3://web-crawler-data-storage/raw_html/2025/04/26/618bfe50d3538b5c56fc1f83e629ea52.html
2025-04-26 03:31:57,615 - CloudStorage - INFO - Successfully stored processed text for https://psfmember.org/civicrm/contribute/transact?reset=1&id=2 at s3://web-crawler-data-storage/processed_text/2025/04/26/618bfe50d3538b5c56fc1f83e629ea52.txt
2025-04-26 03:31:57,934 - CloudStorage - INFO - Successfully stored metadata for https://psfmember.org/civicrm/contribute/transact?reset=1&id=2 at s3://web-crawler-data-storage/metadata/2025/04/26/618bfe50d3538b5c56fc1f83e629ea52.json
2025-04-26 03:31:59,103 - CloudStorage - INFO - Successfully stored raw HTML for https://www.linkedin.com/company/python-software-foundation/ at s3://web-crawler-data-storage/raw_html/2025/04/26/d90ed6113df7505dad451d6f07e252ac.html
2025-04-26 03:31:59,265 - CloudStorage - INFO - Successfully stored processed text for https://www.linkedin.com/company/python-software-foundation/ at s3://web-crawler-data-storage/processed_text/2025/04/26/d90ed6113df7505dad451d6f07e252ac.txt
2025-04-26 03:31:59,579 - CloudStorage - INFO - Successfully stored metadata for https://www.linkedin.com/company/python-software-foundation/ at s3://web-crawler-data-storage/metadata/2025/04/26/d90ed6113df7505dad451d6f07e252ac.json
2025-04-26 03:32:00,282 - CloudStorage - INFO - Successfully stored raw HTML for https://donate.wikimedia.org/?wmf_medium=portal&wmf_campaign=portalFooter&wmf_source=portalFooter at s3://web-crawler-data-storage/raw_html/2025/04/26/e80926e2c85c2736bd72ce8f1fda94c6.html
2025-04-26 03:32:00,587 - CloudStorage - INFO - Successfully stored processed text for https://donate.wikimedia.org/?wmf_medium=portal&wmf_campaign=portalFooter&wmf_source=portalFooter at s3://web-crawler-data-storage/processed_text/2025/04/26/e80926e2c85c2736bd72ce8f1fda94c6.txt
2025-04-26 03:32:00,881 - CloudStorage - INFO - Successfully stored metadata for https://donate.wikimedia.org/?wmf_medium=portal&wmf_campaign=portalFooter&wmf_source=portalFooter at s3://web-crawler-data-storage/metadata/2025/04/26/e80926e2c85c2736bd72ce8f1fda94c6.json
2025-04-26 03:32:05,365 - CloudStorage - INFO - Successfully stored raw HTML for https://play.google.com/store/apps/details?id=org.wikipedia&referrer=utm_source%3Dportal%26utm_medium%3Dbutton%26anid%3Dadmob at s3://web-crawler-data-storage/raw_html/2025/04/26/999ec284cceaef3b439da23caa40004f.html
2025-04-26 03:32:05,681 - CloudStorage - INFO - Successfully stored processed text for https://play.google.com/store/apps/details?id=org.wikipedia&referrer=utm_source%3Dportal%26utm_medium%3Dbutton%26anid%3Dadmob at s3://web-crawler-data-storage/processed_text/2025/04/26/999ec284cceaef3b439da23caa40004f.txt
2025-04-26 03:32:06,103 - CloudStorage - INFO - Successfully stored metadata for https://play.google.com/store/apps/details?id=org.wikipedia&referrer=utm_source%3Dportal%26utm_medium%3Dbutton%26anid%3Dadmob at s3://web-crawler-data-storage/metadata/2025/04/26/999ec284cceaef3b439da23caa40004f.json
2025-04-26 03:32:08,835 - CloudStorage - INFO - Successfully stored raw HTML for https://itunes.apple.com/app/apple-store/id324715238?pt=208305&ct=portal&mt=8 at s3://web-crawler-data-storage/raw_html/2025/04/26/4ab61f2e1910f4ba05089d1f2e2e5e61.html
2025-04-26 03:32:09,152 - CloudStorage - INFO - Successfully stored processed text for https://itunes.apple.com/app/apple-store/id324715238?pt=208305&ct=portal&mt=8 at s3://web-crawler-data-storage/processed_text/2025/04/26/4ab61f2e1910f4ba05089d1f2e2e5e61.txt
2025-04-26 03:32:09,586 - CloudStorage - INFO - Successfully stored metadata for https://itunes.apple.com/app/apple-store/id324715238?pt=208305&ct=portal&mt=8 at s3://web-crawler-data-storage/metadata/2025/04/26/4ab61f2e1910f4ba05089d1f2e2e5e61.json
2025-04-26 03:32:10,704 - CloudStorage - INFO - Successfully stored raw HTML for https://en.wikipedia.org/wiki/List_of_Wikipedia_mobile_applications at s3://web-crawler-data-storage/raw_html/2025/04/26/c3575c8005f0a1c5e66772e422fa23c8.html
2025-04-26 03:32:11,020 - CloudStorage - INFO - Successfully stored processed text for https://en.wikipedia.org/wiki/List_of_Wikipedia_mobile_applications at s3://web-crawler-data-storage/processed_text/2025/04/26/c3575c8005f0a1c5e66772e422fa23c8.txt
2025-04-26 03:32:11,373 - CloudStorage - INFO - Successfully stored metadata for https://en.wikipedia.org/wiki/List_of_Wikipedia_mobile_applications at s3://web-crawler-data-storage/metadata/2025/04/26/c3575c8005f0a1c5e66772e422fa23c8.json
2025-04-26 03:32:14,932 - CloudStorage - INFO - Successfully stored raw HTML for https://github.com/features/copilot at s3://web-crawler-data-storage/raw_html/2025/04/26/dba769c840ccac35bd2dae4b74d18025.html
2025-04-26 03:32:15,404 - CloudStorage - INFO - Successfully stored processed text for https://github.com/features/copilot at s3://web-crawler-data-storage/processed_text/2025/04/26/dba769c840ccac35bd2dae4b74d18025.txt
2025-04-26 03:32:15,924 - CloudStorage - INFO - Successfully stored metadata for https://github.com/features/copilot at s3://web-crawler-data-storage/metadata/2025/04/26/dba769c840ccac35bd2dae4b74d18025.json
2025-04-26 03:32:17,538 - CloudStorage - INFO - Successfully stored raw HTML for https://github.com/security/advanced-security at s3://web-crawler-data-storage/raw_html/2025/04/26/1fe3a393f05c47bb0a664cde7f830a83.html
2025-04-26 03:32:17,977 - CloudStorage - INFO - Successfully stored processed text for https://github.com/security/advanced-security at s3://web-crawler-data-storage/processed_text/2025/04/26/1fe3a393f05c47bb0a664cde7f830a83.txt
2025-04-26 03:32:18,356 - CloudStorage - INFO - Successfully stored metadata for https://github.com/security/advanced-security at s3://web-crawler-data-storage/metadata/2025/04/26/1fe3a393f05c47bb0a664cde7f830a83.json
2025-04-26 03:32:19,790 - CloudStorage - INFO - Successfully stored raw HTML for https://github.com/features/actions at s3://web-crawler-data-storage/raw_html/2025/04/26/d7af0858294d18fa9f4dc16984f9a98d.html
2025-04-26 03:32:20,095 - CloudStorage - INFO - Successfully stored processed text for https://github.com/features/actions at s3://web-crawler-data-storage/processed_text/2025/04/26/d7af0858294d18fa9f4dc16984f9a98d.txt
2025-04-26 03:32:20,424 - CloudStorage - INFO - Successfully stored metadata for https://github.com/features/actions at s3://web-crawler-data-storage/metadata/2025/04/26/d7af0858294d18fa9f4dc16984f9a98d.json
2025-04-26 03:32:22,045 - CloudStorage - INFO - Successfully stored raw HTML for https://github.com/features/codespaces at s3://web-crawler-data-storage/raw_html/2025/04/26/9b0feeb833799d4ed2b4e16427b7032e.html
2025-04-26 03:32:22,358 - CloudStorage - INFO - Successfully stored processed text for https://github.com/features/codespaces at s3://web-crawler-data-storage/processed_text/2025/04/26/9b0feeb833799d4ed2b4e16427b7032e.txt
2025-04-26 03:32:22,669 - CloudStorage - INFO - Successfully stored metadata for https://github.com/features/codespaces at s3://web-crawler-data-storage/metadata/2025/04/26/9b0feeb833799d4ed2b4e16427b7032e.json
2025-04-26 03:32:24,272 - CloudStorage - INFO - Successfully stored raw HTML for https://www.reddit.com/login/ at s3://web-crawler-data-storage/raw_html/2025/04/26/686b8a13c276555c1986636287e1b566.html
2025-04-26 03:32:24,565 - CloudStorage - INFO - Successfully stored processed text for https://www.reddit.com/login/ at s3://web-crawler-data-storage/processed_text/2025/04/26/686b8a13c276555c1986636287e1b566.txt
2025-04-26 03:32:25,012 - CloudStorage - INFO - Successfully stored metadata for https://www.reddit.com/login/ at s3://web-crawler-data-storage/metadata/2025/04/26/686b8a13c276555c1986636287e1b566.json
2025-04-26 03:38:22,117 - CloudStorage - INFO - Loaded AWS configuration from aws_config.json
2025-04-26 03:38:23,129 - CloudStorage - INFO - Bucket web-crawler-data-storage already exists
2025-04-26 03:38:23,129 - CloudStorage - INFO - Successfully connected to AWS S3 in region us-east-1
2025-04-26 03:38:31,298 - CloudStorage - INFO - Successfully stored raw HTML for https://www.python.org at s3://web-crawler-data-storage/raw_html/2025/04/26/c137682bbb0946674f25d1d4bd9e07a0.html
2025-04-26 03:38:31,598 - CloudStorage - INFO - Successfully stored processed text for https://www.python.org at s3://web-crawler-data-storage/processed_text/2025/04/26/c137682bbb0946674f25d1d4bd9e07a0.txt
2025-04-26 03:38:32,049 - CloudStorage - INFO - Successfully stored metadata for https://www.python.org at s3://web-crawler-data-storage/metadata/2025/04/26/c137682bbb0946674f25d1d4bd9e07a0.json
2025-04-26 03:38:32,890 - CloudStorage - INFO - Successfully stored raw HTML for https://www.wikipedia.org at s3://web-crawler-data-storage/raw_html/2025/04/26/8d1d8a3956ab5668e1da4e3e7f856f08.html
2025-04-26 03:38:33,184 - CloudStorage - INFO - Successfully stored processed text for https://www.wikipedia.org at s3://web-crawler-data-storage/processed_text/2025/04/26/8d1d8a3956ab5668e1da4e3e7f856f08.txt
2025-04-26 03:38:33,491 - CloudStorage - INFO - Successfully stored metadata for https://www.wikipedia.org at s3://web-crawler-data-storage/metadata/2025/04/26/8d1d8a3956ab5668e1da4e3e7f856f08.json
2025-04-26 03:38:35,035 - CloudStorage - INFO - Successfully stored raw HTML for https://www.github.com at s3://web-crawler-data-storage/raw_html/2025/04/26/1895ab41ad3a81f6fd0a194bbc337a22.html
2025-04-26 03:38:35,354 - CloudStorage - INFO - Successfully stored processed text for https://www.github.com at s3://web-crawler-data-storage/processed_text/2025/04/26/1895ab41ad3a81f6fd0a194bbc337a22.txt
2025-04-26 03:38:35,675 - CloudStorage - INFO - Successfully stored metadata for https://www.github.com at s3://web-crawler-data-storage/metadata/2025/04/26/1895ab41ad3a81f6fd0a194bbc337a22.json
2025-04-26 03:38:37,493 - CloudStorage - INFO - Successfully stored raw HTML for https://www.stackoverflow.com at s3://web-crawler-data-storage/raw_html/2025/04/26/2415620324baad2a5308e2c497763b12.html
2025-04-26 03:38:37,851 - CloudStorage - INFO - Successfully stored processed text for https://www.stackoverflow.com at s3://web-crawler-data-storage/processed_text/2025/04/26/2415620324baad2a5308e2c497763b12.txt
2025-04-26 03:38:38,203 - CloudStorage - INFO - Successfully stored metadata for https://www.stackoverflow.com at s3://web-crawler-data-storage/metadata/2025/04/26/2415620324baad2a5308e2c497763b12.json
2025-04-26 03:38:39,464 - CloudStorage - INFO - Successfully stored raw HTML for https://en.wikipedia.org/wiki/List_of_Wikipedia_mobile_applications at s3://web-crawler-data-storage/raw_html/2025/04/26/c3575c8005f0a1c5e66772e422fa23c8.html
2025-04-26 03:38:39,835 - CloudStorage - INFO - Successfully stored processed text for https://en.wikipedia.org/wiki/List_of_Wikipedia_mobile_applications at s3://web-crawler-data-storage/processed_text/2025/04/26/c3575c8005f0a1c5e66772e422fa23c8.txt
2025-04-26 03:38:40,122 - CloudStorage - INFO - Successfully stored metadata for https://en.wikipedia.org/wiki/List_of_Wikipedia_mobile_applications at s3://web-crawler-data-storage/metadata/2025/04/26/c3575c8005f0a1c5e66772e422fa23c8.json
2025-04-26 03:38:41,452 - CloudStorage - INFO - Successfully stored raw HTML for https://www.linkedin.com/company/python-software-foundation/ at s3://web-crawler-data-storage/raw_html/2025/04/26/d90ed6113df7505dad451d6f07e252ac.html
2025-04-26 03:38:41,599 - CloudStorage - INFO - Successfully stored processed text for https://www.linkedin.com/company/python-software-foundation/ at s3://web-crawler-data-storage/processed_text/2025/04/26/d90ed6113df7505dad451d6f07e252ac.txt
2025-04-26 03:38:41,898 - CloudStorage - INFO - Successfully stored metadata for https://www.linkedin.com/company/python-software-foundation/ at s3://web-crawler-data-storage/metadata/2025/04/26/d90ed6113df7505dad451d6f07e252ac.json
2025-04-26 03:38:42,647 - CloudStorage - INFO - Successfully stored raw HTML for https://www.python.org/psf/ at s3://web-crawler-data-storage/raw_html/2025/04/26/491903eb8c7de2458019af2a1cd6a86c.html
2025-04-26 03:38:42,957 - CloudStorage - INFO - Successfully stored processed text for https://www.python.org/psf/ at s3://web-crawler-data-storage/processed_text/2025/04/26/491903eb8c7de2458019af2a1cd6a86c.txt
2025-04-26 03:38:43,367 - CloudStorage - INFO - Successfully stored metadata for https://www.python.org/psf/ at s3://web-crawler-data-storage/metadata/2025/04/26/491903eb8c7de2458019af2a1cd6a86c.json
2025-04-26 03:38:45,006 - CloudStorage - INFO - Successfully stored raw HTML for https://stackoverflow.co/teams/ai/?utm_medium=referral&utm_source=stackoverflow-community&utm_campaign=top-nav-bar&utm_content=overflowai at s3://web-crawler-data-storage/raw_html/2025/04/26/e93b0702911181948e76b65ca9a4c7f6.html
2025-04-26 03:38:45,655 - CloudStorage - INFO - Successfully stored processed text for https://stackoverflow.co/teams/ai/?utm_medium=referral&utm_source=stackoverflow-community&utm_campaign=top-nav-bar&utm_content=overflowai at s3://web-crawler-data-storage/processed_text/2025/04/26/e93b0702911181948e76b65ca9a4c7f6.txt
2025-04-26 03:38:45,969 - CloudStorage - INFO - Successfully stored metadata for https://stackoverflow.co/teams/ai/?utm_medium=referral&utm_source=stackoverflow-community&utm_campaign=top-nav-bar&utm_content=overflowai at s3://web-crawler-data-storage/metadata/2025/04/26/e93b0702911181948e76b65ca9a4c7f6.json
2025-04-26 03:38:47,379 - CloudStorage - INFO - Successfully stored raw HTML for https://github.com/security/advanced-security at s3://web-crawler-data-storage/raw_html/2025/04/26/1fe3a393f05c47bb0a664cde7f830a83.html
2025-04-26 03:38:47,683 - CloudStorage - INFO - Successfully stored processed text for https://github.com/security/advanced-security at s3://web-crawler-data-storage/processed_text/2025/04/26/1fe3a393f05c47bb0a664cde7f830a83.txt
2025-04-26 03:38:47,994 - CloudStorage - INFO - Successfully stored metadata for https://github.com/security/advanced-security at s3://web-crawler-data-storage/metadata/2025/04/26/1fe3a393f05c47bb0a664cde7f830a83.json
2025-04-26 03:38:49,212 - CloudStorage - INFO - Successfully stored raw HTML for https://bn.wikipedia.org/wiki/%E0%A6%89%E0%A6%87%E0%A6%95%E0%A6%BF%E0%A6%AA%E0%A6%BF%E0%A6%A1%E0%A6%BF%E0%A6%AF%E0%A6%BC%E0%A6%BE_%E0%A6%AE%E0%A7%8B%E0%A6%AC%E0%A6%BE%E0%A6%87%E0%A6%B2_%E0%A6%85%E0%A7%8D%E0%A6%AF%E0%A6%BE%E0%A6%AA%E0%A7%8D%E0%A6%B2%E0%A6%BF%E0%A6%95%E0%A7%87%E0%A6%B6%E0%A6%A8%E0%A7%87%E0%A6%B0_%E0%A6%A4%E0%A6%BE%E0%A6%B2%E0%A6%BF%E0%A6%95%E0%A6%BE at s3://web-crawler-data-storage/raw_html/2025/04/26/c04ee9d43c04f5165a7a8cbca2c509c3.html
2025-04-26 03:38:49,589 - CloudStorage - INFO - Successfully stored processed text for https://bn.wikipedia.org/wiki/%E0%A6%89%E0%A6%87%E0%A6%95%E0%A6%BF%E0%A6%AA%E0%A6%BF%E0%A6%A1%E0%A6%BF%E0%A6%AF%E0%A6%BC%E0%A6%BE_%E0%A6%AE%E0%A7%8B%E0%A6%AC%E0%A6%BE%E0%A6%87%E0%A6%B2_%E0%A6%85%E0%A7%8D%E0%A6%AF%E0%A6%BE%E0%A6%AA%E0%A7%8D%E0%A6%B2%E0%A6%BF%E0%A6%95%E0%A7%87%E0%A6%B6%E0%A6%A8%E0%A7%87%E0%A6%B0_%E0%A6%A4%E0%A6%BE%E0%A6%B2%E0%A6%BF%E0%A6%95%E0%A6%BE at s3://web-crawler-data-storage/processed_text/2025/04/26/c04ee9d43c04f5165a7a8cbca2c509c3.txt
2025-04-26 03:38:49,950 - CloudStorage - INFO - Successfully stored metadata for https://bn.wikipedia.org/wiki/%E0%A6%89%E0%A6%87%E0%A6%95%E0%A6%BF%E0%A6%AA%E0%A6%BF%E0%A6%A1%E0%A6%BF%E0%A6%AF%E0%A6%BC%E0%A6%BE_%E0%A6%AE%E0%A7%8B%E0%A6%AC%E0%A6%BE%E0%A6%87%E0%A6%B2_%E0%A6%85%E0%A7%8D%E0%A6%AF%E0%A6%BE%E0%A6%AA%E0%A7%8D%E0%A6%B2%E0%A6%BF%E0%A6%95%E0%A7%87%E0%A6%B6%E0%A6%A8%E0%A7%87%E0%A6%B0_%E0%A6%A4%E0%A6%BE%E0%A6%B2%E0%A6%BF%E0%A6%95%E0%A6%BE at s3://web-crawler-data-storage/metadata/2025/04/26/c04ee9d43c04f5165a7a8cbca2c509c3.json
2025-04-26 03:38:53,095 - CloudStorage - INFO - Successfully stored raw HTML for https://www.reddit.com at s3://web-crawler-data-storage/raw_html/2025/04/26/30dd8fd5626b7e36783516a6e238baf2.html
2025-04-26 03:38:53,397 - CloudStorage - INFO - Successfully stored processed text for https://www.reddit.com at s3://web-crawler-data-storage/processed_text/2025/04/26/30dd8fd5626b7e36783516a6e238baf2.txt
2025-04-26 03:38:53,723 - CloudStorage - INFO - Successfully stored metadata for https://www.reddit.com at s3://web-crawler-data-storage/metadata/2025/04/26/30dd8fd5626b7e36783516a6e238baf2.json
2025-04-26 03:38:55,129 - CloudStorage - INFO - Successfully stored raw HTML for https://stackoverflow.co/ at s3://web-crawler-data-storage/raw_html/2025/04/26/32361ce2db14c646f12d4a86a0018736.html
2025-04-26 03:38:55,479 - CloudStorage - INFO - Successfully stored processed text for https://stackoverflow.co/ at s3://web-crawler-data-storage/processed_text/2025/04/26/32361ce2db14c646f12d4a86a0018736.txt
2025-04-26 03:38:55,787 - CloudStorage - INFO - Successfully stored metadata for https://stackoverflow.co/ at s3://web-crawler-data-storage/metadata/2025/04/26/32361ce2db14c646f12d4a86a0018736.json
2025-04-26 03:38:58,426 - CloudStorage - INFO - Successfully stored raw HTML for https://github.com/features/copilot at s3://web-crawler-data-storage/raw_html/2025/04/26/dba769c840ccac35bd2dae4b74d18025.html
2025-04-26 03:38:58,894 - CloudStorage - INFO - Successfully stored processed text for https://github.com/features/copilot at s3://web-crawler-data-storage/processed_text/2025/04/26/dba769c840ccac35bd2dae4b74d18025.txt
2025-04-26 03:38:59,394 - CloudStorage - INFO - Successfully stored metadata for https://github.com/features/copilot at s3://web-crawler-data-storage/metadata/2025/04/26/dba769c840ccac35bd2dae4b74d18025.json
2025-04-26 03:39:00,880 - CloudStorage - INFO - Successfully stored raw HTML for https://stackoverflow.co/advertising/?utm_medium=referral&utm_source=stackoverflow-community&utm_campaign=top-nav&utm_content=stack-overflow-advertising at s3://web-crawler-data-storage/raw_html/2025/04/26/794eb1451303a8d4581f25e2eb7489ed.html
2025-04-26 03:39:01,184 - CloudStorage - INFO - Successfully stored processed text for https://stackoverflow.co/advertising/?utm_medium=referral&utm_source=stackoverflow-community&utm_campaign=top-nav&utm_content=stack-overflow-advertising at s3://web-crawler-data-storage/processed_text/2025/04/26/794eb1451303a8d4581f25e2eb7489ed.txt
2025-04-26 03:39:01,531 - CloudStorage - INFO - Successfully stored metadata for https://stackoverflow.co/advertising/?utm_medium=referral&utm_source=stackoverflow-community&utm_campaign=top-nav&utm_content=stack-overflow-advertising at s3://web-crawler-data-storage/metadata/2025/04/26/794eb1451303a8d4581f25e2eb7489ed.json
2025-04-26 03:39:03,403 - CloudStorage - INFO - Successfully stored raw HTML for https://stackoverflow.com at s3://web-crawler-data-storage/raw_html/2025/04/26/7f4c919540be6ec81cd37d9e61da6c37.html
2025-04-26 03:39:03,755 - CloudStorage - INFO - Successfully stored processed text for https://stackoverflow.com at s3://web-crawler-data-storage/processed_text/2025/04/26/7f4c919540be6ec81cd37d9e61da6c37.txt
2025-04-26 03:39:04,111 - CloudStorage - INFO - Successfully stored metadata for https://stackoverflow.com at s3://web-crawler-data-storage/metadata/2025/04/26/7f4c919540be6ec81cd37d9e61da6c37.json
2025-04-26 03:39:05,638 - CloudStorage - INFO - Successfully stored raw HTML for https://stackoverflow.help/ at s3://web-crawler-data-storage/raw_html/2025/04/26/09bc86e6579089a23ecf8a470fa55dd8.html
2025-04-26 03:39:05,989 - CloudStorage - INFO - Successfully stored processed text for https://stackoverflow.help/ at s3://web-crawler-data-storage/processed_text/2025/04/26/09bc86e6579089a23ecf8a470fa55dd8.txt
2025-04-26 03:39:06,356 - CloudStorage - INFO - Successfully stored metadata for https://stackoverflow.help/ at s3://web-crawler-data-storage/metadata/2025/04/26/09bc86e6579089a23ecf8a470fa55dd8.json
2025-04-26 03:39:06,908 - CloudStorage - INFO - Successfully stored raw HTML for https://docs.python.org at s3://web-crawler-data-storage/raw_html/2025/04/26/ab87040aecf47a23a07dc06153094d21.html
2025-04-26 03:39:07,336 - CloudStorage - INFO - Successfully stored processed text for https://docs.python.org at s3://web-crawler-data-storage/processed_text/2025/04/26/ab87040aecf47a23a07dc06153094d21.txt
2025-04-26 03:39:07,793 - CloudStorage - INFO - Successfully stored metadata for https://docs.python.org at s3://web-crawler-data-storage/metadata/2025/04/26/ab87040aecf47a23a07dc06153094d21.json
2025-04-26 03:39:10,519 - CloudStorage - INFO - Successfully stored raw HTML for https://meta.wikimedia.org/wiki/Special:MyLanguage/List_of_Wikipedias at s3://web-crawler-data-storage/raw_html/2025/04/26/e89764c6976518e91ebe50251fa3fe33.html
2025-04-26 03:39:11,051 - CloudStorage - INFO - Successfully stored processed text for https://meta.wikimedia.org/wiki/Special:MyLanguage/List_of_Wikipedias at s3://web-crawler-data-storage/processed_text/2025/04/26/e89764c6976518e91ebe50251fa3fe33.txt
2025-04-26 03:39:11,474 - CloudStorage - INFO - Successfully stored metadata for https://meta.wikimedia.org/wiki/Special:MyLanguage/List_of_Wikipedias at s3://web-crawler-data-storage/metadata/2025/04/26/e89764c6976518e91ebe50251fa3fe33.json
2025-04-26 03:39:12,437 - CloudStorage - INFO - Successfully stored raw HTML for https://donate.wikimedia.org/?wmf_source=donate&wmf_medium=sidebar&wmf_campaign=en.wikipedia.org&uselang=en at s3://web-crawler-data-storage/raw_html/2025/04/26/df0bec8166a42928684fcc3ce6494afe.html
2025-04-26 03:39:12,812 - CloudStorage - INFO - Successfully stored processed text for https://donate.wikimedia.org/?wmf_source=donate&wmf_medium=sidebar&wmf_campaign=en.wikipedia.org&uselang=en at s3://web-crawler-data-storage/processed_text/2025/04/26/df0bec8166a42928684fcc3ce6494afe.txt
2025-04-26 03:39:13,106 - CloudStorage - INFO - Successfully stored metadata for https://donate.wikimedia.org/?wmf_source=donate&wmf_medium=sidebar&wmf_campaign=en.wikipedia.org&uselang=en at s3://web-crawler-data-storage/metadata/2025/04/26/df0bec8166a42928684fcc3ce6494afe.json
2025-04-26 03:39:14,918 - CloudStorage - INFO - Successfully stored raw HTML for https://github.com/features/issues at s3://web-crawler-data-storage/raw_html/2025/04/26/e2829aebb11ffc941af2d189e2298796.html
2025-04-26 03:39:15,226 - CloudStorage - INFO - Successfully stored processed text for https://github.com/features/issues at s3://web-crawler-data-storage/processed_text/2025/04/26/e2829aebb11ffc941af2d189e2298796.txt
2025-04-26 03:39:15,576 - CloudStorage - INFO - Successfully stored metadata for https://github.com/features/issues at s3://web-crawler-data-storage/metadata/2025/04/26/e2829aebb11ffc941af2d189e2298796.json
2025-04-26 03:39:17,091 - CloudStorage - INFO - Successfully stored raw HTML for https://donate.wikimedia.org/?wmf_medium=portal&wmf_campaign=portalFooter&wmf_source=portalFooter at s3://web-crawler-data-storage/raw_html/2025/04/26/e80926e2c85c2736bd72ce8f1fda94c6.html
2025-04-26 03:39:17,397 - CloudStorage - INFO - Successfully stored processed text for https://donate.wikimedia.org/?wmf_medium=portal&wmf_campaign=portalFooter&wmf_source=portalFooter at s3://web-crawler-data-storage/processed_text/2025/04/26/e80926e2c85c2736bd72ce8f1fda94c6.txt
2025-04-26 03:39:17,723 - CloudStorage - INFO - Successfully stored metadata for https://donate.wikimedia.org/?wmf_medium=portal&wmf_campaign=portalFooter&wmf_source=portalFooter at s3://web-crawler-data-storage/metadata/2025/04/26/e80926e2c85c2736bd72ce8f1fda94c6.json
2025-04-26 03:43:33,838 - CloudStorage - INFO - Loaded AWS configuration from aws_config.json
2025-04-26 03:43:56,598 - CloudStorage - INFO - Bucket web-crawler-data-storage already exists
2025-04-26 03:43:56,598 - CloudStorage - INFO - Successfully connected to AWS S3 in region us-east-1
2025-04-26 03:44:03,355 - CloudStorage - INFO - Successfully stored raw HTML for https://stackoverflow.co/teams/?utm_medium=referral&utm_source=stackoverflow-community&utm_campaign=top-nav&utm_content=stack-overflow-for-teams at s3://web-crawler-data-storage/raw_html/2025/04/26/095e77fa0a19c94b8608088566ff6168.html
2025-04-26 03:44:03,690 - CloudStorage - INFO - Successfully stored processed text for https://stackoverflow.co/teams/?utm_medium=referral&utm_source=stackoverflow-community&utm_campaign=top-nav&utm_content=stack-overflow-for-teams at s3://web-crawler-data-storage/processed_text/2025/04/26/095e77fa0a19c94b8608088566ff6168.txt
2025-04-26 03:44:04,216 - CloudStorage - INFO - Successfully stored metadata for https://stackoverflow.co/teams/?utm_medium=referral&utm_source=stackoverflow-community&utm_campaign=top-nav&utm_content=stack-overflow-for-teams at s3://web-crawler-data-storage/metadata/2025/04/26/095e77fa0a19c94b8608088566ff6168.json
2025-04-26 03:44:04,968 - CloudStorage - INFO - Successfully stored raw HTML for https://pypi.org/ at s3://web-crawler-data-storage/raw_html/2025/04/26/419defafa8b1d9a6418edbb446e9db79.html
2025-04-26 03:44:05,295 - CloudStorage - INFO - Successfully stored processed text for https://pypi.org/ at s3://web-crawler-data-storage/processed_text/2025/04/26/419defafa8b1d9a6418edbb446e9db79.txt
2025-04-26 03:44:05,616 - CloudStorage - INFO - Successfully stored metadata for https://pypi.org/ at s3://web-crawler-data-storage/metadata/2025/04/26/419defafa8b1d9a6418edbb446e9db79.json
2025-04-26 03:44:06,213 - CloudStorage - INFO - Successfully stored raw HTML for https://stackoverflowteams.com/users/login/?utm_source=so-owned&utm_medium=referral&utm_campaign=teams-nav-link at s3://web-crawler-data-storage/raw_html/2025/04/26/aadefc199a0e15bd9bbf48969d5b840d.html
2025-04-26 03:44:06,565 - CloudStorage - INFO - Successfully stored processed text for https://stackoverflowteams.com/users/login/?utm_source=so-owned&utm_medium=referral&utm_campaign=teams-nav-link at s3://web-crawler-data-storage/processed_text/2025/04/26/aadefc199a0e15bd9bbf48969d5b840d.txt
2025-04-26 03:44:06,869 - CloudStorage - INFO - Successfully stored metadata for https://stackoverflowteams.com/users/login/?utm_source=so-owned&utm_medium=referral&utm_campaign=teams-nav-link at s3://web-crawler-data-storage/metadata/2025/04/26/aadefc199a0e15bd9bbf48969d5b840d.json
2025-04-26 03:44:07,835 - CloudStorage - INFO - Successfully stored raw HTML for https://az.wikipedia.org/wiki/Vikipediya_mobil_t%C9%99tbiql%C9%99rinin_siyah%C4%B1s%C4%B1 at s3://web-crawler-data-storage/raw_html/2025/04/26/4e4383666f271d6d881d5877a20ae938.html
2025-04-26 03:44:08,146 - CloudStorage - INFO - Successfully stored processed text for https://az.wikipedia.org/wiki/Vikipediya_mobil_t%C9%99tbiql%C9%99rinin_siyah%C4%B1s%C4%B1 at s3://web-crawler-data-storage/processed_text/2025/04/26/4e4383666f271d6d881d5877a20ae938.txt
2025-04-26 03:44:08,457 - CloudStorage - INFO - Successfully stored metadata for https://az.wikipedia.org/wiki/Vikipediya_mobil_t%C9%99tbiql%C9%99rinin_siyah%C4%B1s%C4%B1 at s3://web-crawler-data-storage/metadata/2025/04/26/4e4383666f271d6d881d5877a20ae938.json
2025-04-26 03:44:12,947 - CloudStorage - INFO - Successfully stored raw HTML for https://stackoverflow.co/teams/resources/faq/ at s3://web-crawler-data-storage/raw_html/2025/04/26/434ca2decaaee538b676e8d63e57ed02.html
2025-04-26 03:44:13,283 - CloudStorage - INFO - Successfully stored processed text for https://stackoverflow.co/teams/resources/faq/ at s3://web-crawler-data-storage/processed_text/2025/04/26/434ca2decaaee538b676e8d63e57ed02.txt
2025-04-26 03:44:13,608 - CloudStorage - INFO - Successfully stored metadata for https://stackoverflow.co/teams/resources/faq/ at s3://web-crawler-data-storage/metadata/2025/04/26/434ca2decaaee538b676e8d63e57ed02.json
2025-04-26 03:44:14,865 - CloudStorage - INFO - Successfully stored raw HTML for https://donate.wikimedia.org/?wmf_source=donate&wmf_medium=sidebar&wmf_campaign=bn.wikipedia.org&uselang=en at s3://web-crawler-data-storage/raw_html/2025/04/26/7fca22b48917b4125fbee5e7e57d65e0.html
2025-04-26 03:44:15,175 - CloudStorage - INFO - Successfully stored processed text for https://donate.wikimedia.org/?wmf_source=donate&wmf_medium=sidebar&wmf_campaign=bn.wikipedia.org&uselang=en at s3://web-crawler-data-storage/processed_text/2025/04/26/7fca22b48917b4125fbee5e7e57d65e0.txt
2025-04-26 03:44:15,479 - CloudStorage - INFO - Successfully stored metadata for https://donate.wikimedia.org/?wmf_source=donate&wmf_medium=sidebar&wmf_campaign=bn.wikipedia.org&uselang=en at s3://web-crawler-data-storage/metadata/2025/04/26/7fca22b48917b4125fbee5e7e57d65e0.json
2025-04-26 03:44:19,866 - CloudStorage - INFO - Successfully stored raw HTML for https://play.google.com/store/apps/details?id=org.wikipedia&referrer=utm_source%3Dportal%26utm_medium%3Dbutton%26anid%3Dadmob at s3://web-crawler-data-storage/raw_html/2025/04/26/999ec284cceaef3b439da23caa40004f.html
2025-04-26 03:44:20,199 - CloudStorage - INFO - Successfully stored processed text for https://play.google.com/store/apps/details?id=org.wikipedia&referrer=utm_source%3Dportal%26utm_medium%3Dbutton%26anid%3Dadmob at s3://web-crawler-data-storage/processed_text/2025/04/26/999ec284cceaef3b439da23caa40004f.txt
2025-04-26 03:44:20,622 - CloudStorage - INFO - Successfully stored metadata for https://play.google.com/store/apps/details?id=org.wikipedia&referrer=utm_source%3Dportal%26utm_medium%3Dbutton%26anid%3Dadmob at s3://web-crawler-data-storage/metadata/2025/04/26/999ec284cceaef3b439da23caa40004f.json
2025-04-26 03:44:21,516 - CloudStorage - INFO - Successfully stored raw HTML for https://dailyboulder.com/ice-can-now-enter-your-home-without-a-warrant-to-find-migrants-doj-memo-says/ at s3://web-crawler-data-storage/raw_html/2025/04/26/ad39b7851a08a0149a834c8472647443.html
2025-04-26 03:44:21,833 - CloudStorage - INFO - Successfully stored processed text for https://dailyboulder.com/ice-can-now-enter-your-home-without-a-warrant-to-find-migrants-doj-memo-says/ at s3://web-crawler-data-storage/processed_text/2025/04/26/ad39b7851a08a0149a834c8472647443.txt
2025-04-26 03:44:22,161 - CloudStorage - INFO - Successfully stored metadata for https://dailyboulder.com/ice-can-now-enter-your-home-without-a-warrant-to-find-migrants-doj-memo-says/ at s3://web-crawler-data-storage/metadata/2025/04/26/ad39b7851a08a0149a834c8472647443.json
2025-04-26 03:44:23,061 - CloudStorage - INFO - Successfully stored raw HTML for https://cs.wikipedia.org/wiki/Seznam_mobiln%C3%ADch_aplikac%C3%AD_Wikipedie at s3://web-crawler-data-storage/raw_html/2025/04/26/79ae30ff97ff6e1e814e1b144589a899.html
2025-04-26 03:44:23,490 - CloudStorage - INFO - Successfully stored processed text for https://cs.wikipedia.org/wiki/Seznam_mobiln%C3%ADch_aplikac%C3%AD_Wikipedie at s3://web-crawler-data-storage/processed_text/2025/04/26/79ae30ff97ff6e1e814e1b144589a899.txt
2025-04-26 03:44:24,011 - CloudStorage - INFO - Successfully stored metadata for https://cs.wikipedia.org/wiki/Seznam_mobiln%C3%ADch_aplikac%C3%AD_Wikipedie at s3://web-crawler-data-storage/metadata/2025/04/26/79ae30ff97ff6e1e814e1b144589a899.json
2025-04-26 03:44:27,532 - CloudStorage - INFO - Successfully stored raw HTML for https://itunes.apple.com/app/apple-store/id324715238?pt=208305&ct=portal&mt=8 at s3://web-crawler-data-storage/raw_html/2025/04/26/4ab61f2e1910f4ba05089d1f2e2e5e61.html
2025-04-26 03:44:27,870 - CloudStorage - INFO - Successfully stored processed text for https://itunes.apple.com/app/apple-store/id324715238?pt=208305&ct=portal&mt=8 at s3://web-crawler-data-storage/processed_text/2025/04/26/4ab61f2e1910f4ba05089d1f2e2e5e61.txt
2025-04-26 03:44:28,272 - CloudStorage - INFO - Successfully stored metadata for https://itunes.apple.com/app/apple-store/id324715238?pt=208305&ct=portal&mt=8 at s3://web-crawler-data-storage/metadata/2025/04/26/4ab61f2e1910f4ba05089d1f2e2e5e61.json
2025-04-26 03:44:29,400 - CloudStorage - INFO - Successfully stored raw HTML for https://psfmember.org/civicrm/contribute/transact?reset=1&id=2 at s3://web-crawler-data-storage/raw_html/2025/04/26/618bfe50d3538b5c56fc1f83e629ea52.html
2025-04-26 03:44:29,719 - CloudStorage - INFO - Successfully stored processed text for https://psfmember.org/civicrm/contribute/transact?reset=1&id=2 at s3://web-crawler-data-storage/processed_text/2025/04/26/618bfe50d3538b5c56fc1f83e629ea52.txt
2025-04-26 03:44:30,035 - CloudStorage - INFO - Successfully stored metadata for https://psfmember.org/civicrm/contribute/transact?reset=1&id=2 at s3://web-crawler-data-storage/metadata/2025/04/26/618bfe50d3538b5c56fc1f83e629ea52.json
2025-04-26 03:44:31,531 - CloudStorage - INFO - Successfully stored raw HTML for https://github.com/features/actions at s3://web-crawler-data-storage/raw_html/2025/04/26/d7af0858294d18fa9f4dc16984f9a98d.html
2025-04-26 03:44:31,856 - CloudStorage - INFO - Successfully stored processed text for https://github.com/features/actions at s3://web-crawler-data-storage/processed_text/2025/04/26/d7af0858294d18fa9f4dc16984f9a98d.txt
2025-04-26 03:44:32,169 - CloudStorage - INFO - Successfully stored metadata for https://github.com/features/actions at s3://web-crawler-data-storage/metadata/2025/04/26/d7af0858294d18fa9f4dc16984f9a98d.json
2025-04-26 03:44:34,021 - CloudStorage - INFO - Successfully stored raw HTML for https://github.com/features/codespaces at s3://web-crawler-data-storage/raw_html/2025/04/26/9b0feeb833799d4ed2b4e16427b7032e.html
2025-04-26 03:44:34,341 - CloudStorage - INFO - Successfully stored processed text for https://github.com/features/codespaces at s3://web-crawler-data-storage/processed_text/2025/04/26/9b0feeb833799d4ed2b4e16427b7032e.txt
2025-04-26 03:44:34,753 - CloudStorage - INFO - Successfully stored metadata for https://github.com/features/codespaces at s3://web-crawler-data-storage/metadata/2025/04/26/9b0feeb833799d4ed2b4e16427b7032e.json
2025-04-26 03:44:35,649 - CloudStorage - INFO - Successfully stored raw HTML for https://donate.wikimedia.org/?wmf_source=donate&wmf_medium=sidebar&wmf_campaign=en.wikipedia.org&uselang=en at s3://web-crawler-data-storage/raw_html/2025/04/26/df0bec8166a42928684fcc3ce6494afe.html
2025-04-26 03:44:35,977 - CloudStorage - INFO - Successfully stored processed text for https://donate.wikimedia.org/?wmf_source=donate&wmf_medium=sidebar&wmf_campaign=en.wikipedia.org&uselang=en at s3://web-crawler-data-storage/processed_text/2025/04/26/df0bec8166a42928684fcc3ce6494afe.txt
2025-04-26 03:44:36,340 - CloudStorage - INFO - Successfully stored metadata for https://donate.wikimedia.org/?wmf_source=donate&wmf_medium=sidebar&wmf_campaign=en.wikipedia.org&uselang=en at s3://web-crawler-data-storage/metadata/2025/04/26/df0bec8166a42928684fcc3ce6494afe.json
2025-04-26 03:44:38,936 - CloudStorage - INFO - Successfully stored raw HTML for https://stackoverflow.co/ at s3://web-crawler-data-storage/raw_html/2025/04/26/32361ce2db14c646f12d4a86a0018736.html
2025-04-26 03:44:39,265 - CloudStorage - INFO - Successfully stored processed text for https://stackoverflow.co/ at s3://web-crawler-data-storage/processed_text/2025/04/26/32361ce2db14c646f12d4a86a0018736.txt
2025-04-26 03:44:39,577 - CloudStorage - INFO - Successfully stored metadata for https://stackoverflow.co/ at s3://web-crawler-data-storage/metadata/2025/04/26/32361ce2db14c646f12d4a86a0018736.json
2025-04-26 03:44:41,514 - CloudStorage - INFO - Successfully stored raw HTML for https://www.redditinc.com/policies/content-policy at s3://web-crawler-data-storage/raw_html/2025/04/26/dd55afbca761c77b67276348ec41dad2.html
2025-04-26 03:44:41,873 - CloudStorage - INFO - Successfully stored processed text for https://www.redditinc.com/policies/content-policy at s3://web-crawler-data-storage/processed_text/2025/04/26/dd55afbca761c77b67276348ec41dad2.txt
2025-04-26 03:44:42,236 - CloudStorage - INFO - Successfully stored metadata for https://www.redditinc.com/policies/content-policy at s3://web-crawler-data-storage/metadata/2025/04/26/dd55afbca761c77b67276348ec41dad2.json
2025-04-26 03:44:42,851 - CloudStorage - INFO - Successfully stored raw HTML for https://docs.python.org at s3://web-crawler-data-storage/raw_html/2025/04/26/ab87040aecf47a23a07dc06153094d21.html
2025-04-26 03:44:43,218 - CloudStorage - INFO - Successfully stored processed text for https://docs.python.org at s3://web-crawler-data-storage/processed_text/2025/04/26/ab87040aecf47a23a07dc06153094d21.txt
2025-04-26 03:44:43,527 - CloudStorage - INFO - Successfully stored metadata for https://docs.python.org at s3://web-crawler-data-storage/metadata/2025/04/26/ab87040aecf47a23a07dc06153094d21.json
2025-04-26 03:44:45,398 - CloudStorage - INFO - Successfully stored raw HTML for https://stackoverflow.co/teams/resources/ at s3://web-crawler-data-storage/raw_html/2025/04/26/a883f02ae48dcb106cc7882e66ebf64f.html
2025-04-26 03:44:45,746 - CloudStorage - INFO - Successfully stored processed text for https://stackoverflow.co/teams/resources/ at s3://web-crawler-data-storage/processed_text/2025/04/26/a883f02ae48dcb106cc7882e66ebf64f.txt
2025-04-26 03:44:46,066 - CloudStorage - INFO - Successfully stored metadata for https://stackoverflow.co/teams/resources/ at s3://web-crawler-data-storage/metadata/2025/04/26/a883f02ae48dcb106cc7882e66ebf64f.json
2025-04-26 03:44:47,752 - CloudStorage - INFO - Successfully stored raw HTML for https://stackoverflow.co/company/social-impact/ at s3://web-crawler-data-storage/raw_html/2025/04/26/274fc191b5622bd5846beae271ca0be3.html
2025-04-26 03:44:48,173 - CloudStorage - INFO - Successfully stored processed text for https://stackoverflow.co/company/social-impact/ at s3://web-crawler-data-storage/processed_text/2025/04/26/274fc191b5622bd5846beae271ca0be3.txt
2025-04-26 03:44:48,696 - CloudStorage - INFO - Successfully stored metadata for https://stackoverflow.co/company/social-impact/ at s3://web-crawler-data-storage/metadata/2025/04/26/274fc191b5622bd5846beae271ca0be3.json
2025-04-26 03:44:52,349 - CloudStorage - INFO - Successfully stored raw HTML for https://github.com/features/copilot at s3://web-crawler-data-storage/raw_html/2025/04/26/dba769c840ccac35bd2dae4b74d18025.html
2025-04-26 03:44:52,919 - CloudStorage - INFO - Successfully stored processed text for https://github.com/features/copilot at s3://web-crawler-data-storage/processed_text/2025/04/26/dba769c840ccac35bd2dae4b74d18025.txt
2025-04-26 03:44:53,496 - CloudStorage - INFO - Successfully stored metadata for https://github.com/features/copilot at s3://web-crawler-data-storage/metadata/2025/04/26/dba769c840ccac35bd2dae4b74d18025.json
2025-04-26 03:44:55,619 - CloudStorage - INFO - Successfully stored raw HTML for https://www.reddit.com/login/ at s3://web-crawler-data-storage/raw_html/2025/04/26/686b8a13c276555c1986636287e1b566.html
2025-04-26 03:44:55,932 - CloudStorage - INFO - Successfully stored processed text for https://www.reddit.com/login/ at s3://web-crawler-data-storage/processed_text/2025/04/26/686b8a13c276555c1986636287e1b566.txt
2025-04-26 03:44:56,241 - CloudStorage - INFO - Successfully stored metadata for https://www.reddit.com/login/ at s3://web-crawler-data-storage/metadata/2025/04/26/686b8a13c276555c1986636287e1b566.json
